week_start,sales,series_id,week_end,promo_type
2023-01-02,95.39151150219055,Product_001,2023-01-08,Normal
2023-01-09,106.56549577815431,Product_001,2023-01-15,Normal
2023-01-16,102.80281574116754,Product_001,2023-01-22,Normal
2023-01-23,106.74574457145869,Product_001,2023-01-29,Normal
2023-01-30,113.01224527878406,Product_001,2023-02-05,Normal
2023-02-06,116.74436921846528,Product_001,2023-02-12,Normal
2023-02-13,105.13248906791522,Product_001,2023-02-19,Normal
2023-02-20,120.8129679605314,Product_001,2023-02-26,Normal
2023-02-27,130.62287861841182,Product_001,2023-03-05,Normal
2023-03-06,123.28417155188994,Product_001,2023-03-12,Normal
2023-03-13,123.55987886396808,Product_001,2023-03-19,Normal
2023-03-20,120.90787170601466,Product_001,2023-03-26,Normal
2023-03-27,123.01213411520506,Product_001,2023-04-02,Normal
2023-04-03,128.64197285233607,Product_001,2023-04-09,Normal
2023-04-10,133.19564475226878,Product_001,2023-04-16,Normal
2023-04-17,131.46123829548253,Product_001,2023-04-23,Normal
2023-04-24,127.573940939916,Product_001,2023-04-30,Normal
2023-05-01,131.52475024936663,Product_001,2023-05-07,Normal
2023-05-08,131.22731574786266,Product_001,2023-05-14,Normal
2023-05-15,129.48081833244035,Product_001,2023-05-21,BOGO
2023-05-22,248.9045872870317,Product_001,2023-05-28,BOGO
2023-05-29,123.13907412512118,Product_001,2023-06-04,Memorial Day
2023-06-05,117.32548965092757,Product_001,2023-06-11,Normal
2023-06-12,121.88589907023112,Product_001,2023-06-18,Normal
2023-06-19,117.33501262659406,Product_001,2023-06-25,Normal
2023-06-26,109.95291423567733,Product_001,2023-07-02,Normal
2023-07-03,105.79697398446628,Product_001,2023-07-09,Normal
2023-07-10,109.4336892192562,Product_001,2023-07-16,Normal
2023-07-17,109.4629310648184,Product_001,2023-07-23,Normal
2023-07-24,95.9419298004428,Product_001,2023-07-30,Normal
2023-07-31,4.926331602989078,Product_001,2023-08-06,Normal
2023-08-07,97.24905105587337,Product_001,2023-08-13,Normal
2023-08-14,97.5986650867708,Product_001,2023-08-20,Normal
2023-08-21,87.96037403252143,Product_001,2023-08-27,Normal
2023-08-28,96.85377967889356,Product_001,2023-09-03,Normal
2023-09-04,97.20199244421856,Product_001,2023-09-10,Normal
2023-09-11,92.00434962129656,Product_001,2023-09-17,Normal
2023-09-18,89.05940014676553,Product_001,2023-09-24,Normal
2023-09-25,98.32814396288896,Product_001,2023-10-01,Normal
2023-10-02,91.89400049961476,Product_001,2023-10-08,Normal
2023-10-09,88.04931613170041,Product_001,2023-10-15,Normal
2023-10-16,94.9313059381942,Product_001,2023-10-22,Normal
2023-10-23,101.01099374058896,Product_001,2023-10-29,Normal
2023-10-30,98.50050899415484,Product_001,2023-11-05,Normal
2023-11-06,104.22345646382286,Product_001,2023-11-12,Normal
2023-11-13,105.05365345550516,Product_001,2023-11-19,Normal
2023-11-20,426.9864141069589,Product_001,2023-11-26,Black Friday
2023-11-27,400.7929066424955,Product_001,2023-12-03,Normal
2023-12-04,105.9504667515833,Product_001,2023-12-10,Normal
2023-12-11,115.10493003785972,Product_001,2023-12-17,Normal
2023-12-18,116.0054011317671,Product_001,2023-12-24,Normal
2023-12-25,127.40099536357071,Product_001,2023-12-31,Normal
2024-01-01,126.46124738470436,Product_001,2024-01-07,Normal
2024-01-08,128.6473943473475,Product_001,2024-01-14,Normal
2024-01-15,128.30476294457392,Product_001,2024-01-21,Normal
2024-01-22,135.8598771460852,Product_001,2024-01-28,Normal
2024-01-29,135.09627953492802,Product_001,2024-02-04,Normal
2024-02-05,135.64087478313118,Product_001,2024-02-11,Normal
2024-02-12,141.75947187904794,Product_001,2024-02-18,Normal
2024-02-19,146.38954950698556,Product_001,2024-02-25,Normal
2024-02-26,149.05556960979808,Product_001,2024-03-03,Normal
2024-03-04,154.48697494097968,Product_001,2024-03-10,Normal
2024-03-11,154.5121833810195,Product_001,2024-03-17,Normal
2024-03-18,157.34787304638468,Product_001,2024-03-24,Normal
2024-03-25,151.28743340609478,Product_001,2024-03-31,Normal
2024-04-01,155.57806186345857,Product_001,2024-04-07,Normal
2024-04-08,148.42489112724633,Product_001,2024-04-14,Normal
2024-04-15,158.0280902267522,Product_001,2024-04-21,Normal
2024-04-22,157.68655967680456,Product_001,2024-04-28,Normal
2024-04-29,146.523090581479,Product_001,2024-05-05,BOGO
2024-05-06,342.8861511496621,Product_001,2024-05-12,BOGO
2024-05-13,149.50028157056502,Product_001,2024-05-19,Normal
2024-05-20,148.26077196323686,Product_001,2024-05-26,Normal
2024-05-27,148.56578816063265,Product_001,2024-06-02,Memorial Day
2024-06-03,147.17772491121298,Product_001,2024-06-09,Normal
2024-06-10,150.40836105081382,Product_001,2024-06-16,Normal
2024-06-17,139.27181296242003,Product_001,2024-06-23,Normal
2024-06-24,136.83944526108033,Product_001,2024-06-30,Normal
2024-07-01,128.59297270256496,Product_001,2024-07-07,Normal
2024-07-08,134.45316578614288,Product_001,2024-07-14,Normal
2024-07-15,128.99119220812815,Product_001,2024-07-21,Normal
2024-07-22,134.9735967298124,Product_001,2024-07-28,Normal
2024-07-29,123.7138488787126,Product_001,2024-08-04,Normal
2024-08-05,124.3249958962461,Product_001,2024-08-11,Disc_50
2024-08-12,127.03441634321156,Product_001,2024-08-18,Disc_50
2024-08-19,713.0460940935333,Product_001,2024-08-25,Normal
2024-08-26,112.6571557252795,Product_001,2024-09-01,Normal
2024-09-02,115.34050433639,Product_001,2024-09-08,Normal
2024-09-09,120.70178300168358,Product_001,2024-09-15,Normal
2024-09-16,120.67108190952032,Product_001,2024-09-22,Normal
2024-09-23,106.93653213950334,Product_001,2024-09-29,Normal
2024-09-30,127.76563349815436,Product_001,2024-10-06,Normal
2024-10-07,125.54124722891504,Product_001,2024-10-13,Normal
2024-10-14,117.41000063902804,Product_001,2024-10-20,Normal
2024-10-21,121.71580551314568,Product_001,2024-10-27,Normal
2024-10-28,124.44306911201126,Product_001,2024-11-03,Normal
2024-11-04,125.3654428998632,Product_001,2024-11-10,Normal
2024-11-11,131.55886300112985,Product_001,2024-11-17,Normal
2024-11-18,506.93485018737175,Product_001,2024-11-24,Normal
2024-11-25,517.635418100188,Product_001,2024-12-01,Black Friday
2024-12-02,137.04790501499934,Product_001,2024-12-08,Normal
2024-12-09,144.3849499552339,Product_001,2024-12-15,Normal
2024-12-16,140.9507319372629,Product_001,2024-12-22,Normal
2024-12-23,155.16832794067028,Product_001,2024-12-29,Normal
2024-12-30,152.56404871115478,Product_001,2025-01-05,Normal
2023-01-02,108.09715256669844,Product_002,2023-01-08,Normal
2023-01-09,107.98459018754616,Product_002,2023-01-15,Normal
2023-01-16,111.65223024579252,Product_002,2023-01-22,Normal
2023-01-23,120.63195004956252,Product_002,2023-01-29,Normal
2023-01-30,120.26365227558526,Product_002,2023-02-05,Normal
2023-02-06,125.6270327762673,Product_002,2023-02-12,Normal
2023-02-13,127.00543027565055,Product_002,2023-02-19,Normal
2023-02-20,124.3391938251083,Product_002,2023-02-26,Normal
2023-02-27,127.91982423695131,Product_002,2023-03-05,Normal
2023-03-06,131.50713000185547,Product_002,2023-03-12,Normal
2023-03-13,130.41783168545308,Product_002,2023-03-19,Normal
2023-03-20,134.66032190269553,Product_002,2023-03-26,Normal
2023-03-27,131.2468139967867,Product_002,2023-04-02,Normal
2023-04-03,136.02119917961565,Product_002,2023-04-09,Normal
2023-04-10,134.03376683063047,Product_002,2023-04-16,Normal
2023-04-17,137.01538082764387,Product_002,2023-04-23,Normal
2023-04-24,135.710247159219,Product_002,2023-04-30,Normal
2023-05-01,137.63455556271617,Product_002,2023-05-07,Normal
2023-05-08,134.33373097242352,Product_002,2023-05-14,Normal
2023-05-15,133.06677802599904,Product_002,2023-05-21,BOGO
2023-05-22,267.2651822326232,Product_002,2023-05-28,BOGO
2023-05-29,136.5967789512669,Product_002,2023-06-04,Memorial Day
2023-06-05,131.06284341044795,Product_002,2023-06-11,Normal
2023-06-12,129.2236116932874,Product_002,2023-06-18,Normal
2023-06-19,123.41022909607648,Product_002,2023-06-25,Normal
2023-06-26,124.69721686284124,Product_002,2023-07-02,Normal
2023-07-03,114.83206925246832,Product_002,2023-07-09,Normal
2023-07-10,109.3819939660966,Product_002,2023-07-16,Normal
2023-07-17,114.6141220115778,Product_002,2023-07-23,Normal
2023-07-24,111.15323377915156,Product_002,2023-07-30,Normal
2023-07-31,5.14868499629738,Product_002,2023-08-06,Normal
2023-08-07,106.56796072147364,Product_002,2023-08-13,Normal
2023-08-14,106.11653959051704,Product_002,2023-08-20,Normal
2023-08-21,102.07140570223444,Product_002,2023-08-27,Normal
2023-08-28,105.00172443099208,Product_002,2023-09-03,Normal
2023-09-04,88.32966022106334,Product_002,2023-09-10,Normal
2023-09-11,99.21020236951844,Product_002,2023-09-17,Normal
2023-09-18,100.40891254116367,Product_002,2023-09-24,Normal
2023-09-25,99.9982094152936,Product_002,2023-10-01,Normal
2023-10-02,107.17421009881627,Product_002,2023-10-08,Normal
2023-10-09,99.35528221396162,Product_002,2023-10-15,Normal
2023-10-16,100.53425420894034,Product_002,2023-10-22,Normal
2023-10-23,97.05811442697484,Product_002,2023-10-29,Normal
2023-10-30,106.41158179411808,Product_002,2023-11-05,Normal
2023-11-06,103.17123467055636,Product_002,2023-11-12,Normal
2023-11-13,106.07750396446276,Product_002,2023-11-19,Normal
2023-11-20,437.3053168500543,Product_002,2023-11-26,Black Friday
2023-11-27,440.81204424451704,Product_002,2023-12-03,Normal
2023-12-04,117.34794770657,Product_002,2023-12-10,Normal
2023-12-11,116.15322513125685,Product_002,2023-12-17,Normal
2023-12-18,128.74836993023533,Product_002,2023-12-24,Normal
2023-12-25,125.69836017997297,Product_002,2023-12-31,Normal
2024-01-01,129.40707636666477,Product_002,2024-01-07,Normal
2024-01-08,134.35263577369034,Product_002,2024-01-14,Normal
2024-01-15,135.54866581471936,Product_002,2024-01-21,Normal
2024-01-22,141.1418537190035,Product_002,2024-01-28,Normal
2024-01-29,136.5933037493081,Product_002,2024-02-04,Normal
2024-02-05,140.20452027067893,Product_002,2024-02-11,Normal
2024-02-12,151.0489287107667,Product_002,2024-02-18,Normal
2024-02-19,145.07057820717813,Product_002,2024-02-25,Normal
2024-02-26,155.67827125546813,Product_002,2024-03-03,Normal
2024-03-04,151.95569250613167,Product_002,2024-03-10,Normal
2024-03-11,154.42329740858304,Product_002,2024-03-17,Normal
2024-03-18,156.70733395632092,Product_002,2024-03-24,Normal
2024-03-25,158.17622925927958,Product_002,2024-03-31,Normal
2024-04-01,165.0399103579555,Product_002,2024-04-07,Normal
2024-04-08,156.3915376161704,Product_002,2024-04-14,Normal
2024-04-15,163.84903892765624,Product_002,2024-04-21,Normal
2024-04-22,159.2602388287488,Product_002,2024-04-28,Normal
2024-04-29,157.83134367529232,Product_002,2024-05-05,BOGO
2024-05-06,326.31507413581875,Product_002,2024-05-12,BOGO
2024-05-13,162.64517322208698,Product_002,2024-05-19,Normal
2024-05-20,154.30517170110306,Product_002,2024-05-26,Normal
2024-05-27,149.66258800511497,Product_002,2024-06-02,Memorial Day
2024-06-03,148.60652970357745,Product_002,2024-06-09,Normal
2024-06-10,139.8598624265315,Product_002,2024-06-16,Normal
2024-06-17,146.6728011091936,Product_002,2024-06-23,Normal
2024-06-24,140.01775608537292,Product_002,2024-06-30,Normal
2024-07-01,138.5573849333225,Product_002,2024-07-07,Normal
2024-07-08,134.85954188457256,Product_002,2024-07-14,Normal
2024-07-15,131.71091114321678,Product_002,2024-07-21,Normal
2024-07-22,133.33470398523136,Product_002,2024-07-28,Normal
2024-07-29,125.52557112374218,Product_002,2024-08-04,Normal
2024-08-05,124.97147363704846,Product_002,2024-08-11,Disc_50
2024-08-12,132.6829724651979,Product_002,2024-08-18,Disc_50
2024-08-19,718.2780404964055,Product_002,2024-08-25,Normal
2024-08-26,124.7478337307293,Product_002,2024-09-01,Normal
2024-09-02,127.89016196264942,Product_002,2024-09-08,Normal
2024-09-09,117.4855128800535,Product_002,2024-09-15,Normal
2024-09-16,117.72271681085444,Product_002,2024-09-22,Normal
2024-09-23,123.94814149690842,Product_002,2024-09-29,Normal
2024-09-30,123.29602012615376,Product_002,2024-10-06,Normal
2024-10-07,121.4226784318365,Product_002,2024-10-13,Normal
2024-10-14,122.21773711251964,Product_002,2024-10-20,Normal
2024-10-21,119.60193742213104,Product_002,2024-10-27,Normal
2024-10-28,124.29367277194714,Product_002,2024-11-03,Normal
2024-11-04,127.80015675912752,Product_002,2024-11-10,Normal
2024-11-11,125.4931789610279,Product_002,2024-11-17,Normal
2024-11-18,526.9992068967927,Product_002,2024-11-24,Normal
2024-11-25,552.1668192408047,Product_002,2024-12-01,Black Friday
2024-12-02,131.8180662948043,Product_002,2024-12-08,Normal
2024-12-09,140.93538627410496,Product_002,2024-12-15,Normal
2024-12-16,142.31797053709215,Product_002,2024-12-22,Normal
2024-12-23,152.1949912617924,Product_002,2024-12-29,Normal
2024-12-30,147.45765904977463,Product_002,2025-01-05,Normal
2023-01-02,115.0278015043636,Product_003,2023-01-08,Normal
2023-01-09,118.73330816857404,Product_003,2023-01-15,Normal
2023-01-16,120.82565270181348,Product_003,2023-01-22,Normal
2023-01-23,130.78141336286407,Product_003,2023-01-29,Normal
2023-01-30,134.78871931947413,Product_003,2023-02-05,Normal
2023-02-06,127.31798173641914,Product_003,2023-02-12,Normal
2023-02-13,139.05298454799097,Product_003,2023-02-19,Normal
2023-02-20,133.34701803815042,Product_003,2023-02-26,Normal
2023-02-27,140.74545181517294,Product_003,2023-03-05,Normal
2023-03-06,145.1581285085074,Product_003,2023-03-12,Normal
2023-03-13,135.76467278410323,Product_003,2023-03-19,Normal
2023-03-20,150.7721971692488,Product_003,2023-03-26,Normal
2023-03-27,151.27557754071825,Product_003,2023-04-02,Normal
2023-04-03,141.86952805780524,Product_003,2023-04-09,Normal
2023-04-10,143.29773046753857,Product_003,2023-04-16,Normal
2023-04-17,144.46426111915744,Product_003,2023-04-23,Normal
2023-04-24,141.6085966808711,Product_003,2023-04-30,Normal
2023-05-01,147.997518855848,Product_003,2023-05-07,Normal
2023-05-08,146.4275257292192,Product_003,2023-05-14,Normal
2023-05-15,140.55238888435272,Product_003,2023-05-21,BOGO
2023-05-22,273.9290644368158,Product_003,2023-05-28,BOGO
2023-05-29,142.58055328890455,Product_003,2023-06-04,Memorial Day
2023-06-05,132.39828034688293,Product_003,2023-06-11,Normal
2023-06-12,124.99236778512986,Product_003,2023-06-18,Normal
2023-06-19,131.47668823502065,Product_003,2023-06-25,Normal
2023-06-26,129.70402920042014,Product_003,2023-07-02,Normal
2023-07-03,117.09174497443956,Product_003,2023-07-09,Normal
2023-07-10,119.43653834344076,Product_003,2023-07-16,Normal
2023-07-17,118.82953347379508,Product_003,2023-07-23,Normal
2023-07-24,120.24115839429793,Product_003,2023-07-30,Normal
2023-07-31,5.551326177519895,Product_003,2023-08-06,Normal
2023-08-07,104.76152138575011,Product_003,2023-08-13,Normal
2023-08-14,114.45767803776924,Product_003,2023-08-20,Normal
2023-08-21,110.2470461528275,Product_003,2023-08-27,Normal
2023-08-28,103.5196035315168,Product_003,2023-09-03,Normal
2023-09-04,105.81127748489214,Product_003,2023-09-10,Normal
2023-09-11,108.48765937779268,Product_003,2023-09-17,Normal
2023-09-18,105.6828325587245,Product_003,2023-09-24,Normal
2023-09-25,100.97820740837238,Product_003,2023-10-01,Normal
2023-10-02,105.21965254655072,Product_003,2023-10-08,Normal
2023-10-09,104.82163801644936,Product_003,2023-10-15,Normal
2023-10-16,96.49507978092664,Product_003,2023-10-22,Normal
2023-10-23,109.44579510170573,Product_003,2023-10-29,Normal
2023-10-30,106.54520622280673,Product_003,2023-11-05,Normal
2023-11-06,108.46708838584216,Product_003,2023-11-12,Normal
2023-11-13,113.02842412663225,Product_003,2023-11-19,Normal
2023-11-20,467.3409553890445,Product_003,2023-11-26,Black Friday
2023-11-27,487.9583802431645,Product_003,2023-12-03,Normal
2023-12-04,118.6297552369192,Product_003,2023-12-10,Normal
2023-12-11,127.48040547957343,Product_003,2023-12-17,Normal
2023-12-18,115.29076795780432,Product_003,2023-12-24,Normal
2023-12-25,125.9329487111436,Product_003,2023-12-31,Normal
2024-01-01,129.0057335326237,Product_003,2024-01-07,Normal
2024-01-08,135.19913603550202,Product_003,2024-01-14,Normal
2024-01-15,147.3068721724232,Product_003,2024-01-21,Normal
2024-01-22,146.7581483534948,Product_003,2024-01-28,Normal
2024-01-29,144.73754029959932,Product_003,2024-02-04,Normal
2024-02-05,144.56261345075586,Product_003,2024-02-11,Normal
2024-02-12,155.24729290786482,Product_003,2024-02-18,Normal
2024-02-19,152.67222135672577,Product_003,2024-02-25,Normal
2024-02-26,156.41900832724525,Product_003,2024-03-03,Normal
2024-03-04,158.8882371004329,Product_003,2024-03-10,Normal
2024-03-11,159.50625214217948,Product_003,2024-03-17,Normal
2024-03-18,168.74866639870854,Product_003,2024-03-24,Normal
2024-03-25,172.04823396540615,Product_003,2024-03-31,Normal
2024-04-01,167.43199223543365,Product_003,2024-04-07,Normal
2024-04-08,167.8604597180983,Product_003,2024-04-14,Normal
2024-04-15,164.19699651368109,Product_003,2024-04-21,Normal
2024-04-22,161.46676090651306,Product_003,2024-04-28,Normal
2024-04-29,158.7847075225606,Product_003,2024-05-05,BOGO
2024-05-06,342.866243508772,Product_003,2024-05-12,BOGO
2024-05-13,159.07414172099652,Product_003,2024-05-19,Normal
2024-05-20,157.6189155753401,Product_003,2024-05-26,Normal
2024-05-27,149.8353090072243,Product_003,2024-06-02,Memorial Day
2024-06-03,149.91736632357083,Product_003,2024-06-09,Normal
2024-06-10,144.91830064367653,Product_003,2024-06-16,Normal
2024-06-17,144.59913753770303,Product_003,2024-06-23,Normal
2024-06-24,144.52821328341577,Product_003,2024-06-30,Normal
2024-07-01,138.51333774953284,Product_003,2024-07-07,Normal
2024-07-08,143.29610916103994,Product_003,2024-07-14,Normal
2024-07-15,138.15170306303344,Product_003,2024-07-21,Normal
2024-07-22,135.04435824008726,Product_003,2024-07-28,Normal
2024-07-29,126.66417592339572,Product_003,2024-08-04,Normal
2024-08-05,134.83325807580778,Product_003,2024-08-11,Disc_50
2024-08-12,128.67034515565985,Product_003,2024-08-18,Disc_50
2024-08-19,721.2210942756366,Product_003,2024-08-25,Normal
2024-08-26,124.22213449446195,Product_003,2024-09-01,Normal
2024-09-02,118.04562500109508,Product_003,2024-09-08,Normal
2024-09-09,125.8538553751644,Product_003,2024-09-15,Normal
2024-09-16,121.75705306255855,Product_003,2024-09-22,Normal
2024-09-23,122.33038337072338,Product_003,2024-09-29,Normal
2024-09-30,124.8249184465618,Product_003,2024-10-06,Normal
2024-10-07,118.81265530760226,Product_003,2024-10-13,Normal
2024-10-14,122.7760911871374,Product_003,2024-10-20,Normal
2024-10-21,126.90026114345964,Product_003,2024-10-27,Normal
2024-10-28,125.25979525760704,Product_003,2024-11-03,Normal
2024-11-04,134.27051140515704,Product_003,2024-11-10,Normal
2024-11-11,131.14794668676424,Product_003,2024-11-17,Normal
2024-11-18,525.6146339861529,Product_003,2024-11-24,Normal
2024-11-25,512.9771411217624,Product_003,2024-12-01,Black Friday
2024-12-02,139.9007894073999,Product_003,2024-12-08,Normal
2024-12-09,139.59240645182263,Product_003,2024-12-15,Normal
2024-12-16,132.23933898378604,Product_003,2024-12-22,Normal
2024-12-23,147.94995817451985,Product_003,2024-12-29,Normal
2024-12-30,149.39841215183463,Product_003,2025-01-05,Normal
2023-01-02,108.47264388303716,Product_004,2023-01-08,Normal
2023-01-09,105.02200529098332,Product_004,2023-01-15,Normal
2023-01-16,110.92803747474235,Product_004,2023-01-22,Normal
2023-01-23,118.16692820013802,Product_004,2023-01-29,Normal
2023-01-30,121.98360009278424,Product_004,2023-02-05,Normal
2023-02-06,124.09425545066438,Product_004,2023-02-12,Normal
2023-02-13,128.13817226198546,Product_004,2023-02-19,Normal
2023-02-20,132.05230551483862,Product_004,2023-02-26,Normal
2023-02-27,130.0311308198966,Product_004,2023-03-05,Normal
2023-03-06,132.78261772633894,Product_004,2023-03-12,Normal
2023-03-13,135.23291765207009,Product_004,2023-03-19,Normal
2023-03-20,136.75050438973983,Product_004,2023-03-26,Normal
2023-03-27,135.85696146792935,Product_004,2023-04-02,Normal
2023-04-03,134.30230382014025,Product_004,2023-04-09,Normal
2023-04-10,131.13592942501603,Product_004,2023-04-16,Normal
2023-04-17,128.41243701970535,Product_004,2023-04-23,Normal
2023-04-24,137.43734350210207,Product_004,2023-04-30,Normal
2023-05-01,136.459467014703,Product_004,2023-05-07,Normal
2023-05-08,131.9114740257162,Product_004,2023-05-14,Normal
2023-05-15,133.0488459742216,Product_004,2023-05-21,BOGO
2023-05-22,265.2808852864053,Product_004,2023-05-28,BOGO
2023-05-29,134.16663058217762,Product_004,2023-06-04,Memorial Day
2023-06-05,125.28440342660524,Product_004,2023-06-11,Normal
2023-06-12,124.11609877126033,Product_004,2023-06-18,Normal
2023-06-19,124.87693426053453,Product_004,2023-06-25,Normal
2023-06-26,117.38563272555362,Product_004,2023-07-02,Normal
2023-07-03,116.12848776173676,Product_004,2023-07-09,Normal
2023-07-10,106.09458792740428,Product_004,2023-07-16,Normal
2023-07-17,112.00093709602908,Product_004,2023-07-23,Normal
2023-07-24,103.60971337226376,Product_004,2023-07-30,Normal
2023-07-31,5.111074319034324,Product_004,2023-08-06,Normal
2023-08-07,101.1654533865864,Product_004,2023-08-13,Normal
2023-08-14,106.26921902688194,Product_004,2023-08-20,Normal
2023-08-21,102.59633161706076,Product_004,2023-08-27,Normal
2023-08-28,97.67592828654966,Product_004,2023-09-03,Normal
2023-09-04,93.08038316424349,Product_004,2023-09-10,Normal
2023-09-11,98.04814412540917,Product_004,2023-09-17,Normal
2023-09-18,93.5608210936368,Product_004,2023-09-24,Normal
2023-09-25,94.16498155117266,Product_004,2023-10-01,Normal
2023-10-02,92.24310485174718,Product_004,2023-10-08,Normal
2023-10-09,102.34115784063712,Product_004,2023-10-15,Normal
2023-10-16,94.441817827441,Product_004,2023-10-22,Normal
2023-10-23,101.44632737638604,Product_004,2023-10-29,Normal
2023-10-30,105.28871731037827,Product_004,2023-11-05,Normal
2023-11-06,102.72921943266968,Product_004,2023-11-12,Normal
2023-11-13,104.4893410942616,Product_004,2023-11-19,Normal
2023-11-20,434.631984388917,Product_004,2023-11-26,Black Friday
2023-11-27,439.60386656361845,Product_004,2023-12-03,Normal
2023-12-04,114.15262367201844,Product_004,2023-12-10,Normal
2023-12-11,121.1729689351494,Product_004,2023-12-17,Normal
2023-12-18,122.44767222144938,Product_004,2023-12-24,Normal
2023-12-25,124.4587703779394,Product_004,2023-12-31,Normal
2024-01-01,124.03587597039068,Product_004,2024-01-07,Normal
2024-01-08,140.7477114026201,Product_004,2024-01-14,Normal
2024-01-15,133.05269223781767,Product_004,2024-01-21,Normal
2024-01-22,138.56903842431865,Product_004,2024-01-28,Normal
2024-01-29,141.19052501616378,Product_004,2024-02-04,Normal
2024-02-05,147.4921491205969,Product_004,2024-02-11,Normal
2024-02-12,144.85245062924903,Product_004,2024-02-18,Normal
2024-02-19,148.58354404788767,Product_004,2024-02-25,Normal
2024-02-26,154.43272363679716,Product_004,2024-03-03,Normal
2024-03-04,157.45796048914795,Product_004,2024-03-10,Normal
2024-03-11,151.88649893974306,Product_004,2024-03-17,Normal
2024-03-18,162.05061358705157,Product_004,2024-03-24,Normal
2024-03-25,155.0332958666825,Product_004,2024-03-31,Normal
2024-04-01,156.35388813252834,Product_004,2024-04-07,Normal
2024-04-08,157.84648059901835,Product_004,2024-04-14,Normal
2024-04-15,163.4232645235545,Product_004,2024-04-21,Normal
2024-04-22,168.06540769596634,Product_004,2024-04-28,Normal
2024-04-29,156.8415673920667,Product_004,2024-05-05,BOGO
2024-05-06,338.4796074635267,Product_004,2024-05-12,BOGO
2024-05-13,153.812062693109,Product_004,2024-05-19,Normal
2024-05-20,150.65867461770006,Product_004,2024-05-26,Normal
2024-05-27,156.81950577814015,Product_004,2024-06-02,Memorial Day
2024-06-03,149.60086405948985,Product_004,2024-06-09,Normal
2024-06-10,145.4743975964463,Product_004,2024-06-16,Normal
2024-06-17,141.36951201057542,Product_004,2024-06-23,Normal
2024-06-24,146.38721097718093,Product_004,2024-06-30,Normal
2024-07-01,136.9289730735134,Product_004,2024-07-07,Normal
2024-07-08,139.52559316546785,Product_004,2024-07-14,Normal
2024-07-15,141.08118918943126,Product_004,2024-07-21,Normal
2024-07-22,128.7037689102951,Product_004,2024-07-28,Normal
2024-07-29,136.26472832168406,Product_004,2024-08-04,Normal
2024-08-05,128.42916334377193,Product_004,2024-08-11,Disc_50
2024-08-12,123.1913811968037,Product_004,2024-08-18,Disc_50
2024-08-19,721.3836809179381,Product_004,2024-08-25,Normal
2024-08-26,122.26780200750234,Product_004,2024-09-01,Normal
2024-09-02,115.36233253218876,Product_004,2024-09-08,Normal
2024-09-09,124.01721299643,Product_004,2024-09-15,Normal
2024-09-16,121.19667809728138,Product_004,2024-09-22,Normal
2024-09-23,119.21549754674334,Product_004,2024-09-29,Normal
2024-09-30,110.90813142945368,Product_004,2024-10-06,Normal
2024-10-07,114.78267915357696,Product_004,2024-10-13,Normal
2024-10-14,125.09172716581892,Product_004,2024-10-20,Normal
2024-10-21,133.68955512714874,Product_004,2024-10-27,Normal
2024-10-28,126.02257919317051,Product_004,2024-11-03,Normal
2024-11-04,121.45654364677704,Product_004,2024-11-10,Normal
2024-11-11,129.10016943577406,Product_004,2024-11-17,Normal
2024-11-18,509.5350221346913,Product_004,2024-11-24,Normal
2024-11-25,523.4931557486835,Product_004,2024-12-01,Black Friday
2024-12-02,137.46088972382702,Product_004,2024-12-08,Normal
2024-12-09,140.65423563056328,Product_004,2024-12-15,Normal
2024-12-16,145.4297344486165,Product_004,2024-12-22,Normal
2024-12-23,145.27411888269168,Product_004,2024-12-29,Normal
2024-12-30,150.67464739400774,Product_004,2025-01-05,Normal
2023-01-02,115.46016145323124,Product_005,2023-01-08,Normal
2023-01-09,125.0375438121725,Product_005,2023-01-15,Normal
2023-01-16,124.01946183784112,Product_005,2023-01-22,Normal
2023-01-23,132.2026532864237,Product_005,2023-01-29,Normal
2023-01-30,134.1883704419767,Product_005,2023-02-05,Normal
2023-02-06,132.58321312837444,Product_005,2023-02-12,Normal
2023-02-13,135.1121928688835,Product_005,2023-02-19,Normal
2023-02-20,135.57310194344092,Product_005,2023-02-26,Normal
2023-02-27,145.9012570837078,Product_005,2023-03-05,Normal
2023-03-06,140.18878615605604,Product_005,2023-03-12,Normal
2023-03-13,145.92921260126712,Product_005,2023-03-19,Normal
2023-03-20,140.41506163792897,Product_005,2023-03-26,Normal
2023-03-27,144.5968255416784,Product_005,2023-04-02,Normal
2023-04-03,145.27760655108577,Product_005,2023-04-09,Normal
2023-04-10,149.620269808879,Product_005,2023-04-16,Normal
2023-04-17,148.93964867246672,Product_005,2023-04-23,Normal
2023-04-24,147.70973685678302,Product_005,2023-04-30,Normal
2023-05-01,147.17839661204852,Product_005,2023-05-07,Normal
2023-05-08,141.03203021598125,Product_005,2023-05-14,Normal
2023-05-15,137.95208313600892,Product_005,2023-05-21,BOGO
2023-05-22,285.5563673020023,Product_005,2023-05-28,BOGO
2023-05-29,139.6285698285696,Product_005,2023-06-04,Memorial Day
2023-06-05,142.48845720509848,Product_005,2023-06-11,Normal
2023-06-12,127.44948275979804,Product_005,2023-06-18,Normal
2023-06-19,135.62301830165927,Product_005,2023-06-25,Normal
2023-06-26,129.92448692205363,Product_005,2023-07-02,Normal
2023-07-03,125.72637281454436,Product_005,2023-07-09,Normal
2023-07-10,129.7892523766433,Product_005,2023-07-16,Normal
2023-07-17,121.61846989546068,Product_005,2023-07-23,Normal
2023-07-24,120.97943768877286,Product_005,2023-07-30,Normal
2023-07-31,5.437703749700687,Product_005,2023-08-06,Normal
2023-08-07,117.96715867951094,Product_005,2023-08-13,Normal
2023-08-14,109.9925344605113,Product_005,2023-08-20,Normal
2023-08-21,108.62285521738232,Product_005,2023-08-27,Normal
2023-08-28,105.45767265739808,Product_005,2023-09-03,Normal
2023-09-04,105.97585327903268,Product_005,2023-09-10,Normal
2023-09-11,108.2649048594102,Product_005,2023-09-17,Normal
2023-09-18,98.51060465877896,Product_005,2023-09-24,Normal
2023-09-25,106.40563139312312,Product_005,2023-10-01,Normal
2023-10-02,106.73336433666792,Product_005,2023-10-08,Normal
2023-10-09,104.2979094356615,Product_005,2023-10-15,Normal
2023-10-16,106.84956795433716,Product_005,2023-10-22,Normal
2023-10-23,108.97055652256331,Product_005,2023-10-29,Normal
2023-10-30,112.72534875938976,Product_005,2023-11-05,Normal
2023-11-06,112.05181546719623,Product_005,2023-11-12,Normal
2023-11-13,115.62949305923884,Product_005,2023-11-19,Normal
2023-11-20,446.0492042672203,Product_005,2023-11-26,Black Friday
2023-11-27,475.36652353392736,Product_005,2023-12-03,Normal
2023-12-04,118.82624893087794,Product_005,2023-12-10,Normal
2023-12-11,130.2197978609871,Product_005,2023-12-17,Normal
2023-12-18,133.04239555260884,Product_005,2023-12-24,Normal
2023-12-25,124.84080362056616,Product_005,2023-12-31,Normal
2024-01-01,135.8781957943513,Product_005,2024-01-07,Normal
2024-01-08,129.33040326173224,Product_005,2024-01-14,Normal
2024-01-15,137.8684857074522,Product_005,2024-01-21,Normal
2024-01-22,146.0167727006033,Product_005,2024-01-28,Normal
2024-01-29,148.30413406639474,Product_005,2024-02-04,Normal
2024-02-05,148.00610451007134,Product_005,2024-02-11,Normal
2024-02-12,148.33148735009348,Product_005,2024-02-18,Normal
2024-02-19,155.00447165448128,Product_005,2024-02-25,Normal
2024-02-26,161.4031594387296,Product_005,2024-03-03,Normal
2024-03-04,160.74604646488024,Product_005,2024-03-10,Normal
2024-03-11,160.98106490472915,Product_005,2024-03-17,Normal
2024-03-18,159.20002176100564,Product_005,2024-03-24,Normal
2024-03-25,168.30474952905516,Product_005,2024-03-31,Normal
2024-04-01,160.4948694611399,Product_005,2024-04-07,Normal
2024-04-08,165.69316984223127,Product_005,2024-04-14,Normal
2024-04-15,159.5086301383542,Product_005,2024-04-21,Normal
2024-04-22,170.142438934122,Product_005,2024-04-28,Normal
2024-04-29,156.9265544667983,Product_005,2024-05-05,BOGO
2024-05-06,346.878383183214,Product_005,2024-05-12,BOGO
2024-05-13,163.41435114360573,Product_005,2024-05-19,Normal
2024-05-20,154.88168012563722,Product_005,2024-05-26,Normal
2024-05-27,156.68617979459725,Product_005,2024-06-02,Memorial Day
2024-06-03,152.6014174109433,Product_005,2024-06-09,Normal
2024-06-10,149.8352726974731,Product_005,2024-06-16,Normal
2024-06-17,143.55230848822333,Product_005,2024-06-23,Normal
2024-06-24,138.43394492461195,Product_005,2024-06-30,Normal
2024-07-01,141.4143815455404,Product_005,2024-07-07,Normal
2024-07-08,143.61598941480636,Product_005,2024-07-14,Normal
2024-07-15,133.35748580625713,Product_005,2024-07-21,Normal
2024-07-22,136.30022528943311,Product_005,2024-07-28,Normal
2024-07-29,127.74547217057064,Product_005,2024-08-04,Normal
2024-08-05,121.7824649647277,Product_005,2024-08-11,Disc_50
2024-08-12,131.03404916954324,Product_005,2024-08-18,Disc_50
2024-08-19,723.2854810152719,Product_005,2024-08-25,Normal
2024-08-26,120.29066132728678,Product_005,2024-09-01,Normal
2024-09-02,124.53247757677222,Product_005,2024-09-08,Normal
2024-09-09,121.4701686541201,Product_005,2024-09-15,Normal
2024-09-16,115.49603292920882,Product_005,2024-09-22,Normal
2024-09-23,122.45607688895238,Product_005,2024-09-29,Normal
2024-09-30,121.41751759159108,Product_005,2024-10-06,Normal
2024-10-07,123.15375372949842,Product_005,2024-10-13,Normal
2024-10-14,120.0661466209792,Product_005,2024-10-20,Normal
2024-10-21,133.86697158518606,Product_005,2024-10-27,Normal
2024-10-28,122.04723289900868,Product_005,2024-11-03,Normal
2024-11-04,134.95104984538204,Product_005,2024-11-10,Normal
2024-11-11,130.18656732893243,Product_005,2024-11-17,Normal
2024-11-18,532.7519345661523,Product_005,2024-11-24,Normal
2024-11-25,529.3371344688204,Product_005,2024-12-01,Black Friday
2024-12-02,140.73880562938726,Product_005,2024-12-08,Normal
2024-12-09,141.91444993598648,Product_005,2024-12-15,Normal
2024-12-16,138.16983210329036,Product_005,2024-12-22,Normal
2024-12-23,139.4121010169848,Product_005,2024-12-29,Normal
2024-12-30,146.66218236868173,Product_005,2025-01-05,Normal
2023-01-02,86.32440438396154,Product_006,2023-01-08,Normal
2023-01-09,83.36526485379592,Product_006,2023-01-15,Normal
2023-01-16,87.9862601114435,Product_006,2023-01-22,Normal
2023-01-23,90.85359354068795,Product_006,2023-01-29,Normal
2023-01-30,97.56871085439153,Product_006,2023-02-05,Normal
2023-02-06,105.45083814068204,Product_006,2023-02-12,Normal
2023-02-13,97.08851888119725,Product_006,2023-02-19,Normal
2023-02-20,105.36133561424197,Product_006,2023-02-26,Normal
2023-02-27,104.72088037264533,Product_006,2023-03-05,Normal
2023-03-06,110.06515186757392,Product_006,2023-03-12,Normal
2023-03-13,104.98395303056569,Product_006,2023-03-19,Normal
2023-03-20,108.64420482819348,Product_006,2023-03-26,Normal
2023-03-27,110.76000099954368,Product_006,2023-04-02,Normal
2023-04-03,122.40813418740618,Product_006,2023-04-09,Normal
2023-04-10,112.647169767351,Product_006,2023-04-16,Normal
2023-04-17,116.68794041335326,Product_006,2023-04-23,Normal
2023-04-24,110.74988219296576,Product_006,2023-04-30,Normal
2023-05-01,106.72566198741302,Product_006,2023-05-07,Normal
2023-05-08,114.16616666418491,Product_006,2023-05-14,Normal
2023-05-15,116.56576521323414,Product_006,2023-05-21,BOGO
2023-05-22,219.2579819056681,Product_006,2023-05-28,BOGO
2023-05-29,103.81390492655368,Product_006,2023-06-04,Memorial Day
2023-06-05,101.27302204629872,Product_006,2023-06-11,Normal
2023-06-12,105.8232483625291,Product_006,2023-06-18,Normal
2023-06-19,99.50448219971835,Product_006,2023-06-25,Normal
2023-06-26,104.39220269626249,Product_006,2023-07-02,Normal
2023-07-03,98.85226414132022,Product_006,2023-07-09,Normal
2023-07-10,90.86555647522324,Product_006,2023-07-16,Normal
2023-07-17,98.08547137633543,Product_006,2023-07-23,Normal
2023-07-24,95.11097837913276,Product_006,2023-07-30,Normal
2023-07-31,3.7633455162416625,Product_006,2023-08-06,Normal
2023-08-07,88.01595061166555,Product_006,2023-08-13,Normal
2023-08-14,84.51135420521493,Product_006,2023-08-20,Normal
2023-08-21,82.55596824746996,Product_006,2023-08-27,Normal
2023-08-28,83.16705784899983,Product_006,2023-09-03,Normal
2023-09-04,86.61480194544579,Product_006,2023-09-10,Normal
2023-09-11,81.88056035556362,Product_006,2023-09-17,Normal
2023-09-18,93.22493209393232,Product_006,2023-09-24,Normal
2023-09-25,78.02201969198987,Product_006,2023-10-01,Normal
2023-10-02,78.26134534287092,Product_006,2023-10-08,Normal
2023-10-09,80.30577137390799,Product_006,2023-10-15,Normal
2023-10-16,79.45885504867816,Product_006,2023-10-22,Normal
2023-10-23,89.03464099962068,Product_006,2023-10-29,Normal
2023-10-30,84.72773737819546,Product_006,2023-11-05,Normal
2023-11-06,87.84716147788356,Product_006,2023-11-12,Normal
2023-11-13,89.43934087832282,Product_006,2023-11-19,Normal
2023-11-20,377.3771125099462,Product_006,2023-11-26,Black Friday
2023-11-27,401.0908875064514,Product_006,2023-12-03,Normal
2023-12-04,96.49652802146537,Product_006,2023-12-10,Normal
2023-12-11,108.87666430043772,Product_006,2023-12-17,Normal
2023-12-18,106.26238033993174,Product_006,2023-12-24,Normal
2023-12-25,116.62305905575028,Product_006,2023-12-31,Normal
2024-01-01,116.02606293457676,Product_006,2024-01-07,Normal
2024-01-08,114.33147054886189,Product_006,2024-01-14,Normal
2024-01-15,126.89120319030944,Product_006,2024-01-21,Normal
2024-01-22,120.98364965152555,Product_006,2024-01-28,Normal
2024-01-29,127.73292905034504,Product_006,2024-02-04,Normal
2024-02-05,130.42447330406037,Product_006,2024-02-11,Normal
2024-02-12,137.73849437641533,Product_006,2024-02-18,Normal
2024-02-19,133.6633298211233,Product_006,2024-02-25,Normal
2024-02-26,143.65157362175916,Product_006,2024-03-03,Normal
2024-03-04,138.33865510784543,Product_006,2024-03-10,Normal
2024-03-11,143.52687564961383,Product_006,2024-03-17,Normal
2024-03-18,141.57776546009106,Product_006,2024-03-24,Normal
2024-03-25,151.01199525677904,Product_006,2024-03-31,Normal
2024-04-01,144.365561457098,Product_006,2024-04-07,Normal
2024-04-08,149.1925166968622,Product_006,2024-04-14,Normal
2024-04-15,152.050175178155,Product_006,2024-04-21,Normal
2024-04-22,151.85116162254306,Product_006,2024-04-28,Normal
2024-04-29,144.48630290203798,Product_006,2024-05-05,BOGO
2024-05-06,314.3786409869722,Product_006,2024-05-12,BOGO
2024-05-13,148.40925922229047,Product_006,2024-05-19,Normal
2024-05-20,148.67584065767545,Product_006,2024-05-26,Normal
2024-05-27,146.0478251480442,Product_006,2024-06-02,Memorial Day
2024-06-03,138.09668766142036,Product_006,2024-06-09,Normal
2024-06-10,136.37403107132607,Product_006,2024-06-16,Normal
2024-06-17,136.07411417709784,Product_006,2024-06-23,Normal
2024-06-24,132.64656419264165,Product_006,2024-06-30,Normal
2024-07-01,125.48221811244272,Product_006,2024-07-07,Normal
2024-07-08,132.92961950781316,Product_006,2024-07-14,Normal
2024-07-15,122.05223552494456,Product_006,2024-07-21,Normal
2024-07-22,123.2384912265132,Product_006,2024-07-28,Normal
2024-07-29,126.6581566961426,Product_006,2024-08-04,Normal
2024-08-05,125.69472237786856,Product_006,2024-08-11,Disc_50
2024-08-12,116.23698407229232,Product_006,2024-08-18,Disc_50
2024-08-19,727.6341728033349,Product_006,2024-08-25,Normal
2024-08-26,123.09412358469424,Product_006,2024-09-01,Normal
2024-09-02,116.47695538621949,Product_006,2024-09-08,Normal
2024-09-09,103.48249845227764,Product_006,2024-09-15,Normal
2024-09-16,119.29253914252212,Product_006,2024-09-22,Normal
2024-09-23,114.84859388191056,Product_006,2024-09-29,Normal
2024-09-30,120.796132420741,Product_006,2024-10-06,Normal
2024-10-07,123.58828919092922,Product_006,2024-10-13,Normal
2024-10-14,121.41280759331308,Product_006,2024-10-20,Normal
2024-10-21,114.95898917382168,Product_006,2024-10-27,Normal
2024-10-28,123.76889816155162,Product_006,2024-11-03,Normal
2024-11-04,124.91966999851584,Product_006,2024-11-10,Normal
2024-11-11,124.44218633023112,Product_006,2024-11-17,Normal
2024-11-18,520.7186530865173,Product_006,2024-11-24,Normal
2024-11-25,521.771067289443,Product_006,2024-12-01,Black Friday
2024-12-02,139.46109737291695,Product_006,2024-12-08,Normal
2024-12-09,136.03742026093715,Product_006,2024-12-15,Normal
2024-12-16,144.840652456331,Product_006,2024-12-22,Normal
2024-12-23,146.65111780200232,Product_006,2024-12-29,Normal
2024-12-30,151.76674132354245,Product_006,2025-01-05,Normal
2023-01-02,93.9124948735174,Product_007,2023-01-08,Normal
2023-01-09,96.96033521343992,Product_007,2023-01-15,Normal
2023-01-16,98.87086572617598,Product_007,2023-01-22,Normal
2023-01-23,109.2067031706189,Product_007,2023-01-29,Normal
2023-01-30,108.4838787242588,Product_007,2023-02-05,Normal
2023-02-06,110.21181899510016,Product_007,2023-02-12,Normal
2023-02-13,107.744987072365,Product_007,2023-02-19,Normal
2023-02-20,116.2070372910306,Product_007,2023-02-26,Normal
2023-02-27,114.78330215139984,Product_007,2023-03-05,Normal
2023-03-06,129.18177627187467,Product_007,2023-03-12,Normal
2023-03-13,121.69251762536427,Product_007,2023-03-19,Normal
2023-03-20,123.6944848171116,Product_007,2023-03-26,Normal
2023-03-27,124.25564988749016,Product_007,2023-04-02,Normal
2023-04-03,127.72054992579729,Product_007,2023-04-09,Normal
2023-04-10,130.41588377869485,Product_007,2023-04-16,Normal
2023-04-17,127.79116896630973,Product_007,2023-04-23,Normal
2023-04-24,129.49353924366508,Product_007,2023-04-30,Normal
2023-05-01,122.46729420589274,Product_007,2023-05-07,Normal
2023-05-08,124.36365855641584,Product_007,2023-05-14,Normal
2023-05-15,124.4279514098822,Product_007,2023-05-21,BOGO
2023-05-22,241.2635997086848,Product_007,2023-05-28,BOGO
2023-05-29,117.92760429093524,Product_007,2023-06-04,Memorial Day
2023-06-05,115.18758883317334,Product_007,2023-06-11,Normal
2023-06-12,118.63858063421073,Product_007,2023-06-18,Normal
2023-06-19,107.99456542439096,Product_007,2023-06-25,Normal
2023-06-26,105.80605969495925,Product_007,2023-07-02,Normal
2023-07-03,108.16882346201166,Product_007,2023-07-09,Normal
2023-07-10,105.6318874801535,Product_007,2023-07-16,Normal
2023-07-17,103.36956520586595,Product_007,2023-07-23,Normal
2023-07-24,103.7268410456194,Product_007,2023-07-30,Normal
2023-07-31,4.845852055013502,Product_007,2023-08-06,Normal
2023-08-07,98.27739416693828,Product_007,2023-08-13,Normal
2023-08-14,95.40704489165326,Product_007,2023-08-20,Normal
2023-08-21,93.83561681951944,Product_007,2023-08-27,Normal
2023-08-28,96.46358299695842,Product_007,2023-09-03,Normal
2023-09-04,88.12214162074672,Product_007,2023-09-10,Normal
2023-09-11,94.7069118646074,Product_007,2023-09-17,Normal
2023-09-18,86.46317970997099,Product_007,2023-09-24,Normal
2023-09-25,89.07316264226489,Product_007,2023-10-01,Normal
2023-10-02,84.53392324304565,Product_007,2023-10-08,Normal
2023-10-09,85.68068047793385,Product_007,2023-10-15,Normal
2023-10-16,96.43294985871096,Product_007,2023-10-22,Normal
2023-10-23,90.7702016088122,Product_007,2023-10-29,Normal
2023-10-30,90.92135218594488,Product_007,2023-11-05,Normal
2023-11-06,99.65388664353029,Product_007,2023-11-12,Normal
2023-11-13,107.36167473763535,Product_007,2023-11-19,Normal
2023-11-20,417.1777646912551,Product_007,2023-11-26,Black Friday
2023-11-27,414.0473756925245,Product_007,2023-12-03,Normal
2023-12-04,112.34354820201486,Product_007,2023-12-10,Normal
2023-12-11,113.51121657000824,Product_007,2023-12-17,Normal
2023-12-18,115.10549208472024,Product_007,2023-12-24,Normal
2023-12-25,116.35465524187774,Product_007,2023-12-31,Normal
2024-01-01,118.47430778431566,Product_007,2024-01-07,Normal
2024-01-08,130.2272912983784,Product_007,2024-01-14,Normal
2024-01-15,127.27738144454288,Product_007,2024-01-21,Normal
2024-01-22,139.87663211233286,Product_007,2024-01-28,Normal
2024-01-29,131.37447426378176,Product_007,2024-02-04,Normal
2024-02-05,144.94686287646903,Product_007,2024-02-11,Normal
2024-02-12,144.99988993798567,Product_007,2024-02-18,Normal
2024-02-19,147.342322422854,Product_007,2024-02-25,Normal
2024-02-26,152.14217310143547,Product_007,2024-03-03,Normal
2024-03-04,153.125585694327,Product_007,2024-03-10,Normal
2024-03-11,155.854475772907,Product_007,2024-03-17,Normal
2024-03-18,149.9866356262421,Product_007,2024-03-24,Normal
2024-03-25,157.59574248489585,Product_007,2024-03-31,Normal
2024-04-01,150.667805712431,Product_007,2024-04-07,Normal
2024-04-08,156.9800844504345,Product_007,2024-04-14,Normal
2024-04-15,153.97212265589025,Product_007,2024-04-21,Normal
2024-04-22,156.43323186999908,Product_007,2024-04-28,Normal
2024-04-29,149.91294848843222,Product_007,2024-05-05,BOGO
2024-05-06,314.9765428854566,Product_007,2024-05-12,BOGO
2024-05-13,152.77801891249266,Product_007,2024-05-19,Normal
2024-05-20,157.7296528079212,Product_007,2024-05-26,Normal
2024-05-27,140.0166108654018,Product_007,2024-06-02,Memorial Day
2024-06-03,138.76684464859824,Product_007,2024-06-09,Normal
2024-06-10,139.64456569879042,Product_007,2024-06-16,Normal
2024-06-17,138.14547584203004,Product_007,2024-06-23,Normal
2024-06-24,132.92281022789885,Product_007,2024-06-30,Normal
2024-07-01,137.54892078872408,Product_007,2024-07-07,Normal
2024-07-08,130.33741348912457,Product_007,2024-07-14,Normal
2024-07-15,126.29455866342438,Product_007,2024-07-21,Normal
2024-07-22,129.86236608769912,Product_007,2024-07-28,Normal
2024-07-29,128.69249011230335,Product_007,2024-08-04,Normal
2024-08-05,125.01548274976255,Product_007,2024-08-11,Disc_50
2024-08-12,123.83403573510496,Product_007,2024-08-18,Disc_50
2024-08-19,724.0451922039612,Product_007,2024-08-25,Normal
2024-08-26,120.77691100248724,Product_007,2024-09-01,Normal
2024-09-02,124.65250882768672,Product_007,2024-09-08,Normal
2024-09-09,114.46261546581624,Product_007,2024-09-15,Normal
2024-09-16,117.7623347304274,Product_007,2024-09-22,Normal
2024-09-23,110.57967149922573,Product_007,2024-09-29,Normal
2024-09-30,119.12730004245948,Product_007,2024-10-06,Normal
2024-10-07,122.66335763468548,Product_007,2024-10-13,Normal
2024-10-14,121.91830698674984,Product_007,2024-10-20,Normal
2024-10-21,123.64448052699498,Product_007,2024-10-27,Normal
2024-10-28,125.03167069392768,Product_007,2024-11-03,Normal
2024-11-04,128.0433223134182,Product_007,2024-11-10,Normal
2024-11-11,128.34078373269926,Product_007,2024-11-17,Normal
2024-11-18,502.59536654367014,Product_007,2024-11-24,Normal
2024-11-25,557.1549041889314,Product_007,2024-12-01,Black Friday
2024-12-02,129.72789169280338,Product_007,2024-12-08,Normal
2024-12-09,145.0749536729458,Product_007,2024-12-15,Normal
2024-12-16,139.88452942814516,Product_007,2024-12-22,Normal
2024-12-23,152.99490763576398,Product_007,2024-12-29,Normal
2024-12-30,149.39770873153688,Product_007,2025-01-05,Normal
2023-01-02,120.63290550683412,Product_008,2023-01-08,Normal
2023-01-09,120.33322003591547,Product_008,2023-01-15,Normal
2023-01-16,115.6961924033533,Product_008,2023-01-22,Normal
2023-01-23,122.6194028307121,Product_008,2023-01-29,Normal
2023-01-30,129.13663217149934,Product_008,2023-02-05,Normal
2023-02-06,133.36153480733384,Product_008,2023-02-12,Normal
2023-02-13,134.02407760788543,Product_008,2023-02-19,Normal
2023-02-20,137.39443316754412,Product_008,2023-02-26,Normal
2023-02-27,142.1348880779514,Product_008,2023-03-05,Normal
2023-03-06,143.65241228423048,Product_008,2023-03-12,Normal
2023-03-13,146.3006653601664,Product_008,2023-03-19,Normal
2023-03-20,146.7288504976025,Product_008,2023-03-26,Normal
2023-03-27,139.40709751736128,Product_008,2023-04-02,Normal
2023-04-03,137.45303747396207,Product_008,2023-04-09,Normal
2023-04-10,153.4376433260891,Product_008,2023-04-16,Normal
2023-04-17,150.18082987550184,Product_008,2023-04-23,Normal
2023-04-24,147.320451743787,Product_008,2023-04-30,Normal
2023-05-01,146.70518434190373,Product_008,2023-05-07,Normal
2023-05-08,148.9440873742938,Product_008,2023-05-14,Normal
2023-05-15,141.31214993354374,Product_008,2023-05-21,BOGO
2023-05-22,280.4088350532632,Product_008,2023-05-28,BOGO
2023-05-29,129.8172731744989,Product_008,2023-06-04,Memorial Day
2023-06-05,141.30408484027942,Product_008,2023-06-11,Normal
2023-06-12,132.4155955570328,Product_008,2023-06-18,Normal
2023-06-19,134.47927291551602,Product_008,2023-06-25,Normal
2023-06-26,129.52496604123064,Product_008,2023-07-02,Normal
2023-07-03,124.83902355399032,Product_008,2023-07-09,Normal
2023-07-10,127.33532788812758,Product_008,2023-07-16,Normal
2023-07-17,121.9182575035782,Product_008,2023-07-23,Normal
2023-07-24,117.83024806036563,Product_008,2023-07-30,Normal
2023-07-31,5.578973799140498,Product_008,2023-08-06,Normal
2023-08-07,116.71297571823676,Product_008,2023-08-13,Normal
2023-08-14,110.521287964969,Product_008,2023-08-20,Normal
2023-08-21,111.61208225891234,Product_008,2023-08-27,Normal
2023-08-28,106.77775307809766,Product_008,2023-09-03,Normal
2023-09-04,114.9968060812546,Product_008,2023-09-10,Normal
2023-09-11,106.78458319378538,Product_008,2023-09-17,Normal
2023-09-18,108.33312561691474,Product_008,2023-09-24,Normal
2023-09-25,104.74375311374445,Product_008,2023-10-01,Normal
2023-10-02,108.57998312955324,Product_008,2023-10-08,Normal
2023-10-09,103.94018227590442,Product_008,2023-10-15,Normal
2023-10-16,106.19371866122196,Product_008,2023-10-22,Normal
2023-10-23,108.31149573952446,Product_008,2023-10-29,Normal
2023-10-30,110.423187401402,Product_008,2023-11-05,Normal
2023-11-06,112.34029923207598,Product_008,2023-11-12,Normal
2023-11-13,111.31530510643442,Product_008,2023-11-19,Normal
2023-11-20,443.4574075813256,Product_008,2023-11-26,Black Friday
2023-11-27,487.42942981950785,Product_008,2023-12-03,Normal
2023-12-04,120.8069071465916,Product_008,2023-12-10,Normal
2023-12-11,135.04518522688073,Product_008,2023-12-17,Normal
2023-12-18,118.75430908316577,Product_008,2023-12-24,Normal
2023-12-25,127.26355654113844,Product_008,2023-12-31,Normal
2024-01-01,130.57759355552955,Product_008,2024-01-07,Normal
2024-01-08,133.311267257259,Product_008,2024-01-14,Normal
2024-01-15,144.20875814227398,Product_008,2024-01-21,Normal
2024-01-22,150.47011737931587,Product_008,2024-01-28,Normal
2024-01-29,153.40145279856705,Product_008,2024-02-04,Normal
2024-02-05,146.0783681943814,Product_008,2024-02-11,Normal
2024-02-12,151.15585069342458,Product_008,2024-02-18,Normal
2024-02-19,154.7656325784039,Product_008,2024-02-25,Normal
2024-02-26,158.8939099036731,Product_008,2024-03-03,Normal
2024-03-04,165.93131980916138,Product_008,2024-03-10,Normal
2024-03-11,162.21980204867208,Product_008,2024-03-17,Normal
2024-03-18,159.43880180453746,Product_008,2024-03-24,Normal
2024-03-25,165.07014887998454,Product_008,2024-03-31,Normal
2024-04-01,165.95418250485747,Product_008,2024-04-07,Normal
2024-04-08,164.4940064834677,Product_008,2024-04-14,Normal
2024-04-15,158.04821748057873,Product_008,2024-04-21,Normal
2024-04-22,155.33580809961185,Product_008,2024-04-28,Normal
2024-04-29,155.80070158320044,Product_008,2024-05-05,BOGO
2024-05-06,346.5301734756298,Product_008,2024-05-12,BOGO
2024-05-13,163.22043165208476,Product_008,2024-05-19,Normal
2024-05-20,155.95848580596004,Product_008,2024-05-26,Normal
2024-05-27,157.30480930708637,Product_008,2024-06-02,Memorial Day
2024-06-03,155.19749216488916,Product_008,2024-06-09,Normal
2024-06-10,150.74467252959155,Product_008,2024-06-16,Normal
2024-06-17,148.78405301027615,Product_008,2024-06-23,Normal
2024-06-24,144.79101973407305,Product_008,2024-06-30,Normal
2024-07-01,141.9637353869024,Product_008,2024-07-07,Normal
2024-07-08,132.59174771174213,Product_008,2024-07-14,Normal
2024-07-15,138.77706283065984,Product_008,2024-07-21,Normal
2024-07-22,125.99996474978803,Product_008,2024-07-28,Normal
2024-07-29,136.6318698124937,Product_008,2024-08-04,Normal
2024-08-05,126.80343854189162,Product_008,2024-08-11,Disc_50
2024-08-12,127.43782924109074,Product_008,2024-08-18,Disc_50
2024-08-19,725.2847385621205,Product_008,2024-08-25,Normal
2024-08-26,120.89122398520304,Product_008,2024-09-01,Normal
2024-09-02,120.80462686432642,Product_008,2024-09-08,Normal
2024-09-09,118.7962372228102,Product_008,2024-09-15,Normal
2024-09-16,117.77016654910418,Product_008,2024-09-22,Normal
2024-09-23,129.73409841393575,Product_008,2024-09-29,Normal
2024-09-30,125.2733399127316,Product_008,2024-10-06,Normal
2024-10-07,121.00636939210708,Product_008,2024-10-13,Normal
2024-10-14,123.32622745019071,Product_008,2024-10-20,Normal
2024-10-21,126.79882132200252,Product_008,2024-10-27,Normal
2024-10-28,125.14934283172104,Product_008,2024-11-03,Normal
2024-11-04,125.50683783348244,Product_008,2024-11-10,Normal
2024-11-11,129.77279307504136,Product_008,2024-11-17,Normal
2024-11-18,471.5915472667896,Product_008,2024-11-24,Normal
2024-11-25,553.576230604865,Product_008,2024-12-01,Black Friday
2024-12-02,134.9135452167059,Product_008,2024-12-08,Normal
2024-12-09,137.8944223638018,Product_008,2024-12-15,Normal
2024-12-16,145.95103113623674,Product_008,2024-12-22,Normal
2024-12-23,146.17016119704266,Product_008,2024-12-29,Normal
2024-12-30,149.78003552259693,Product_008,2025-01-05,Normal
2023-01-02,104.57053755314678,Product_009,2023-01-08,Normal
2023-01-09,109.12561559753634,Product_009,2023-01-15,Normal
2023-01-16,121.18995426305446,Product_009,2023-01-22,Normal
2023-01-23,114.15655797573204,Product_009,2023-01-29,Normal
2023-01-30,118.28116479783044,Product_009,2023-02-05,Normal
2023-02-06,121.50131554933944,Product_009,2023-02-12,Normal
2023-02-13,132.93194359434608,Product_009,2023-02-19,Normal
2023-02-20,133.742951701651,Product_009,2023-02-26,Normal
2023-02-27,132.12592433826003,Product_009,2023-03-05,Normal
2023-03-06,137.57182562582005,Product_009,2023-03-12,Normal
2023-03-13,135.34704710466977,Product_009,2023-03-19,Normal
2023-03-20,132.97950069962096,Product_009,2023-03-26,Normal
2023-03-27,131.8169372646925,Product_009,2023-04-02,Normal
2023-04-03,137.50665544975874,Product_009,2023-04-09,Normal
2023-04-10,137.5555296344375,Product_009,2023-04-16,Normal
2023-04-17,139.90519893537342,Product_009,2023-04-23,Normal
2023-04-24,136.66412259159196,Product_009,2023-04-30,Normal
2023-05-01,138.97429507185004,Product_009,2023-05-07,Normal
2023-05-08,140.7899214809795,Product_009,2023-05-14,Normal
2023-05-15,138.3720117416361,Product_009,2023-05-21,BOGO
2023-05-22,273.2530753588663,Product_009,2023-05-28,BOGO
2023-05-29,132.25497740474253,Product_009,2023-06-04,Memorial Day
2023-06-05,137.8514883789218,Product_009,2023-06-11,Normal
2023-06-12,124.95276364856032,Product_009,2023-06-18,Normal
2023-06-19,120.73036191160848,Product_009,2023-06-25,Normal
2023-06-26,119.1951449975439,Product_009,2023-07-02,Normal
2023-07-03,117.90413101136448,Product_009,2023-07-09,Normal
2023-07-10,120.68096579525492,Product_009,2023-07-16,Normal
2023-07-17,108.82304448308568,Product_009,2023-07-23,Normal
2023-07-24,111.28546460974904,Product_009,2023-07-30,Normal
2023-07-31,5.512940283782499,Product_009,2023-08-06,Normal
2023-08-07,105.68288199712508,Product_009,2023-08-13,Normal
2023-08-14,105.89985266507998,Product_009,2023-08-20,Normal
2023-08-21,102.77376044205124,Product_009,2023-08-27,Normal
2023-08-28,102.19396583550068,Product_009,2023-09-03,Normal
2023-09-04,101.1821313151419,Product_009,2023-09-10,Normal
2023-09-11,104.92710848300068,Product_009,2023-09-17,Normal
2023-09-18,103.3358360086425,Product_009,2023-09-24,Normal
2023-09-25,102.42085863768936,Product_009,2023-10-01,Normal
2023-10-02,103.4167716759987,Product_009,2023-10-08,Normal
2023-10-09,98.15893477688012,Product_009,2023-10-15,Normal
2023-10-16,99.94800992686652,Product_009,2023-10-22,Normal
2023-10-23,97.01569647497884,Product_009,2023-10-29,Normal
2023-10-30,100.6880819943744,Product_009,2023-11-05,Normal
2023-11-06,105.50849211344092,Product_009,2023-11-12,Normal
2023-11-13,111.57933249281712,Product_009,2023-11-19,Normal
2023-11-20,462.6150359326125,Product_009,2023-11-26,Black Friday
2023-11-27,422.99257388772406,Product_009,2023-12-03,Normal
2023-12-04,114.77559419389196,Product_009,2023-12-10,Normal
2023-12-11,117.6865470325476,Product_009,2023-12-17,Normal
2023-12-18,127.74567431702656,Product_009,2023-12-24,Normal
2023-12-25,126.4767092457239,Product_009,2023-12-31,Normal
2024-01-01,127.18896767709796,Product_009,2024-01-07,Normal
2024-01-08,131.21929058552314,Product_009,2024-01-14,Normal
2024-01-15,135.1290606276893,Product_009,2024-01-21,Normal
2024-01-22,137.40892077428902,Product_009,2024-01-28,Normal
2024-01-29,146.7224964310845,Product_009,2024-02-04,Normal
2024-02-05,145.809685102236,Product_009,2024-02-11,Normal
2024-02-12,141.8870906237535,Product_009,2024-02-18,Normal
2024-02-19,149.1635974221779,Product_009,2024-02-25,Normal
2024-02-26,150.5413220493695,Product_009,2024-03-03,Normal
2024-03-04,152.51793050907042,Product_009,2024-03-10,Normal
2024-03-11,153.42927960371736,Product_009,2024-03-17,Normal
2024-03-18,157.57570352722138,Product_009,2024-03-24,Normal
2024-03-25,156.30512641992556,Product_009,2024-03-31,Normal
2024-04-01,163.51211693400964,Product_009,2024-04-07,Normal
2024-04-08,162.96206383025296,Product_009,2024-04-14,Normal
2024-04-15,159.0964920950552,Product_009,2024-04-21,Normal
2024-04-22,156.80841287386318,Product_009,2024-04-28,Normal
2024-04-29,153.1834941375379,Product_009,2024-05-05,BOGO
2024-05-06,326.9462323345107,Product_009,2024-05-12,BOGO
2024-05-13,149.96815559249086,Product_009,2024-05-19,Normal
2024-05-20,155.0996491653609,Product_009,2024-05-26,Normal
2024-05-27,157.484805539534,Product_009,2024-06-02,Memorial Day
2024-06-03,152.41487613841574,Product_009,2024-06-09,Normal
2024-06-10,149.566938474951,Product_009,2024-06-16,Normal
2024-06-17,145.84914018297806,Product_009,2024-06-23,Normal
2024-06-24,139.91402222184132,Product_009,2024-06-30,Normal
2024-07-01,141.22177819903234,Product_009,2024-07-07,Normal
2024-07-08,144.88086079112003,Product_009,2024-07-14,Normal
2024-07-15,142.8266815264012,Product_009,2024-07-21,Normal
2024-07-22,130.7690255426923,Product_009,2024-07-28,Normal
2024-07-29,128.58466265788172,Product_009,2024-08-04,Normal
2024-08-05,132.21805021120468,Product_009,2024-08-11,Disc_50
2024-08-12,126.04710385829476,Product_009,2024-08-18,Disc_50
2024-08-19,726.9027781378842,Product_009,2024-08-25,Normal
2024-08-26,120.6759082436665,Product_009,2024-09-01,Normal
2024-09-02,125.94377438500908,Product_009,2024-09-08,Normal
2024-09-09,112.58939277741516,Product_009,2024-09-15,Normal
2024-09-16,121.0704153936612,Product_009,2024-09-22,Normal
2024-09-23,120.91827404855542,Product_009,2024-09-29,Normal
2024-09-30,120.0124625827948,Product_009,2024-10-06,Normal
2024-10-07,117.38275898796206,Product_009,2024-10-13,Normal
2024-10-14,119.5996194674784,Product_009,2024-10-20,Normal
2024-10-21,119.2996775213272,Product_009,2024-10-27,Normal
2024-10-28,123.30024956854623,Product_009,2024-11-03,Normal
2024-11-04,128.70866130674568,Product_009,2024-11-10,Normal
2024-11-11,138.67389680138922,Product_009,2024-11-17,Normal
2024-11-18,537.3466478972888,Product_009,2024-11-24,Normal
2024-11-25,555.3572163855525,Product_009,2024-12-01,Black Friday
2024-12-02,139.3193387861048,Product_009,2024-12-08,Normal
2024-12-09,142.96851283265016,Product_009,2024-12-15,Normal
2024-12-16,144.66054141972327,Product_009,2024-12-22,Normal
2024-12-23,151.37172615038838,Product_009,2024-12-29,Normal
2024-12-30,151.45644999113497,Product_009,2025-01-05,Normal
2023-01-02,107.72489345910604,Product_010,2023-01-08,Normal
2023-01-09,114.36098308544388,Product_010,2023-01-15,Normal
2023-01-16,113.83943703863304,Product_010,2023-01-22,Normal
2023-01-23,119.91434055683594,Product_010,2023-01-29,Normal
2023-01-30,127.6885827408628,Product_010,2023-02-05,Normal
2023-02-06,122.16821970009268,Product_010,2023-02-12,Normal
2023-02-13,126.19503870354497,Product_010,2023-02-19,Normal
2023-02-20,125.27619198586636,Product_010,2023-02-26,Normal
2023-02-27,128.75230119212904,Product_010,2023-03-05,Normal
2023-03-06,128.28662548227564,Product_010,2023-03-12,Normal
2023-03-13,129.08993200091416,Product_010,2023-03-19,Normal
2023-03-20,137.34250265378478,Product_010,2023-03-26,Normal
2023-03-27,139.9213671032768,Product_010,2023-04-02,Normal
2023-04-03,143.2050404793031,Product_010,2023-04-09,Normal
2023-04-10,134.27081087434587,Product_010,2023-04-16,Normal
2023-04-17,131.90762633386137,Product_010,2023-04-23,Normal
2023-04-24,138.82342926831816,Product_010,2023-04-30,Normal
2023-05-01,137.144783556284,Product_010,2023-05-07,Normal
2023-05-08,129.13664424642124,Product_010,2023-05-14,Normal
2023-05-15,135.19233558254476,Product_010,2023-05-21,BOGO
2023-05-22,262.2730582454507,Product_010,2023-05-28,BOGO
2023-05-29,133.3273550433485,Product_010,2023-06-04,Memorial Day
2023-06-05,123.80405967230216,Product_010,2023-06-11,Normal
2023-06-12,120.82837633283498,Product_010,2023-06-18,Normal
2023-06-19,119.90324276693708,Product_010,2023-06-25,Normal
2023-06-26,116.03490296164962,Product_010,2023-07-02,Normal
2023-07-03,120.6698454506996,Product_010,2023-07-09,Normal
2023-07-10,115.52234070715092,Product_010,2023-07-16,Normal
2023-07-17,113.03433981361806,Product_010,2023-07-23,Normal
2023-07-24,102.5341824889484,Product_010,2023-07-30,Normal
2023-07-31,5.2145930767803925,Product_010,2023-08-06,Normal
2023-08-07,103.01188009079256,Product_010,2023-08-13,Normal
2023-08-14,103.9299492267652,Product_010,2023-08-20,Normal
2023-08-21,100.7979351347093,Product_010,2023-08-27,Normal
2023-08-28,108.0122592774763,Product_010,2023-09-03,Normal
2023-09-04,95.75739633095466,Product_010,2023-09-10,Normal
2023-09-11,103.6739820284136,Product_010,2023-09-17,Normal
2023-09-18,92.05141387196092,Product_010,2023-09-24,Normal
2023-09-25,105.88589419318797,Product_010,2023-10-01,Normal
2023-10-02,101.3238755378344,Product_010,2023-10-08,Normal
2023-10-09,106.44953793248622,Product_010,2023-10-15,Normal
2023-10-16,101.5876443893423,Product_010,2023-10-22,Normal
2023-10-23,99.85411841591926,Product_010,2023-10-29,Normal
2023-10-30,104.7752002903222,Product_010,2023-11-05,Normal
2023-11-06,104.6085231895104,Product_010,2023-11-12,Normal
2023-11-13,103.01279194743108,Product_010,2023-11-19,Normal
2023-11-20,429.45296989877454,Product_010,2023-11-26,Black Friday
2023-11-27,469.3717715549271,Product_010,2023-12-03,Normal
2023-12-04,108.53098736302177,Product_010,2023-12-10,Normal
2023-12-11,125.41328104629464,Product_010,2023-12-17,Normal
2023-12-18,115.49077916715432,Product_010,2023-12-24,Normal
2023-12-25,122.81674250750956,Product_010,2023-12-31,Normal
2024-01-01,123.08197314177852,Product_010,2024-01-07,Normal
2024-01-08,123.79359548712262,Product_010,2024-01-14,Normal
2024-01-15,135.2378629958647,Product_010,2024-01-21,Normal
2024-01-22,137.3109415428783,Product_010,2024-01-28,Normal
2024-01-29,133.52607130137545,Product_010,2024-02-04,Normal
2024-02-05,141.38796434912635,Product_010,2024-02-11,Normal
2024-02-12,148.33374888947108,Product_010,2024-02-18,Normal
2024-02-19,147.38587333878948,Product_010,2024-02-25,Normal
2024-02-26,151.06495571996666,Product_010,2024-03-03,Normal
2024-03-04,155.92876914406116,Product_010,2024-03-10,Normal
2024-03-11,152.61348802529213,Product_010,2024-03-17,Normal
2024-03-18,153.87133759617493,Product_010,2024-03-24,Normal
2024-03-25,165.17455071561287,Product_010,2024-03-31,Normal
2024-04-01,163.23983389463257,Product_010,2024-04-07,Normal
2024-04-08,158.4352685822567,Product_010,2024-04-14,Normal
2024-04-15,166.0865731053333,Product_010,2024-04-21,Normal
2024-04-22,159.0664419678469,Product_010,2024-04-28,Normal
2024-04-29,155.40640125593407,Product_010,2024-05-05,BOGO
2024-05-06,336.9734805783894,Product_010,2024-05-12,BOGO
2024-05-13,154.71572154461364,Product_010,2024-05-19,Normal
2024-05-20,154.1599648342301,Product_010,2024-05-26,Normal
2024-05-27,145.40071019258744,Product_010,2024-06-02,Memorial Day
2024-06-03,144.63538827560004,Product_010,2024-06-09,Normal
2024-06-10,144.22176694916297,Product_010,2024-06-16,Normal
2024-06-17,141.1534029102898,Product_010,2024-06-23,Normal
2024-06-24,139.4225918030884,Product_010,2024-06-30,Normal
2024-07-01,134.06141913500775,Product_010,2024-07-07,Normal
2024-07-08,138.52756134829332,Product_010,2024-07-14,Normal
2024-07-15,133.74650640248947,Product_010,2024-07-21,Normal
2024-07-22,129.68746722828504,Product_010,2024-07-28,Normal
2024-07-29,133.18392354437404,Product_010,2024-08-04,Normal
2024-08-05,123.41701966363648,Product_010,2024-08-11,Disc_50
2024-08-12,127.7925655330126,Product_010,2024-08-18,Disc_50
2024-08-19,720.4023836781289,Product_010,2024-08-25,Normal
2024-08-26,118.53798567065816,Product_010,2024-09-01,Normal
2024-09-02,123.63337071236164,Product_010,2024-09-08,Normal
2024-09-09,125.74241708770552,Product_010,2024-09-15,Normal
2024-09-16,116.9572906842841,Product_010,2024-09-22,Normal
2024-09-23,115.21984002775936,Product_010,2024-09-29,Normal
2024-09-30,121.31690261622694,Product_010,2024-10-06,Normal
2024-10-07,122.87860076027464,Product_010,2024-10-13,Normal
2024-10-14,122.59246987444251,Product_010,2024-10-20,Normal
2024-10-21,116.56789718616147,Product_010,2024-10-27,Normal
2024-10-28,123.53660323779503,Product_010,2024-11-03,Normal
2024-11-04,128.02247427284613,Product_010,2024-11-10,Normal
2024-11-11,136.0546186599135,Product_010,2024-11-17,Normal
2024-11-18,542.1657093576694,Product_010,2024-11-24,Normal
2024-11-25,523.4883240885401,Product_010,2024-12-01,Black Friday
2024-12-02,140.33828086058696,Product_010,2024-12-08,Normal
2024-12-09,128.51301361793682,Product_010,2024-12-15,Normal
2024-12-16,142.67475133714973,Product_010,2024-12-22,Normal
2024-12-23,139.05561112612568,Product_010,2024-12-29,Normal
2024-12-30,151.838567717549,Product_010,2025-01-05,Normal
2023-01-02,115.4027128007922,Product_011,2023-01-08,Normal
2023-01-09,118.6856992256138,Product_011,2023-01-15,Normal
2023-01-16,124.76746730484574,Product_011,2023-01-22,Normal
2023-01-23,124.08287436499891,Product_011,2023-01-29,Normal
2023-01-30,129.1595082819357,Product_011,2023-02-05,Normal
2023-02-06,132.64883185723303,Product_011,2023-02-12,Normal
2023-02-13,139.8539000366694,Product_011,2023-02-19,Normal
2023-02-20,134.26900439536436,Product_011,2023-02-26,Normal
2023-02-27,137.92347398445065,Product_011,2023-03-05,Normal
2023-03-06,141.7805234483056,Product_011,2023-03-12,Normal
2023-03-13,149.04127612942267,Product_011,2023-03-19,Normal
2023-03-20,138.477640698011,Product_011,2023-03-26,Normal
2023-03-27,139.8729103126256,Product_011,2023-04-02,Normal
2023-04-03,143.662836327071,Product_011,2023-04-09,Normal
2023-04-10,136.89896117546425,Product_011,2023-04-16,Normal
2023-04-17,148.3768641589065,Product_011,2023-04-23,Normal
2023-04-24,140.88070654921734,Product_011,2023-04-30,Normal
2023-05-01,147.19242597034324,Product_011,2023-05-07,Normal
2023-05-08,154.35022752101364,Product_011,2023-05-14,Normal
2023-05-15,141.85423003141844,Product_011,2023-05-21,BOGO
2023-05-22,290.0344290236176,Product_011,2023-05-28,BOGO
2023-05-29,139.66759252427434,Product_011,2023-06-04,Memorial Day
2023-06-05,133.90257497976205,Product_011,2023-06-11,Normal
2023-06-12,129.6676696184894,Product_011,2023-06-18,Normal
2023-06-19,131.59660277136229,Product_011,2023-06-25,Normal
2023-06-26,130.3759163077336,Product_011,2023-07-02,Normal
2023-07-03,128.40232902797396,Product_011,2023-07-09,Normal
2023-07-10,125.38953562109488,Product_011,2023-07-16,Normal
2023-07-17,120.57776563886814,Product_011,2023-07-23,Normal
2023-07-24,119.00788036641598,Product_011,2023-07-30,Normal
2023-07-31,5.718126185268899,Product_011,2023-08-06,Normal
2023-08-07,108.99165861547507,Product_011,2023-08-13,Normal
2023-08-14,113.71572038619134,Product_011,2023-08-20,Normal
2023-08-21,118.69789972128304,Product_011,2023-08-27,Normal
2023-08-28,105.85322955402664,Product_011,2023-09-03,Normal
2023-09-04,107.0537317184592,Product_011,2023-09-10,Normal
2023-09-11,108.55354721187364,Product_011,2023-09-17,Normal
2023-09-18,105.28302525430776,Product_011,2023-09-24,Normal
2023-09-25,100.50868081029556,Product_011,2023-10-01,Normal
2023-10-02,102.51937168719024,Product_011,2023-10-08,Normal
2023-10-09,109.717338211874,Product_011,2023-10-15,Normal
2023-10-16,104.00302102807412,Product_011,2023-10-22,Normal
2023-10-23,109.23134947964788,Product_011,2023-10-29,Normal
2023-10-30,113.33036431244317,Product_011,2023-11-05,Normal
2023-11-06,106.25270443468496,Product_011,2023-11-12,Normal
2023-11-13,114.309784115256,Product_011,2023-11-19,Normal
2023-11-20,458.9632998113872,Product_011,2023-11-26,Black Friday
2023-11-27,505.41517599492875,Product_011,2023-12-03,Normal
2023-12-04,124.33675781100564,Product_011,2023-12-10,Normal
2023-12-11,120.58596276144536,Product_011,2023-12-17,Normal
2023-12-18,126.559019041334,Product_011,2023-12-24,Normal
2023-12-25,134.7302861718765,Product_011,2023-12-31,Normal
2024-01-01,130.1622726055758,Product_011,2024-01-07,Normal
2024-01-08,133.9494170663609,Product_011,2024-01-14,Normal
2024-01-15,141.23425301436387,Product_011,2024-01-21,Normal
2024-01-22,142.73635826045768,Product_011,2024-01-28,Normal
2024-01-29,154.5973336265162,Product_011,2024-02-04,Normal
2024-02-05,146.98782194570737,Product_011,2024-02-11,Normal
2024-02-12,156.05876592228682,Product_011,2024-02-18,Normal
2024-02-19,155.7135837264943,Product_011,2024-02-25,Normal
2024-02-26,162.8784207560948,Product_011,2024-03-03,Normal
2024-03-04,153.5080042621634,Product_011,2024-03-10,Normal
2024-03-11,154.07385090787528,Product_011,2024-03-17,Normal
2024-03-18,156.30379929522965,Product_011,2024-03-24,Normal
2024-03-25,169.87404484743936,Product_011,2024-03-31,Normal
2024-04-01,167.00024245891328,Product_011,2024-04-07,Normal
2024-04-08,165.43583138608494,Product_011,2024-04-14,Normal
2024-04-15,161.4866822071811,Product_011,2024-04-21,Normal
2024-04-22,161.03625172136077,Product_011,2024-04-28,Normal
2024-04-29,158.88925024076858,Product_011,2024-05-05,BOGO
2024-05-06,355.33912273051976,Product_011,2024-05-12,BOGO
2024-05-13,163.58732543673943,Product_011,2024-05-19,Normal
2024-05-20,156.2970612154447,Product_011,2024-05-26,Normal
2024-05-27,144.39260277881408,Product_011,2024-06-02,Memorial Day
2024-06-03,147.34310410966862,Product_011,2024-06-09,Normal
2024-06-10,154.25420123046428,Product_011,2024-06-16,Normal
2024-06-17,152.00278471912827,Product_011,2024-06-23,Normal
2024-06-24,147.05797617383078,Product_011,2024-06-30,Normal
2024-07-01,144.98834681596674,Product_011,2024-07-07,Normal
2024-07-08,143.77989439475795,Product_011,2024-07-14,Normal
2024-07-15,144.70933955391507,Product_011,2024-07-21,Normal
2024-07-22,128.69984908678634,Product_011,2024-07-28,Normal
2024-07-29,133.4180498594933,Product_011,2024-08-04,Normal
2024-08-05,125.71633399518171,Product_011,2024-08-11,Disc_50
2024-08-12,121.62044053682328,Product_011,2024-08-18,Disc_50
2024-08-19,724.9730243801393,Product_011,2024-08-25,Normal
2024-08-26,119.9693272497136,Product_011,2024-09-01,Normal
2024-09-02,117.28957574449107,Product_011,2024-09-08,Normal
2024-09-09,113.9056062171362,Product_011,2024-09-15,Normal
2024-09-16,121.73055168143142,Product_011,2024-09-22,Normal
2024-09-23,116.6198567619234,Product_011,2024-09-29,Normal
2024-09-30,122.32392941764762,Product_011,2024-10-06,Normal
2024-10-07,125.80000582909176,Product_011,2024-10-13,Normal
2024-10-14,122.98348155672817,Product_011,2024-10-20,Normal
2024-10-21,121.0096979855868,Product_011,2024-10-27,Normal
2024-10-28,131.294892837316,Product_011,2024-11-03,Normal
2024-11-04,128.59997474736645,Product_011,2024-11-10,Normal
2024-11-11,128.87881301555038,Product_011,2024-11-17,Normal
2024-11-18,517.1463022077818,Product_011,2024-11-24,Normal
2024-11-25,556.2850932418496,Product_011,2024-12-01,Black Friday
2024-12-02,140.71891517392766,Product_011,2024-12-08,Normal
2024-12-09,144.10921413496257,Product_011,2024-12-15,Normal
2024-12-16,140.2734393582365,Product_011,2024-12-22,Normal
2024-12-23,143.58962415378937,Product_011,2024-12-29,Normal
2024-12-30,153.49863927261458,Product_011,2025-01-05,Normal
2023-01-02,110.30328093838332,Product_012,2023-01-08,Normal
2023-01-09,114.255873133994,Product_012,2023-01-15,Normal
2023-01-16,109.02085335060288,Product_012,2023-01-22,Normal
2023-01-23,114.02487243878358,Product_012,2023-01-29,Normal
2023-01-30,122.41777876905232,Product_012,2023-02-05,Normal
2023-02-06,120.45579304701036,Product_012,2023-02-12,Normal
2023-02-13,123.91938425840432,Product_012,2023-02-19,Normal
2023-02-20,128.56128956449422,Product_012,2023-02-26,Normal
2023-02-27,131.0160725659478,Product_012,2023-03-05,Normal
2023-03-06,130.47138753307138,Product_012,2023-03-12,Normal
2023-03-13,135.73481138197783,Product_012,2023-03-19,Normal
2023-03-20,137.68843106394738,Product_012,2023-03-26,Normal
2023-03-27,132.14904240203546,Product_012,2023-04-02,Normal
2023-04-03,140.57748734373325,Product_012,2023-04-09,Normal
2023-04-10,133.6492323205332,Product_012,2023-04-16,Normal
2023-04-17,143.47965534502237,Product_012,2023-04-23,Normal
2023-04-24,143.85681814333816,Product_012,2023-04-30,Normal
2023-05-01,134.7783599030937,Product_012,2023-05-07,Normal
2023-05-08,141.2844437478661,Product_012,2023-05-14,Normal
2023-05-15,133.42306370676715,Product_012,2023-05-21,BOGO
2023-05-22,275.30546689259575,Product_012,2023-05-28,BOGO
2023-05-29,135.1275513060342,Product_012,2023-06-04,Memorial Day
2023-06-05,128.7747382826139,Product_012,2023-06-11,Normal
2023-06-12,128.0589981257006,Product_012,2023-06-18,Normal
2023-06-19,115.06687618391736,Product_012,2023-06-25,Normal
2023-06-26,120.21098675389614,Product_012,2023-07-02,Normal
2023-07-03,118.9521864778142,Product_012,2023-07-09,Normal
2023-07-10,121.375350397477,Product_012,2023-07-16,Normal
2023-07-17,112.37566145498806,Product_012,2023-07-23,Normal
2023-07-24,114.60683939852596,Product_012,2023-07-30,Normal
2023-07-31,5.512477505322755,Product_012,2023-08-06,Normal
2023-08-07,106.3268897501244,Product_012,2023-08-13,Normal
2023-08-14,103.41570248493228,Product_012,2023-08-20,Normal
2023-08-21,102.75636823143294,Product_012,2023-08-27,Normal
2023-08-28,100.97256020335011,Product_012,2023-09-03,Normal
2023-09-04,100.10094438272696,Product_012,2023-09-10,Normal
2023-09-11,97.9575070203601,Product_012,2023-09-17,Normal
2023-09-18,100.31920534655126,Product_012,2023-09-24,Normal
2023-09-25,93.940385092208,Product_012,2023-10-01,Normal
2023-10-02,85.87130737222019,Product_012,2023-10-08,Normal
2023-10-09,98.64883834360045,Product_012,2023-10-15,Normal
2023-10-16,99.11892077124564,Product_012,2023-10-22,Normal
2023-10-23,106.27915634692346,Product_012,2023-10-29,Normal
2023-10-30,104.18291252959014,Product_012,2023-11-05,Normal
2023-11-06,105.8686445780502,Product_012,2023-11-12,Normal
2023-11-13,109.96048773215148,Product_012,2023-11-19,Normal
2023-11-20,447.0711873677832,Product_012,2023-11-26,Black Friday
2023-11-27,453.07202270830993,Product_012,2023-12-03,Normal
2023-12-04,108.61086186386528,Product_012,2023-12-10,Normal
2023-12-11,120.62180787136997,Product_012,2023-12-17,Normal
2023-12-18,120.84569042123056,Product_012,2023-12-24,Normal
2023-12-25,126.2394859020274,Product_012,2023-12-31,Normal
2024-01-01,131.24153138245137,Product_012,2024-01-07,Normal
2024-01-08,139.34468230103872,Product_012,2024-01-14,Normal
2024-01-15,135.9623744443558,Product_012,2024-01-21,Normal
2024-01-22,138.22031629338613,Product_012,2024-01-28,Normal
2024-01-29,141.13709117129227,Product_012,2024-02-04,Normal
2024-02-05,142.2837993301441,Product_012,2024-02-11,Normal
2024-02-12,146.2954710521879,Product_012,2024-02-18,Normal
2024-02-19,148.86927553927552,Product_012,2024-02-25,Normal
2024-02-26,156.63357391106834,Product_012,2024-03-03,Normal
2024-03-04,152.12682314637394,Product_012,2024-03-10,Normal
2024-03-11,159.16773435998346,Product_012,2024-03-17,Normal
2024-03-18,153.98397600251533,Product_012,2024-03-24,Normal
2024-03-25,158.5712463965978,Product_012,2024-03-31,Normal
2024-04-01,160.30580582530783,Product_012,2024-04-07,Normal
2024-04-08,155.95520890091953,Product_012,2024-04-14,Normal
2024-04-15,160.7499953974633,Product_012,2024-04-21,Normal
2024-04-22,162.86442685967486,Product_012,2024-04-28,Normal
2024-04-29,160.81060313619906,Product_012,2024-05-05,BOGO
2024-05-06,328.33925959924255,Product_012,2024-05-12,BOGO
2024-05-13,157.10241590890274,Product_012,2024-05-19,Normal
2024-05-20,148.12153545534355,Product_012,2024-05-26,Normal
2024-05-27,150.13217983772708,Product_012,2024-06-02,Memorial Day
2024-06-03,145.9221106118869,Product_012,2024-06-09,Normal
2024-06-10,146.8057697119694,Product_012,2024-06-16,Normal
2024-06-17,142.8176155875246,Product_012,2024-06-23,Normal
2024-06-24,148.093409092294,Product_012,2024-06-30,Normal
2024-07-01,143.9701231818634,Product_012,2024-07-07,Normal
2024-07-08,145.15747062349618,Product_012,2024-07-14,Normal
2024-07-15,136.18842390418408,Product_012,2024-07-21,Normal
2024-07-22,127.56238205776395,Product_012,2024-07-28,Normal
2024-07-29,133.04312588443707,Product_012,2024-08-04,Normal
2024-08-05,129.935814427593,Product_012,2024-08-11,Disc_50
2024-08-12,119.96339606215967,Product_012,2024-08-18,Disc_50
2024-08-19,731.4761395408676,Product_012,2024-08-25,Normal
2024-08-26,123.95015648864349,Product_012,2024-09-01,Normal
2024-09-02,121.19605383532348,Product_012,2024-09-08,Normal
2024-09-09,122.0928653514895,Product_012,2024-09-15,Normal
2024-09-16,116.14827811079728,Product_012,2024-09-22,Normal
2024-09-23,119.21501575134565,Product_012,2024-09-29,Normal
2024-09-30,118.72498637601603,Product_012,2024-10-06,Normal
2024-10-07,124.98108467331424,Product_012,2024-10-13,Normal
2024-10-14,127.75293011843142,Product_012,2024-10-20,Normal
2024-10-21,122.56683295631572,Product_012,2024-10-27,Normal
2024-10-28,129.64810429868805,Product_012,2024-11-03,Normal
2024-11-04,125.5938011059831,Product_012,2024-11-10,Normal
2024-11-11,125.6627476006486,Product_012,2024-11-17,Normal
2024-11-18,504.80915283030595,Product_012,2024-11-24,Normal
2024-11-25,519.2892729381628,Product_012,2024-12-01,Black Friday
2024-12-02,141.18381077731027,Product_012,2024-12-08,Normal
2024-12-09,144.31757461891092,Product_012,2024-12-15,Normal
2024-12-16,147.9780840742585,Product_012,2024-12-22,Normal
2024-12-23,142.60326606146776,Product_012,2024-12-29,Normal
2024-12-30,158.34836358763323,Product_012,2025-01-05,Normal
2023-01-02,98.19899016016552,Product_013,2023-01-08,Normal
2023-01-09,101.6146462586695,Product_013,2023-01-15,Normal
2023-01-16,102.2344923538478,Product_013,2023-01-22,Normal
2023-01-23,113.5640880778978,Product_013,2023-01-29,Normal
2023-01-30,119.19429766322398,Product_013,2023-02-05,Normal
2023-02-06,114.2259475356391,Product_013,2023-02-12,Normal
2023-02-13,120.21668967888913,Product_013,2023-02-19,Normal
2023-02-20,124.62779090678828,Product_013,2023-02-26,Normal
2023-02-27,118.98246998756076,Product_013,2023-03-05,Normal
2023-03-06,129.77501835010855,Product_013,2023-03-12,Normal
2023-03-13,123.6701855301838,Product_013,2023-03-19,Normal
2023-03-20,128.06785641604142,Product_013,2023-03-26,Normal
2023-03-27,136.91805125486297,Product_013,2023-04-02,Normal
2023-04-03,137.65140859536692,Product_013,2023-04-09,Normal
2023-04-10,131.39483856367067,Product_013,2023-04-16,Normal
2023-04-17,129.1851043623713,Product_013,2023-04-23,Normal
2023-04-24,125.8297314194426,Product_013,2023-04-30,Normal
2023-05-01,134.85150477962102,Product_013,2023-05-07,Normal
2023-05-08,130.30736479036173,Product_013,2023-05-14,Normal
2023-05-15,128.22332844879048,Product_013,2023-05-21,BOGO
2023-05-22,246.98838589228765,Product_013,2023-05-28,BOGO
2023-05-29,128.1031207517071,Product_013,2023-06-04,Memorial Day
2023-06-05,119.2076145963363,Product_013,2023-06-11,Normal
2023-06-12,110.98912962810697,Product_013,2023-06-18,Normal
2023-06-19,112.5617175414739,Product_013,2023-06-25,Normal
2023-06-26,112.19392119292723,Product_013,2023-07-02,Normal
2023-07-03,109.9812095541144,Product_013,2023-07-09,Normal
2023-07-10,106.32012720345392,Product_013,2023-07-16,Normal
2023-07-17,106.55630227764608,Product_013,2023-07-23,Normal
2023-07-24,102.6360489741582,Product_013,2023-07-30,Normal
2023-07-31,4.945353667004653,Product_013,2023-08-06,Normal
2023-08-07,95.33969220917014,Product_013,2023-08-13,Normal
2023-08-14,96.4828959691057,Product_013,2023-08-20,Normal
2023-08-21,95.41613724695698,Product_013,2023-08-27,Normal
2023-08-28,96.63231653620824,Product_013,2023-09-03,Normal
2023-09-04,94.78177242586897,Product_013,2023-09-10,Normal
2023-09-11,96.28123171846318,Product_013,2023-09-17,Normal
2023-09-18,98.1635959128233,Product_013,2023-09-24,Normal
2023-09-25,88.96775911525418,Product_013,2023-10-01,Normal
2023-10-02,85.5034479854344,Product_013,2023-10-08,Normal
2023-10-09,89.74841475376846,Product_013,2023-10-15,Normal
2023-10-16,92.60946297509142,Product_013,2023-10-22,Normal
2023-10-23,93.72665456176384,Product_013,2023-10-29,Normal
2023-10-30,102.6052005491306,Product_013,2023-11-05,Normal
2023-11-06,102.14801644027304,Product_013,2023-11-12,Normal
2023-11-13,103.17964452818391,Product_013,2023-11-19,Normal
2023-11-20,410.592516226873,Product_013,2023-11-26,Black Friday
2023-11-27,421.5957790203385,Product_013,2023-12-03,Normal
2023-12-04,107.14428827626004,Product_013,2023-12-10,Normal
2023-12-11,109.9790704059324,Product_013,2023-12-17,Normal
2023-12-18,115.814465285086,Product_013,2023-12-24,Normal
2023-12-25,123.1400416998237,Product_013,2023-12-31,Normal
2024-01-01,131.2524191439023,Product_013,2024-01-07,Normal
2024-01-08,126.56899408961787,Product_013,2024-01-14,Normal
2024-01-15,131.98918641824582,Product_013,2024-01-21,Normal
2024-01-22,134.53899665192029,Product_013,2024-01-28,Normal
2024-01-29,142.70746752396528,Product_013,2024-02-04,Normal
2024-02-05,143.2638640606716,Product_013,2024-02-11,Normal
2024-02-12,139.98235837274603,Product_013,2024-02-18,Normal
2024-02-19,144.23805747200083,Product_013,2024-02-25,Normal
2024-02-26,144.91810665133318,Product_013,2024-03-03,Normal
2024-03-04,152.26205989057067,Product_013,2024-03-10,Normal
2024-03-11,157.24759894617165,Product_013,2024-03-17,Normal
2024-03-18,155.21607081100393,Product_013,2024-03-24,Normal
2024-03-25,157.14513480402246,Product_013,2024-03-31,Normal
2024-04-01,158.61103380948458,Product_013,2024-04-07,Normal
2024-04-08,154.17545390844452,Product_013,2024-04-14,Normal
2024-04-15,151.11598473463127,Product_013,2024-04-21,Normal
2024-04-22,153.25651788959638,Product_013,2024-04-28,Normal
2024-04-29,158.2920548704246,Product_013,2024-05-05,BOGO
2024-05-06,329.9933958326782,Product_013,2024-05-12,BOGO
2024-05-13,153.96101986404867,Product_013,2024-05-19,Normal
2024-05-20,140.56621136591554,Product_013,2024-05-26,Normal
2024-05-27,150.04062408816796,Product_013,2024-06-02,Memorial Day
2024-06-03,146.34006368918685,Product_013,2024-06-09,Normal
2024-06-10,151.9708915608366,Product_013,2024-06-16,Normal
2024-06-17,141.12866697565798,Product_013,2024-06-23,Normal
2024-06-24,142.13707070052664,Product_013,2024-06-30,Normal
2024-07-01,136.58071832205664,Product_013,2024-07-07,Normal
2024-07-08,132.35870607793925,Product_013,2024-07-14,Normal
2024-07-15,135.315391027495,Product_013,2024-07-21,Normal
2024-07-22,130.95818159944767,Product_013,2024-07-28,Normal
2024-07-29,134.27945725249322,Product_013,2024-08-04,Normal
2024-08-05,123.57242298660046,Product_013,2024-08-11,Disc_50
2024-08-12,125.62451082513248,Product_013,2024-08-18,Disc_50
2024-08-19,728.5178997546508,Product_013,2024-08-25,Normal
2024-08-26,123.87323329995463,Product_013,2024-09-01,Normal
2024-09-02,125.92439335710914,Product_013,2024-09-08,Normal
2024-09-09,115.1816142938098,Product_013,2024-09-15,Normal
2024-09-16,114.80008919675016,Product_013,2024-09-22,Normal
2024-09-23,118.5317288769652,Product_013,2024-09-29,Normal
2024-09-30,117.40230015772616,Product_013,2024-10-06,Normal
2024-10-07,114.8286138940952,Product_013,2024-10-13,Normal
2024-10-14,125.78431900610252,Product_013,2024-10-20,Normal
2024-10-21,126.28619053739354,Product_013,2024-10-27,Normal
2024-10-28,125.13778087943692,Product_013,2024-11-03,Normal
2024-11-04,122.966136673689,Product_013,2024-11-10,Normal
2024-11-11,130.40026065724516,Product_013,2024-11-17,Normal
2024-11-18,518.6751434246237,Product_013,2024-11-24,Normal
2024-11-25,551.3273358187331,Product_013,2024-12-01,Black Friday
2024-12-02,134.69553314319592,Product_013,2024-12-08,Normal
2024-12-09,133.9202732762545,Product_013,2024-12-15,Normal
2024-12-16,143.82350469849322,Product_013,2024-12-22,Normal
2024-12-23,154.01778119750264,Product_013,2024-12-29,Normal
2024-12-30,156.29087100879838,Product_013,2025-01-05,Normal
2023-01-02,109.2624670929424,Product_014,2023-01-08,Normal
2023-01-09,98.6598252902456,Product_014,2023-01-15,Normal
2023-01-16,108.8110191129001,Product_014,2023-01-22,Normal
2023-01-23,111.53394362516892,Product_014,2023-01-29,Normal
2023-01-30,119.36096922191736,Product_014,2023-02-05,Normal
2023-02-06,114.46699913941868,Product_014,2023-02-12,Normal
2023-02-13,119.97168343401918,Product_014,2023-02-19,Normal
2023-02-20,122.66321878044214,Product_014,2023-02-26,Normal
2023-02-27,126.99843120695547,Product_014,2023-03-05,Normal
2023-03-06,129.8872430515324,Product_014,2023-03-12,Normal
2023-03-13,136.64340251417968,Product_014,2023-03-19,Normal
2023-03-20,130.1222340956328,Product_014,2023-03-26,Normal
2023-03-27,139.9299664287815,Product_014,2023-04-02,Normal
2023-04-03,129.60100023631222,Product_014,2023-04-09,Normal
2023-04-10,131.78520289998715,Product_014,2023-04-16,Normal
2023-04-17,135.77621727204962,Product_014,2023-04-23,Normal
2023-04-24,133.68260783666315,Product_014,2023-04-30,Normal
2023-05-01,130.32364133482488,Product_014,2023-05-07,Normal
2023-05-08,132.5610808678026,Product_014,2023-05-14,Normal
2023-05-15,128.55856593444076,Product_014,2023-05-21,BOGO
2023-05-22,249.7520383783605,Product_014,2023-05-28,BOGO
2023-05-29,133.29078783650206,Product_014,2023-06-04,Memorial Day
2023-06-05,123.68226925917529,Product_014,2023-06-11,Normal
2023-06-12,121.85716699046353,Product_014,2023-06-18,Normal
2023-06-19,118.43875342362104,Product_014,2023-06-25,Normal
2023-06-26,114.30761145920056,Product_014,2023-07-02,Normal
2023-07-03,120.24718824774357,Product_014,2023-07-09,Normal
2023-07-10,103.141186185026,Product_014,2023-07-16,Normal
2023-07-17,108.34581720982978,Product_014,2023-07-23,Normal
2023-07-24,108.29895297632306,Product_014,2023-07-30,Normal
2023-07-31,5.354752522893504,Product_014,2023-08-06,Normal
2023-08-07,110.32577552269538,Product_014,2023-08-13,Normal
2023-08-14,102.94791909329678,Product_014,2023-08-20,Normal
2023-08-21,105.32906124394928,Product_014,2023-08-27,Normal
2023-08-28,99.78988896077612,Product_014,2023-09-03,Normal
2023-09-04,105.37050378748395,Product_014,2023-09-10,Normal
2023-09-11,101.33935735460494,Product_014,2023-09-17,Normal
2023-09-18,97.7753442524174,Product_014,2023-09-24,Normal
2023-09-25,100.21476927271938,Product_014,2023-10-01,Normal
2023-10-02,89.86845022149976,Product_014,2023-10-08,Normal
2023-10-09,90.621211010163,Product_014,2023-10-15,Normal
2023-10-16,87.42443070451237,Product_014,2023-10-22,Normal
2023-10-23,94.9408818751637,Product_014,2023-10-29,Normal
2023-10-30,101.22222018171524,Product_014,2023-11-05,Normal
2023-11-06,107.05162099212788,Product_014,2023-11-12,Normal
2023-11-13,108.44289653325067,Product_014,2023-11-19,Normal
2023-11-20,438.3025142497102,Product_014,2023-11-26,Black Friday
2023-11-27,484.0397179551581,Product_014,2023-12-03,Normal
2023-12-04,115.53406119090393,Product_014,2023-12-10,Normal
2023-12-11,121.37251674778676,Product_014,2023-12-17,Normal
2023-12-18,118.78915616236864,Product_014,2023-12-24,Normal
2023-12-25,120.56662369833232,Product_014,2023-12-31,Normal
2024-01-01,123.92946623871316,Product_014,2024-01-07,Normal
2024-01-08,129.32495590268826,Product_014,2024-01-14,Normal
2024-01-15,133.1381781184186,Product_014,2024-01-21,Normal
2024-01-22,134.26837272739544,Product_014,2024-01-28,Normal
2024-01-29,139.55213439813232,Product_014,2024-02-04,Normal
2024-02-05,141.51461815162406,Product_014,2024-02-11,Normal
2024-02-12,145.16188155737476,Product_014,2024-02-18,Normal
2024-02-19,145.1176790170829,Product_014,2024-02-25,Normal
2024-02-26,153.55462025944357,Product_014,2024-03-03,Normal
2024-03-04,153.0309522633284,Product_014,2024-03-10,Normal
2024-03-11,150.3565768367508,Product_014,2024-03-17,Normal
2024-03-18,157.6273425681967,Product_014,2024-03-24,Normal
2024-03-25,165.80019201315037,Product_014,2024-03-31,Normal
2024-04-01,154.41795651530555,Product_014,2024-04-07,Normal
2024-04-08,148.84840768677122,Product_014,2024-04-14,Normal
2024-04-15,157.50034404017686,Product_014,2024-04-21,Normal
2024-04-22,158.9966699602347,Product_014,2024-04-28,Normal
2024-04-29,153.67410949340035,Product_014,2024-05-05,BOGO
2024-05-06,343.7038766811345,Product_014,2024-05-12,BOGO
2024-05-13,151.9749437983577,Product_014,2024-05-19,Normal
2024-05-20,151.17754838039838,Product_014,2024-05-26,Normal
2024-05-27,156.38674089283688,Product_014,2024-06-02,Memorial Day
2024-06-03,155.70228544443364,Product_014,2024-06-09,Normal
2024-06-10,148.73787979412617,Product_014,2024-06-16,Normal
2024-06-17,146.55863851043495,Product_014,2024-06-23,Normal
2024-06-24,149.82319874944213,Product_014,2024-06-30,Normal
2024-07-01,130.76020711453785,Product_014,2024-07-07,Normal
2024-07-08,133.4688733430397,Product_014,2024-07-14,Normal
2024-07-15,131.14312924584652,Product_014,2024-07-21,Normal
2024-07-22,123.95908870528118,Product_014,2024-07-28,Normal
2024-07-29,127.41108935802454,Product_014,2024-08-04,Normal
2024-08-05,123.51942673500648,Product_014,2024-08-11,Disc_50
2024-08-12,117.9439056512314,Product_014,2024-08-18,Disc_50
2024-08-19,716.2974685329191,Product_014,2024-08-25,Normal
2024-08-26,125.26769201483803,Product_014,2024-09-01,Normal
2024-09-02,119.07908948178556,Product_014,2024-09-08,Normal
2024-09-09,118.33938094103162,Product_014,2024-09-15,Normal
2024-09-16,122.43689032270365,Product_014,2024-09-22,Normal
2024-09-23,116.736204227608,Product_014,2024-09-29,Normal
2024-09-30,126.4092498987739,Product_014,2024-10-06,Normal
2024-10-07,119.89421001325395,Product_014,2024-10-13,Normal
2024-10-14,118.36440583864892,Product_014,2024-10-20,Normal
2024-10-21,124.95767646890069,Product_014,2024-10-27,Normal
2024-10-28,123.24610380986688,Product_014,2024-11-03,Normal
2024-11-04,125.51500276463842,Product_014,2024-11-10,Normal
2024-11-11,131.72848703755693,Product_014,2024-11-17,Normal
2024-11-18,531.1214866821558,Product_014,2024-11-24,Normal
2024-11-25,543.269133817551,Product_014,2024-12-01,Black Friday
2024-12-02,136.79172450018118,Product_014,2024-12-08,Normal
2024-12-09,141.6119481818775,Product_014,2024-12-15,Normal
2024-12-16,148.30053714770122,Product_014,2024-12-22,Normal
2024-12-23,150.7156823954463,Product_014,2024-12-29,Normal
2024-12-30,151.9263336371224,Product_014,2025-01-05,Normal
2023-01-02,92.41264542794168,Product_015,2023-01-08,Normal
2023-01-09,93.23378011360325,Product_015,2023-01-15,Normal
2023-01-16,94.85948257104104,Product_015,2023-01-22,Normal
2023-01-23,97.193741172235,Product_015,2023-01-29,Normal
2023-01-30,103.5194871713162,Product_015,2023-02-05,Normal
2023-02-06,103.72486086979464,Product_015,2023-02-12,Normal
2023-02-13,108.59739600736846,Product_015,2023-02-19,Normal
2023-02-20,108.82059252248264,Product_015,2023-02-26,Normal
2023-02-27,115.2102967444866,Product_015,2023-03-05,Normal
2023-03-06,111.87077220367922,Product_015,2023-03-12,Normal
2023-03-13,119.04976603169165,Product_015,2023-03-19,Normal
2023-03-20,118.95379180590515,Product_015,2023-03-26,Normal
2023-03-27,124.02503346049824,Product_015,2023-04-02,Normal
2023-04-03,117.28109194001878,Product_015,2023-04-09,Normal
2023-04-10,113.06084046317496,Product_015,2023-04-16,Normal
2023-04-17,116.58415401668177,Product_015,2023-04-23,Normal
2023-04-24,121.95757115713664,Product_015,2023-04-30,Normal
2023-05-01,121.83095511110189,Product_015,2023-05-07,Normal
2023-05-08,112.48357703028198,Product_015,2023-05-14,Normal
2023-05-15,120.88461017951892,Product_015,2023-05-21,BOGO
2023-05-22,226.99660901406713,Product_015,2023-05-28,BOGO
2023-05-29,111.36070335525017,Product_015,2023-06-04,Memorial Day
2023-06-05,114.68715106634426,Product_015,2023-06-11,Normal
2023-06-12,107.82809834280458,Product_015,2023-06-18,Normal
2023-06-19,112.38600577377932,Product_015,2023-06-25,Normal
2023-06-26,110.4722253304412,Product_015,2023-07-02,Normal
2023-07-03,103.25007505835242,Product_015,2023-07-09,Normal
2023-07-10,97.85132830830126,Product_015,2023-07-16,Normal
2023-07-17,100.6773012463226,Product_015,2023-07-23,Normal
2023-07-24,92.98666033148731,Product_015,2023-07-30,Normal
2023-07-31,4.750490169860535,Product_015,2023-08-06,Normal
2023-08-07,88.42667921755347,Product_015,2023-08-13,Normal
2023-08-14,94.08170388490548,Product_015,2023-08-20,Normal
2023-08-21,97.01982501661844,Product_015,2023-08-27,Normal
2023-08-28,90.75592376851488,Product_015,2023-09-03,Normal
2023-09-04,86.83008697799112,Product_015,2023-09-10,Normal
2023-09-11,87.79672073700557,Product_015,2023-09-17,Normal
2023-09-18,81.24510436027668,Product_015,2023-09-24,Normal
2023-09-25,87.92931369721644,Product_015,2023-10-01,Normal
2023-10-02,84.89170527718647,Product_015,2023-10-08,Normal
2023-10-09,90.87476119473646,Product_015,2023-10-15,Normal
2023-10-16,85.52533855306042,Product_015,2023-10-22,Normal
2023-10-23,91.451846406119,Product_015,2023-10-29,Normal
2023-10-30,92.02584522097024,Product_015,2023-11-05,Normal
2023-11-06,99.46178313582206,Product_015,2023-11-12,Normal
2023-11-13,102.8214724155071,Product_015,2023-11-19,Normal
2023-11-20,396.0787081024006,Product_015,2023-11-26,Black Friday
2023-11-27,387.9413071870592,Product_015,2023-12-03,Normal
2023-12-04,105.1109480290246,Product_015,2023-12-10,Normal
2023-12-11,109.54834561822472,Product_015,2023-12-17,Normal
2023-12-18,112.83350707947628,Product_015,2023-12-24,Normal
2023-12-25,115.6667439087699,Product_015,2023-12-31,Normal
2024-01-01,115.8821908784631,Product_015,2024-01-07,Normal
2024-01-08,119.91323217197012,Product_015,2024-01-14,Normal
2024-01-15,124.59995324175743,Product_015,2024-01-21,Normal
2024-01-22,122.86110214774432,Product_015,2024-01-28,Normal
2024-01-29,129.6637679257608,Product_015,2024-02-04,Normal
2024-02-05,133.23687731473197,Product_015,2024-02-11,Normal
2024-02-12,134.32389092039998,Product_015,2024-02-18,Normal
2024-02-19,141.04833640015678,Product_015,2024-02-25,Normal
2024-02-26,144.00416128395293,Product_015,2024-03-03,Normal
2024-03-04,150.36326381811512,Product_015,2024-03-10,Normal
2024-03-11,151.72647156402732,Product_015,2024-03-17,Normal
2024-03-18,144.73110698855265,Product_015,2024-03-24,Normal
2024-03-25,147.0949000312606,Product_015,2024-03-31,Normal
2024-04-01,147.03992301138018,Product_015,2024-04-07,Normal
2024-04-08,151.35656212518614,Product_015,2024-04-14,Normal
2024-04-15,145.4428361262398,Product_015,2024-04-21,Normal
2024-04-22,148.6824750149502,Product_015,2024-04-28,Normal
2024-04-29,151.18322334831146,Product_015,2024-05-05,BOGO
2024-05-06,310.16673500873094,Product_015,2024-05-12,BOGO
2024-05-13,148.63409322930363,Product_015,2024-05-19,Normal
2024-05-20,152.59705018522726,Product_015,2024-05-26,Normal
2024-05-27,152.3918457280887,Product_015,2024-06-02,Memorial Day
2024-06-03,143.8254967051299,Product_015,2024-06-09,Normal
2024-06-10,138.9559950537734,Product_015,2024-06-16,Normal
2024-06-17,137.4282581746602,Product_015,2024-06-23,Normal
2024-06-24,144.08784283502982,Product_015,2024-06-30,Normal
2024-07-01,127.64975832759426,Product_015,2024-07-07,Normal
2024-07-08,125.1402406977814,Product_015,2024-07-14,Normal
2024-07-15,125.74044449293082,Product_015,2024-07-21,Normal
2024-07-22,117.98935011541552,Product_015,2024-07-28,Normal
2024-07-29,125.22478546514375,Product_015,2024-08-04,Normal
2024-08-05,125.95329923844494,Product_015,2024-08-11,Disc_50
2024-08-12,119.14298462962924,Product_015,2024-08-18,Disc_50
2024-08-19,721.4188826195445,Product_015,2024-08-25,Normal
2024-08-26,114.22904799677023,Product_015,2024-09-01,Normal
2024-09-02,116.94476697942493,Product_015,2024-09-08,Normal
2024-09-09,111.26095791803874,Product_015,2024-09-15,Normal
2024-09-16,110.7521768558222,Product_015,2024-09-22,Normal
2024-09-23,121.39720241161017,Product_015,2024-09-29,Normal
2024-09-30,117.29177007017756,Product_015,2024-10-06,Normal
2024-10-07,122.48934758275672,Product_015,2024-10-13,Normal
2024-10-14,118.3779291839893,Product_015,2024-10-20,Normal
2024-10-21,120.10246080689085,Product_015,2024-10-27,Normal
2024-10-28,126.24974576279698,Product_015,2024-11-03,Normal
2024-11-04,126.59085319381036,Product_015,2024-11-10,Normal
2024-11-11,131.12515813745927,Product_015,2024-11-17,Normal
2024-11-18,523.5831469920706,Product_015,2024-11-24,Normal
2024-11-25,528.4061853414026,Product_015,2024-12-01,Black Friday
2024-12-02,139.1145688045599,Product_015,2024-12-08,Normal
2024-12-09,145.25959021578203,Product_015,2024-12-15,Normal
2024-12-16,138.89435557214574,Product_015,2024-12-22,Normal
2024-12-23,143.54038918856813,Product_015,2024-12-29,Normal
2024-12-30,146.94430539279443,Product_015,2025-01-05,Normal
2023-01-02,119.08582276861706,Product_016,2023-01-08,Normal
2023-01-09,126.52985087811408,Product_016,2023-01-15,Normal
2023-01-16,131.88749914240833,Product_016,2023-01-22,Normal
2023-01-23,126.49412948900576,Product_016,2023-01-29,Normal
2023-01-30,128.55433561460347,Product_016,2023-02-05,Normal
2023-02-06,125.3075282394376,Product_016,2023-02-12,Normal
2023-02-13,128.61063825223675,Product_016,2023-02-19,Normal
2023-02-20,138.29286859816224,Product_016,2023-02-26,Normal
2023-02-27,142.3515018409822,Product_016,2023-03-05,Normal
2023-03-06,136.23116788304637,Product_016,2023-03-12,Normal
2023-03-13,140.68091018751252,Product_016,2023-03-19,Normal
2023-03-20,144.20757259088708,Product_016,2023-03-26,Normal
2023-03-27,147.26755405932883,Product_016,2023-04-02,Normal
2023-04-03,148.07485370546104,Product_016,2023-04-09,Normal
2023-04-10,147.10721678116417,Product_016,2023-04-16,Normal
2023-04-17,146.92776904246415,Product_016,2023-04-23,Normal
2023-04-24,150.0422662363373,Product_016,2023-04-30,Normal
2023-05-01,150.14510644014118,Product_016,2023-05-07,Normal
2023-05-08,143.12380209383724,Product_016,2023-05-14,Normal
2023-05-15,144.68758259443686,Product_016,2023-05-21,BOGO
2023-05-22,284.05417367856506,Product_016,2023-05-28,BOGO
2023-05-29,144.61590879701268,Product_016,2023-06-04,Memorial Day
2023-06-05,136.18217009273607,Product_016,2023-06-11,Normal
2023-06-12,131.54609079007736,Product_016,2023-06-18,Normal
2023-06-19,131.77288571078134,Product_016,2023-06-25,Normal
2023-06-26,127.302981626656,Product_016,2023-07-02,Normal
2023-07-03,127.12135265249049,Product_016,2023-07-09,Normal
2023-07-10,122.0834824763873,Product_016,2023-07-16,Normal
2023-07-17,125.72556909311795,Product_016,2023-07-23,Normal
2023-07-24,117.69143312602198,Product_016,2023-07-30,Normal
2023-07-31,5.899979098437758,Product_016,2023-08-06,Normal
2023-08-07,111.98514155037078,Product_016,2023-08-13,Normal
2023-08-14,107.367841567652,Product_016,2023-08-20,Normal
2023-08-21,109.82863322083465,Product_016,2023-08-27,Normal
2023-08-28,116.37812459087752,Product_016,2023-09-03,Normal
2023-09-04,108.16727285467812,Product_016,2023-09-10,Normal
2023-09-11,108.47513027336424,Product_016,2023-09-17,Normal
2023-09-18,109.77362114095304,Product_016,2023-09-24,Normal
2023-09-25,110.44061092401452,Product_016,2023-10-01,Normal
2023-10-02,99.94165628549035,Product_016,2023-10-08,Normal
2023-10-09,102.41386649349758,Product_016,2023-10-15,Normal
2023-10-16,109.5580675891576,Product_016,2023-10-22,Normal
2023-10-23,110.26781287588676,Product_016,2023-10-29,Normal
2023-10-30,107.49286955159836,Product_016,2023-11-05,Normal
2023-11-06,115.21902411197004,Product_016,2023-11-12,Normal
2023-11-13,115.83823640163055,Product_016,2023-11-19,Normal
2023-11-20,472.44787398879873,Product_016,2023-11-26,Black Friday
2023-11-27,489.8764898628793,Product_016,2023-12-03,Normal
2023-12-04,117.139019885275,Product_016,2023-12-10,Normal
2023-12-11,130.22587217392785,Product_016,2023-12-17,Normal
2023-12-18,129.3695610039943,Product_016,2023-12-24,Normal
2023-12-25,125.98583290568712,Product_016,2023-12-31,Normal
2024-01-01,139.63639174592777,Product_016,2024-01-07,Normal
2024-01-08,137.94530038157663,Product_016,2024-01-14,Normal
2024-01-15,143.27907358260893,Product_016,2024-01-21,Normal
2024-01-22,141.82397408405808,Product_016,2024-01-28,Normal
2024-01-29,151.87933345749906,Product_016,2024-02-04,Normal
2024-02-05,150.63539040568864,Product_016,2024-02-11,Normal
2024-02-12,148.12639795044743,Product_016,2024-02-18,Normal
2024-02-19,157.62812954602282,Product_016,2024-02-25,Normal
2024-02-26,156.7402687975577,Product_016,2024-03-03,Normal
2024-03-04,159.53241214275383,Product_016,2024-03-10,Normal
2024-03-11,167.80373401612496,Product_016,2024-03-17,Normal
2024-03-18,167.41782155353536,Product_016,2024-03-24,Normal
2024-03-25,160.05235082752927,Product_016,2024-03-31,Normal
2024-04-01,160.28558466093986,Product_016,2024-04-07,Normal
2024-04-08,163.8382802516298,Product_016,2024-04-14,Normal
2024-04-15,172.2711587941631,Product_016,2024-04-21,Normal
2024-04-22,167.58262059671077,Product_016,2024-04-28,Normal
2024-04-29,159.72662237430433,Product_016,2024-05-05,BOGO
2024-05-06,328.16084260637416,Product_016,2024-05-12,BOGO
2024-05-13,152.1300238921501,Product_016,2024-05-19,Normal
2024-05-20,160.72203225924213,Product_016,2024-05-26,Normal
2024-05-27,154.18650826572917,Product_016,2024-06-02,Memorial Day
2024-06-03,147.23222648487197,Product_016,2024-06-09,Normal
2024-06-10,155.5251862848902,Product_016,2024-06-16,Normal
2024-06-17,148.99491593891136,Product_016,2024-06-23,Normal
2024-06-24,146.41050584777227,Product_016,2024-06-30,Normal
2024-07-01,146.36612764990912,Product_016,2024-07-07,Normal
2024-07-08,144.17410943444216,Product_016,2024-07-14,Normal
2024-07-15,138.65021548529566,Product_016,2024-07-21,Normal
2024-07-22,138.16895684187102,Product_016,2024-07-28,Normal
2024-07-29,133.62931046629063,Product_016,2024-08-04,Normal
2024-08-05,128.35516114164167,Product_016,2024-08-11,Disc_50
2024-08-12,124.6354891780952,Product_016,2024-08-18,Disc_50
2024-08-19,729.2676280520709,Product_016,2024-08-25,Normal
2024-08-26,124.10011906193203,Product_016,2024-09-01,Normal
2024-09-02,117.81660809185132,Product_016,2024-09-08,Normal
2024-09-09,120.60000105247842,Product_016,2024-09-15,Normal
2024-09-16,125.4244734831452,Product_016,2024-09-22,Normal
2024-09-23,125.22719866914508,Product_016,2024-09-29,Normal
2024-09-30,123.0812372753373,Product_016,2024-10-06,Normal
2024-10-07,116.49275225797712,Product_016,2024-10-13,Normal
2024-10-14,126.04919429416996,Product_016,2024-10-20,Normal
2024-10-21,131.429480622013,Product_016,2024-10-27,Normal
2024-10-28,125.23705310640436,Product_016,2024-11-03,Normal
2024-11-04,121.84420915529012,Product_016,2024-11-10,Normal
2024-11-11,126.83487116047657,Product_016,2024-11-17,Normal
2024-11-18,538.0163375540619,Product_016,2024-11-24,Normal
2024-11-25,551.588940584638,Product_016,2024-12-01,Black Friday
2024-12-02,138.27502679559487,Product_016,2024-12-08,Normal
2024-12-09,137.19775721737463,Product_016,2024-12-15,Normal
2024-12-16,144.1108166771051,Product_016,2024-12-22,Normal
2024-12-23,147.9949223826489,Product_016,2024-12-29,Normal
2024-12-30,148.408454650319,Product_016,2025-01-05,Normal
2023-01-02,92.89974085954591,Product_017,2023-01-08,Normal
2023-01-09,95.98617871858964,Product_017,2023-01-15,Normal
2023-01-16,95.21767299615452,Product_017,2023-01-22,Normal
2023-01-23,103.74136942802416,Product_017,2023-01-29,Normal
2023-01-30,105.23931333086276,Product_017,2023-02-05,Normal
2023-02-06,109.3042315468876,Product_017,2023-02-12,Normal
2023-02-13,113.1105798033404,Product_017,2023-02-19,Normal
2023-02-20,109.11254407550967,Product_017,2023-02-26,Normal
2023-02-27,114.52613625524394,Product_017,2023-03-05,Normal
2023-03-06,116.946785922504,Product_017,2023-03-12,Normal
2023-03-13,119.90258809399064,Product_017,2023-03-19,Normal
2023-03-20,125.92959991124452,Product_017,2023-03-26,Normal
2023-03-27,120.141646630426,Product_017,2023-04-02,Normal
2023-04-03,116.58877092045851,Product_017,2023-04-09,Normal
2023-04-10,123.72433250001288,Product_017,2023-04-16,Normal
2023-04-17,129.56709128512193,Product_017,2023-04-23,Normal
2023-04-24,122.69076463066482,Product_017,2023-04-30,Normal
2023-05-01,123.90793496191672,Product_017,2023-05-07,Normal
2023-05-08,127.30593830273116,Product_017,2023-05-14,Normal
2023-05-15,122.67099206411407,Product_017,2023-05-21,BOGO
2023-05-22,231.0323687025619,Product_017,2023-05-28,BOGO
2023-05-29,115.9867501376429,Product_017,2023-06-04,Memorial Day
2023-06-05,112.88619454681212,Product_017,2023-06-11,Normal
2023-06-12,112.26372422001636,Product_017,2023-06-18,Normal
2023-06-19,106.90901948859552,Product_017,2023-06-25,Normal
2023-06-26,105.93756940024312,Product_017,2023-07-02,Normal
2023-07-03,98.613896711988,Product_017,2023-07-09,Normal
2023-07-10,100.05755248901566,Product_017,2023-07-16,Normal
2023-07-17,102.67974362396352,Product_017,2023-07-23,Normal
2023-07-24,92.96848220238816,Product_017,2023-07-30,Normal
2023-07-31,4.9318161988673115,Product_017,2023-08-06,Normal
2023-08-07,94.41515615645818,Product_017,2023-08-13,Normal
2023-08-14,92.87784370780786,Product_017,2023-08-20,Normal
2023-08-21,89.79801565031578,Product_017,2023-08-27,Normal
2023-08-28,87.93155562275454,Product_017,2023-09-03,Normal
2023-09-04,85.64376245746209,Product_017,2023-09-10,Normal
2023-09-11,82.38261254780213,Product_017,2023-09-17,Normal
2023-09-18,89.1771827603942,Product_017,2023-09-24,Normal
2023-09-25,97.86134622007012,Product_017,2023-10-01,Normal
2023-10-02,87.28611549394618,Product_017,2023-10-08,Normal
2023-10-09,84.51013210778788,Product_017,2023-10-15,Normal
2023-10-16,83.19335957382457,Product_017,2023-10-22,Normal
2023-10-23,98.43315815784966,Product_017,2023-10-29,Normal
2023-10-30,93.09731977843352,Product_017,2023-11-05,Normal
2023-11-06,90.3603617147418,Product_017,2023-11-12,Normal
2023-11-13,99.06879488247468,Product_017,2023-11-19,Normal
2023-11-20,415.175236457753,Product_017,2023-11-26,Black Friday
2023-11-27,451.45954096591527,Product_017,2023-12-03,Normal
2023-12-04,102.4529625385584,Product_017,2023-12-10,Normal
2023-12-11,115.42864558849249,Product_017,2023-12-17,Normal
2023-12-18,118.83554126259286,Product_017,2023-12-24,Normal
2023-12-25,118.15617683550228,Product_017,2023-12-31,Normal
2024-01-01,106.98817698350192,Product_017,2024-01-07,Normal
2024-01-08,119.96292441610872,Product_017,2024-01-14,Normal
2024-01-15,129.2178425796313,Product_017,2024-01-21,Normal
2024-01-22,131.95861504972197,Product_017,2024-01-28,Normal
2024-01-29,138.48996620271052,Product_017,2024-02-04,Normal
2024-02-05,132.79405158448597,Product_017,2024-02-11,Normal
2024-02-12,141.54159235440451,Product_017,2024-02-18,Normal
2024-02-19,149.30262363531878,Product_017,2024-02-25,Normal
2024-02-26,151.54755884080268,Product_017,2024-03-03,Normal
2024-03-04,148.25979063666267,Product_017,2024-03-10,Normal
2024-03-11,150.48122441599924,Product_017,2024-03-17,Normal
2024-03-18,150.76365976516234,Product_017,2024-03-24,Normal
2024-03-25,152.54909763498117,Product_017,2024-03-31,Normal
2024-04-01,152.83081320881507,Product_017,2024-04-07,Normal
2024-04-08,151.90107166581575,Product_017,2024-04-14,Normal
2024-04-15,153.2321887637164,Product_017,2024-04-21,Normal
2024-04-22,151.4384186583781,Product_017,2024-04-28,Normal
2024-04-29,157.1296689231624,Product_017,2024-05-05,BOGO
2024-05-06,318.512315763101,Product_017,2024-05-12,BOGO
2024-05-13,152.05977668484718,Product_017,2024-05-19,Normal
2024-05-20,150.86737415894063,Product_017,2024-05-26,Normal
2024-05-27,151.35273745402566,Product_017,2024-06-02,Memorial Day
2024-06-03,149.5055926683005,Product_017,2024-06-09,Normal
2024-06-10,144.31646015186408,Product_017,2024-06-16,Normal
2024-06-17,138.23016374042865,Product_017,2024-06-23,Normal
2024-06-24,137.74321380509932,Product_017,2024-06-30,Normal
2024-07-01,136.69883319570377,Product_017,2024-07-07,Normal
2024-07-08,135.7986269460652,Product_017,2024-07-14,Normal
2024-07-15,131.84044215655092,Product_017,2024-07-21,Normal
2024-07-22,125.74039768194882,Product_017,2024-07-28,Normal
2024-07-29,129.5233367065356,Product_017,2024-08-04,Normal
2024-08-05,124.02445716009576,Product_017,2024-08-11,Disc_50
2024-08-12,125.89492643431994,Product_017,2024-08-18,Disc_50
2024-08-19,718.0481325827203,Product_017,2024-08-25,Normal
2024-08-26,115.64342230691726,Product_017,2024-09-01,Normal
2024-09-02,115.37743581655516,Product_017,2024-09-08,Normal
2024-09-09,116.19100739123468,Product_017,2024-09-15,Normal
2024-09-16,113.59008647423002,Product_017,2024-09-22,Normal
2024-09-23,117.34543975420236,Product_017,2024-09-29,Normal
2024-09-30,117.19928125111828,Product_017,2024-10-06,Normal
2024-10-07,120.3534471193982,Product_017,2024-10-13,Normal
2024-10-14,123.40805386248756,Product_017,2024-10-20,Normal
2024-10-21,130.84570851684822,Product_017,2024-10-27,Normal
2024-10-28,126.2717052041094,Product_017,2024-11-03,Normal
2024-11-04,128.3995628593373,Product_017,2024-11-10,Normal
2024-11-11,126.489057433093,Product_017,2024-11-17,Normal
2024-11-18,526.5833564812048,Product_017,2024-11-24,Normal
2024-11-25,518.6443814540606,Product_017,2024-12-01,Black Friday
2024-12-02,135.66514986736823,Product_017,2024-12-08,Normal
2024-12-09,134.26315761114725,Product_017,2024-12-15,Normal
2024-12-16,135.4853305052314,Product_017,2024-12-22,Normal
2024-12-23,145.94408315418303,Product_017,2024-12-29,Normal
2024-12-30,148.98644387370297,Product_017,2025-01-05,Normal
2023-01-02,93.33232334209748,Product_018,2023-01-08,Normal
2023-01-09,93.53376672378084,Product_018,2023-01-15,Normal
2023-01-16,99.67330753507687,Product_018,2023-01-22,Normal
2023-01-23,110.27436503479154,Product_018,2023-01-29,Normal
2023-01-30,103.11251298095618,Product_018,2023-02-05,Normal
2023-02-06,112.5659890006812,Product_018,2023-02-12,Normal
2023-02-13,111.16710145830416,Product_018,2023-02-19,Normal
2023-02-20,119.91372409824244,Product_018,2023-02-26,Normal
2023-02-27,121.92102248365316,Product_018,2023-03-05,Normal
2023-03-06,126.19443252148574,Product_018,2023-03-12,Normal
2023-03-13,114.6506944787725,Product_018,2023-03-19,Normal
2023-03-20,129.30032054360822,Product_018,2023-03-26,Normal
2023-03-27,119.03126502303232,Product_018,2023-04-02,Normal
2023-04-03,127.31547353977194,Product_018,2023-04-09,Normal
2023-04-10,133.4390476444167,Product_018,2023-04-16,Normal
2023-04-17,135.6728329253483,Product_018,2023-04-23,Normal
2023-04-24,131.7811415351205,Product_018,2023-04-30,Normal
2023-05-01,126.33287581905304,Product_018,2023-05-07,Normal
2023-05-08,128.37095943177997,Product_018,2023-05-14,Normal
2023-05-15,119.21781395425924,Product_018,2023-05-21,BOGO
2023-05-22,237.7198696145468,Product_018,2023-05-28,BOGO
2023-05-29,119.97778026296712,Product_018,2023-06-04,Memorial Day
2023-06-05,125.15323187541662,Product_018,2023-06-11,Normal
2023-06-12,119.39566046327984,Product_018,2023-06-18,Normal
2023-06-19,115.60472439451208,Product_018,2023-06-25,Normal
2023-06-26,111.9599272656222,Product_018,2023-07-02,Normal
2023-07-03,108.3539685159057,Product_018,2023-07-09,Normal
2023-07-10,100.9123260656892,Product_018,2023-07-16,Normal
2023-07-17,98.35126265984935,Product_018,2023-07-23,Normal
2023-07-24,104.41407742261724,Product_018,2023-07-30,Normal
2023-07-31,4.8776846329572985,Product_018,2023-08-06,Normal
2023-08-07,98.07323324175024,Product_018,2023-08-13,Normal
2023-08-14,95.25169740381656,Product_018,2023-08-20,Normal
2023-08-21,99.23549026505624,Product_018,2023-08-27,Normal
2023-08-28,93.4362212242272,Product_018,2023-09-03,Normal
2023-09-04,90.6705254794541,Product_018,2023-09-10,Normal
2023-09-11,91.67844582265371,Product_018,2023-09-17,Normal
2023-09-18,100.43831271873204,Product_018,2023-09-24,Normal
2023-09-25,87.11125615193562,Product_018,2023-10-01,Normal
2023-10-02,84.43297693650442,Product_018,2023-10-08,Normal
2023-10-09,86.05878741742629,Product_018,2023-10-15,Normal
2023-10-16,91.94233347812714,Product_018,2023-10-22,Normal
2023-10-23,89.80029200976507,Product_018,2023-10-29,Normal
2023-10-30,99.08335974432174,Product_018,2023-11-05,Normal
2023-11-06,97.70686460655796,Product_018,2023-11-12,Normal
2023-11-13,97.61889214586498,Product_018,2023-11-19,Normal
2023-11-20,423.2989006341939,Product_018,2023-11-26,Black Friday
2023-11-27,406.6391054599323,Product_018,2023-12-03,Normal
2023-12-04,106.00567545390209,Product_018,2023-12-10,Normal
2023-12-11,112.53065836944096,Product_018,2023-12-17,Normal
2023-12-18,117.06271435573652,Product_018,2023-12-24,Normal
2023-12-25,121.81190082666043,Product_018,2023-12-31,Normal
2024-01-01,121.36363212736852,Product_018,2024-01-07,Normal
2024-01-08,122.26349612752855,Product_018,2024-01-14,Normal
2024-01-15,120.2384673854146,Product_018,2024-01-21,Normal
2024-01-22,137.90188040504918,Product_018,2024-01-28,Normal
2024-01-29,133.21520922038053,Product_018,2024-02-04,Normal
2024-02-05,137.50776932217846,Product_018,2024-02-11,Normal
2024-02-12,140.03379335624592,Product_018,2024-02-18,Normal
2024-02-19,149.04049421772038,Product_018,2024-02-25,Normal
2024-02-26,146.41512519768122,Product_018,2024-03-03,Normal
2024-03-04,143.64308392219195,Product_018,2024-03-10,Normal
2024-03-11,154.32717683079565,Product_018,2024-03-17,Normal
2024-03-18,148.12716490918396,Product_018,2024-03-24,Normal
2024-03-25,154.56812681177257,Product_018,2024-03-31,Normal
2024-04-01,149.2117384484228,Product_018,2024-04-07,Normal
2024-04-08,158.61166147423026,Product_018,2024-04-14,Normal
2024-04-15,153.2421395676734,Product_018,2024-04-21,Normal
2024-04-22,157.27744432130854,Product_018,2024-04-28,Normal
2024-04-29,152.06543107626217,Product_018,2024-05-05,BOGO
2024-05-06,327.7272352631574,Product_018,2024-05-12,BOGO
2024-05-13,153.37409869536555,Product_018,2024-05-19,Normal
2024-05-20,151.8831746513759,Product_018,2024-05-26,Normal
2024-05-27,147.3778146100392,Product_018,2024-06-02,Memorial Day
2024-06-03,143.71347378795494,Product_018,2024-06-09,Normal
2024-06-10,138.02653640220188,Product_018,2024-06-16,Normal
2024-06-17,146.4529406871807,Product_018,2024-06-23,Normal
2024-06-24,141.5873248569236,Product_018,2024-06-30,Normal
2024-07-01,134.59957704753634,Product_018,2024-07-07,Normal
2024-07-08,132.3666848620931,Product_018,2024-07-14,Normal
2024-07-15,135.07032519885414,Product_018,2024-07-21,Normal
2024-07-22,131.25597838586611,Product_018,2024-07-28,Normal
2024-07-29,124.23224303602083,Product_018,2024-08-04,Normal
2024-08-05,126.04320124260218,Product_018,2024-08-11,Disc_50
2024-08-12,118.316619054192,Product_018,2024-08-18,Disc_50
2024-08-19,727.6949801391115,Product_018,2024-08-25,Normal
2024-08-26,105.63665345259956,Product_018,2024-09-01,Normal
2024-09-02,125.06880816129052,Product_018,2024-09-08,Normal
2024-09-09,112.62363498660062,Product_018,2024-09-15,Normal
2024-09-16,117.35338307943296,Product_018,2024-09-22,Normal
2024-09-23,119.66849341446355,Product_018,2024-09-29,Normal
2024-09-30,118.27108278330164,Product_018,2024-10-06,Normal
2024-10-07,121.81178221185628,Product_018,2024-10-13,Normal
2024-10-14,115.32554849913689,Product_018,2024-10-20,Normal
2024-10-21,123.29199308999766,Product_018,2024-10-27,Normal
2024-10-28,124.54609385824304,Product_018,2024-11-03,Normal
2024-11-04,124.30269536750056,Product_018,2024-11-10,Normal
2024-11-11,132.8862358174497,Product_018,2024-11-17,Normal
2024-11-18,512.3785832901974,Product_018,2024-11-24,Normal
2024-11-25,555.2467343564317,Product_018,2024-12-01,Black Friday
2024-12-02,134.90280038119735,Product_018,2024-12-08,Normal
2024-12-09,145.7442680226534,Product_018,2024-12-15,Normal
2024-12-16,143.9265196343501,Product_018,2024-12-22,Normal
2024-12-23,151.54557864188806,Product_018,2024-12-29,Normal
2024-12-30,146.1263407219325,Product_018,2025-01-05,Normal
2023-01-02,108.36673786584062,Product_019,2023-01-08,Normal
2023-01-09,104.32601685695384,Product_019,2023-01-15,Normal
2023-01-16,117.73612924393016,Product_019,2023-01-22,Normal
2023-01-23,124.45673798743243,Product_019,2023-01-29,Normal
2023-01-30,117.53754736282492,Product_019,2023-02-05,Normal
2023-02-06,120.50621135202124,Product_019,2023-02-12,Normal
2023-02-13,130.10607868301238,Product_019,2023-02-19,Normal
2023-02-20,130.4503679327491,Product_019,2023-02-26,Normal
2023-02-27,132.1929386164414,Product_019,2023-03-05,Normal
2023-03-06,140.48291511841398,Product_019,2023-03-12,Normal
2023-03-13,132.12578613274084,Product_019,2023-03-19,Normal
2023-03-20,140.75538279119257,Product_019,2023-03-26,Normal
2023-03-27,136.37138579233255,Product_019,2023-04-02,Normal
2023-04-03,137.10307903862682,Product_019,2023-04-09,Normal
2023-04-10,134.49238181053877,Product_019,2023-04-16,Normal
2023-04-17,133.07179161530473,Product_019,2023-04-23,Normal
2023-04-24,139.97969374855282,Product_019,2023-04-30,Normal
2023-05-01,129.2879960980865,Product_019,2023-05-07,Normal
2023-05-08,127.99383671712312,Product_019,2023-05-14,Normal
2023-05-15,125.92266902127012,Product_019,2023-05-21,BOGO
2023-05-22,270.38655201583987,Product_019,2023-05-28,BOGO
2023-05-29,131.2260918127769,Product_019,2023-06-04,Memorial Day
2023-06-05,136.45199397847617,Product_019,2023-06-11,Normal
2023-06-12,120.95726330522432,Product_019,2023-06-18,Normal
2023-06-19,118.70466305313,Product_019,2023-06-25,Normal
2023-06-26,117.94270846784006,Product_019,2023-07-02,Normal
2023-07-03,112.78424027094358,Product_019,2023-07-09,Normal
2023-07-10,112.4465666944784,Product_019,2023-07-16,Normal
2023-07-17,117.59901568656072,Product_019,2023-07-23,Normal
2023-07-24,117.50476868175446,Product_019,2023-07-30,Normal
2023-07-31,4.995570540122607,Product_019,2023-08-06,Normal
2023-08-07,97.00735955585618,Product_019,2023-08-13,Normal
2023-08-14,100.30659673307316,Product_019,2023-08-20,Normal
2023-08-21,95.7769141351843,Product_019,2023-08-27,Normal
2023-08-28,93.50037718340528,Product_019,2023-09-03,Normal
2023-09-04,94.91827535619656,Product_019,2023-09-10,Normal
2023-09-11,97.15225975128212,Product_019,2023-09-17,Normal
2023-09-18,97.52175375074265,Product_019,2023-09-24,Normal
2023-09-25,96.25194062096116,Product_019,2023-10-01,Normal
2023-10-02,98.92685070138174,Product_019,2023-10-08,Normal
2023-10-09,102.60520872263876,Product_019,2023-10-15,Normal
2023-10-16,98.60023935524993,Product_019,2023-10-22,Normal
2023-10-23,107.71430799199086,Product_019,2023-10-29,Normal
2023-10-30,99.33362858972622,Product_019,2023-11-05,Normal
2023-11-06,109.22755638115842,Product_019,2023-11-12,Normal
2023-11-13,103.2944648993073,Product_019,2023-11-19,Normal
2023-11-20,464.4048279526672,Product_019,2023-11-26,Black Friday
2023-11-27,445.5056458548053,Product_019,2023-12-03,Normal
2023-12-04,111.25404215491236,Product_019,2023-12-10,Normal
2023-12-11,124.45615517629956,Product_019,2023-12-17,Normal
2023-12-18,124.145250048449,Product_019,2023-12-24,Normal
2023-12-25,124.52722938169616,Product_019,2023-12-31,Normal
2024-01-01,127.96885047594206,Product_019,2024-01-07,Normal
2024-01-08,124.7386568545486,Product_019,2024-01-14,Normal
2024-01-15,128.08840589793414,Product_019,2024-01-21,Normal
2024-01-22,137.10010566379754,Product_019,2024-01-28,Normal
2024-01-29,136.45792317825635,Product_019,2024-02-04,Normal
2024-02-05,145.14188590643303,Product_019,2024-02-11,Normal
2024-02-12,145.89359278446148,Product_019,2024-02-18,Normal
2024-02-19,144.6897706245005,Product_019,2024-02-25,Normal
2024-02-26,147.47646395235353,Product_019,2024-03-03,Normal
2024-03-04,162.0507729203707,Product_019,2024-03-10,Normal
2024-03-11,158.32162244257097,Product_019,2024-03-17,Normal
2024-03-18,159.2632228004007,Product_019,2024-03-24,Normal
2024-03-25,156.91740677944412,Product_019,2024-03-31,Normal
2024-04-01,162.61635570674903,Product_019,2024-04-07,Normal
2024-04-08,161.3661631292916,Product_019,2024-04-14,Normal
2024-04-15,155.61627959581165,Product_019,2024-04-21,Normal
2024-04-22,156.20052519635487,Product_019,2024-04-28,Normal
2024-04-29,160.4840358573422,Product_019,2024-05-05,BOGO
2024-05-06,317.05530146178273,Product_019,2024-05-12,BOGO
2024-05-13,159.40209685850192,Product_019,2024-05-19,Normal
2024-05-20,143.94117620151593,Product_019,2024-05-26,Normal
2024-05-27,147.40670776024,Product_019,2024-06-02,Memorial Day
2024-06-03,148.83189502067594,Product_019,2024-06-09,Normal
2024-06-10,144.0376624555675,Product_019,2024-06-16,Normal
2024-06-17,148.90741116844535,Product_019,2024-06-23,Normal
2024-06-24,144.68793283594698,Product_019,2024-06-30,Normal
2024-07-01,141.8720567426932,Product_019,2024-07-07,Normal
2024-07-08,134.10371175921958,Product_019,2024-07-14,Normal
2024-07-15,134.34229044879524,Product_019,2024-07-21,Normal
2024-07-22,129.6114743404293,Product_019,2024-07-28,Normal
2024-07-29,132.18463050081414,Product_019,2024-08-04,Normal
2024-08-05,127.6526338810526,Product_019,2024-08-11,Disc_50
2024-08-12,119.2173939306806,Product_019,2024-08-18,Disc_50
2024-08-19,726.5805711952047,Product_019,2024-08-25,Normal
2024-08-26,111.9158240632961,Product_019,2024-09-01,Normal
2024-09-02,116.83256441987442,Product_019,2024-09-08,Normal
2024-09-09,122.07050361853196,Product_019,2024-09-15,Normal
2024-09-16,117.44181486474277,Product_019,2024-09-22,Normal
2024-09-23,128.83249703762388,Product_019,2024-09-29,Normal
2024-09-30,118.76109063443734,Product_019,2024-10-06,Normal
2024-10-07,118.33728225256874,Product_019,2024-10-13,Normal
2024-10-14,117.66824462104243,Product_019,2024-10-20,Normal
2024-10-21,121.69818331420576,Product_019,2024-10-27,Normal
2024-10-28,118.28371559217086,Product_019,2024-11-03,Normal
2024-11-04,119.81980004979988,Product_019,2024-11-10,Normal
2024-11-11,127.94580533033351,Product_019,2024-11-17,Normal
2024-11-18,543.2423853459392,Product_019,2024-11-24,Normal
2024-11-25,551.4193989569334,Product_019,2024-12-01,Black Friday
2024-12-02,138.94394745315566,Product_019,2024-12-08,Normal
2024-12-09,134.77249846413878,Product_019,2024-12-15,Normal
2024-12-16,137.04978555210064,Product_019,2024-12-22,Normal
2024-12-23,140.85095352448164,Product_019,2024-12-29,Normal
2024-12-30,145.44139916314057,Product_019,2025-01-05,Normal
2023-01-02,116.2817199115534,Product_020,2023-01-08,Normal
2023-01-09,114.29936653841644,Product_020,2023-01-15,Normal
2023-01-16,125.00258352066942,Product_020,2023-01-22,Normal
2023-01-23,120.82532652273343,Product_020,2023-01-29,Normal
2023-01-30,126.36160477108643,Product_020,2023-02-05,Normal
2023-02-06,128.12314112281405,Product_020,2023-02-12,Normal
2023-02-13,135.98814894168265,Product_020,2023-02-19,Normal
2023-02-20,138.0898014553783,Product_020,2023-02-26,Normal
2023-02-27,140.4660171413513,Product_020,2023-03-05,Normal
2023-03-06,141.6946028286815,Product_020,2023-03-12,Normal
2023-03-13,141.69904785306164,Product_020,2023-03-19,Normal
2023-03-20,147.6086505244245,Product_020,2023-03-26,Normal
2023-03-27,149.4280116655465,Product_020,2023-04-02,Normal
2023-04-03,147.10664318712304,Product_020,2023-04-09,Normal
2023-04-10,147.29066463600773,Product_020,2023-04-16,Normal
2023-04-17,140.60789857970082,Product_020,2023-04-23,Normal
2023-04-24,146.96253349771754,Product_020,2023-04-30,Normal
2023-05-01,138.31031835943116,Product_020,2023-05-07,Normal
2023-05-08,143.38579554744163,Product_020,2023-05-14,Normal
2023-05-15,146.70818546058695,Product_020,2023-05-21,BOGO
2023-05-22,269.3805587898604,Product_020,2023-05-28,BOGO
2023-05-29,128.72900094145595,Product_020,2023-06-04,Memorial Day
2023-06-05,133.05256521001562,Product_020,2023-06-11,Normal
2023-06-12,131.71971993593243,Product_020,2023-06-18,Normal
2023-06-19,129.0486931203358,Product_020,2023-06-25,Normal
2023-06-26,134.16282440643153,Product_020,2023-07-02,Normal
2023-07-03,119.03256780816498,Product_020,2023-07-09,Normal
2023-07-10,127.63191208787332,Product_020,2023-07-16,Normal
2023-07-17,119.46533308240735,Product_020,2023-07-23,Normal
2023-07-24,118.63747050968198,Product_020,2023-07-30,Normal
2023-07-31,5.554008006005096,Product_020,2023-08-06,Normal
2023-08-07,115.34640194795163,Product_020,2023-08-13,Normal
2023-08-14,104.42820795798757,Product_020,2023-08-20,Normal
2023-08-21,113.76829743536912,Product_020,2023-08-27,Normal
2023-08-28,98.95941914315894,Product_020,2023-09-03,Normal
2023-09-04,101.25033002425626,Product_020,2023-09-10,Normal
2023-09-11,105.9426041838738,Product_020,2023-09-17,Normal
2023-09-18,100.83690467547186,Product_020,2023-09-24,Normal
2023-09-25,102.92411688188687,Product_020,2023-10-01,Normal
2023-10-02,104.15002163990016,Product_020,2023-10-08,Normal
2023-10-09,103.4084083788481,Product_020,2023-10-15,Normal
2023-10-16,110.92603344776148,Product_020,2023-10-22,Normal
2023-10-23,112.01919207102688,Product_020,2023-10-29,Normal
2023-10-30,105.4129400266218,Product_020,2023-11-05,Normal
2023-11-06,110.13658954149474,Product_020,2023-11-12,Normal
2023-11-13,118.55682929903094,Product_020,2023-11-19,Normal
2023-11-20,467.1127273093988,Product_020,2023-11-26,Black Friday
2023-11-27,467.2637463544913,Product_020,2023-12-03,Normal
2023-12-04,121.05998974543166,Product_020,2023-12-10,Normal
2023-12-11,128.75469701220104,Product_020,2023-12-17,Normal
2023-12-18,129.11157513488436,Product_020,2023-12-24,Normal
2023-12-25,133.7738942697793,Product_020,2023-12-31,Normal
2024-01-01,138.6125978937739,Product_020,2024-01-07,Normal
2024-01-08,141.88752069285198,Product_020,2024-01-14,Normal
2024-01-15,148.12219017898624,Product_020,2024-01-21,Normal
2024-01-22,140.3218582478274,Product_020,2024-01-28,Normal
2024-01-29,148.726410877929,Product_020,2024-02-04,Normal
2024-02-05,152.7019428169662,Product_020,2024-02-11,Normal
2024-02-12,145.67069027540748,Product_020,2024-02-18,Normal
2024-02-19,150.26759631619075,Product_020,2024-02-25,Normal
2024-02-26,154.3024718988873,Product_020,2024-03-03,Normal
2024-03-04,151.37931594243207,Product_020,2024-03-10,Normal
2024-03-11,160.89977675264984,Product_020,2024-03-17,Normal
2024-03-18,158.58105905972468,Product_020,2024-03-24,Normal
2024-03-25,156.76127417664674,Product_020,2024-03-31,Normal
2024-04-01,162.87497821352247,Product_020,2024-04-07,Normal
2024-04-08,159.62234253597646,Product_020,2024-04-14,Normal
2024-04-15,159.04319378384469,Product_020,2024-04-21,Normal
2024-04-22,157.53610465023675,Product_020,2024-04-28,Normal
2024-04-29,160.3916123756909,Product_020,2024-05-05,BOGO
2024-05-06,336.02584166460906,Product_020,2024-05-12,BOGO
2024-05-13,161.2504028641814,Product_020,2024-05-19,Normal
2024-05-20,153.45011973334118,Product_020,2024-05-26,Normal
2024-05-27,154.69761593226363,Product_020,2024-06-02,Memorial Day
2024-06-03,158.25925904439958,Product_020,2024-06-09,Normal
2024-06-10,146.95988532399474,Product_020,2024-06-16,Normal
2024-06-17,150.1994861925805,Product_020,2024-06-23,Normal
2024-06-24,151.54632802134265,Product_020,2024-06-30,Normal
2024-07-01,147.1844497178379,Product_020,2024-07-07,Normal
2024-07-08,133.3775900435504,Product_020,2024-07-14,Normal
2024-07-15,133.66832277474822,Product_020,2024-07-21,Normal
2024-07-22,131.12135261508527,Product_020,2024-07-28,Normal
2024-07-29,126.87339003764404,Product_020,2024-08-04,Normal
2024-08-05,131.37658668407403,Product_020,2024-08-11,Disc_50
2024-08-12,121.87479517878224,Product_020,2024-08-18,Disc_50
2024-08-19,725.8103301273043,Product_020,2024-08-25,Normal
2024-08-26,119.06054827558424,Product_020,2024-09-01,Normal
2024-09-02,127.8904927867807,Product_020,2024-09-08,Normal
2024-09-09,124.30583278621756,Product_020,2024-09-15,Normal
2024-09-16,117.97565965477456,Product_020,2024-09-22,Normal
2024-09-23,123.21605392079314,Product_020,2024-09-29,Normal
2024-09-30,123.1326683576714,Product_020,2024-10-06,Normal
2024-10-07,117.45304792506504,Product_020,2024-10-13,Normal
2024-10-14,116.39360553212668,Product_020,2024-10-20,Normal
2024-10-21,125.35791799662296,Product_020,2024-10-27,Normal
2024-10-28,126.37088955781498,Product_020,2024-11-03,Normal
2024-11-04,131.42819261079816,Product_020,2024-11-10,Normal
2024-11-11,126.93066029285328,Product_020,2024-11-17,Normal
2024-11-18,516.528489631024,Product_020,2024-11-24,Normal
2024-11-25,567.2351227549761,Product_020,2024-12-01,Black Friday
2024-12-02,137.5289595075161,Product_020,2024-12-08,Normal
2024-12-09,148.09232070568066,Product_020,2024-12-15,Normal
2024-12-16,146.30694415228737,Product_020,2024-12-22,Normal
2024-12-23,145.78732330020856,Product_020,2024-12-29,Normal
2024-12-30,149.8884037717795,Product_020,2025-01-05,Normal
2023-01-02,113.87413296874048,Product_021,2023-01-08,Normal
2023-01-09,119.55556766330945,Product_021,2023-01-15,Normal
2023-01-16,129.2796530533258,Product_021,2023-01-22,Normal
2023-01-23,130.4423043571887,Product_021,2023-01-29,Normal
2023-01-30,123.48408268720482,Product_021,2023-02-05,Normal
2023-02-06,134.0206469085771,Product_021,2023-02-12,Normal
2023-02-13,143.1732395176656,Product_021,2023-02-19,Normal
2023-02-20,139.0450794151168,Product_021,2023-02-26,Normal
2023-02-27,141.73430753394004,Product_021,2023-03-05,Normal
2023-03-06,139.71850738204554,Product_021,2023-03-12,Normal
2023-03-13,145.78489944681263,Product_021,2023-03-19,Normal
2023-03-20,147.59473163338288,Product_021,2023-03-26,Normal
2023-03-27,150.8868398134119,Product_021,2023-04-02,Normal
2023-04-03,149.01412229832854,Product_021,2023-04-09,Normal
2023-04-10,153.38461086881406,Product_021,2023-04-16,Normal
2023-04-17,146.87304748941483,Product_021,2023-04-23,Normal
2023-04-24,150.2799359899253,Product_021,2023-04-30,Normal
2023-05-01,146.2764622190137,Product_021,2023-05-07,Normal
2023-05-08,142.67318802044915,Product_021,2023-05-14,Normal
2023-05-15,132.82832453814342,Product_021,2023-05-21,BOGO
2023-05-22,277.0241849261566,Product_021,2023-05-28,BOGO
2023-05-29,138.94455300276925,Product_021,2023-06-04,Memorial Day
2023-06-05,143.36649867988106,Product_021,2023-06-11,Normal
2023-06-12,137.52756891609033,Product_021,2023-06-18,Normal
2023-06-19,131.25748608638085,Product_021,2023-06-25,Normal
2023-06-26,134.53064214889136,Product_021,2023-07-02,Normal
2023-07-03,129.51998265496144,Product_021,2023-07-09,Normal
2023-07-10,119.32279233160722,Product_021,2023-07-16,Normal
2023-07-17,114.36492840733504,Product_021,2023-07-23,Normal
2023-07-24,117.46386637005796,Product_021,2023-07-30,Normal
2023-07-31,5.52215902921288,Product_021,2023-08-06,Normal
2023-08-07,113.15226833587138,Product_021,2023-08-13,Normal
2023-08-14,113.22153621048076,Product_021,2023-08-20,Normal
2023-08-21,105.50328786170672,Product_021,2023-08-27,Normal
2023-08-28,105.20773031936815,Product_021,2023-09-03,Normal
2023-09-04,110.58359710152438,Product_021,2023-09-10,Normal
2023-09-11,100.04087944060144,Product_021,2023-09-17,Normal
2023-09-18,106.74106058732988,Product_021,2023-09-24,Normal
2023-09-25,111.11646057780573,Product_021,2023-10-01,Normal
2023-10-02,108.1823050030503,Product_021,2023-10-08,Normal
2023-10-09,101.7576666366278,Product_021,2023-10-15,Normal
2023-10-16,109.59792592279194,Product_021,2023-10-22,Normal
2023-10-23,111.91069373373654,Product_021,2023-10-29,Normal
2023-10-30,113.495913723244,Product_021,2023-11-05,Normal
2023-11-06,107.92656857731438,Product_021,2023-11-12,Normal
2023-11-13,118.10732004094078,Product_021,2023-11-19,Normal
2023-11-20,468.4891507468756,Product_021,2023-11-26,Black Friday
2023-11-27,479.9308545262337,Product_021,2023-12-03,Normal
2023-12-04,124.80269503282118,Product_021,2023-12-10,Normal
2023-12-11,126.99086079174728,Product_021,2023-12-17,Normal
2023-12-18,130.2669580395361,Product_021,2023-12-24,Normal
2023-12-25,133.46084554811316,Product_021,2023-12-31,Normal
2024-01-01,142.340869585286,Product_021,2024-01-07,Normal
2024-01-08,132.21038329052152,Product_021,2024-01-14,Normal
2024-01-15,144.25539467290815,Product_021,2024-01-21,Normal
2024-01-22,140.16820765751226,Product_021,2024-01-28,Normal
2024-01-29,146.60034541464972,Product_021,2024-02-04,Normal
2024-02-05,150.58302304495274,Product_021,2024-02-11,Normal
2024-02-12,157.55687585999553,Product_021,2024-02-18,Normal
2024-02-19,161.02156341595168,Product_021,2024-02-25,Normal
2024-02-26,157.0525541458247,Product_021,2024-03-03,Normal
2024-03-04,162.0380803510508,Product_021,2024-03-10,Normal
2024-03-11,159.93273441831076,Product_021,2024-03-17,Normal
2024-03-18,158.74167652365944,Product_021,2024-03-24,Normal
2024-03-25,170.3006409371765,Product_021,2024-03-31,Normal
2024-04-01,168.7529245455988,Product_021,2024-04-07,Normal
2024-04-08,166.60388580356283,Product_021,2024-04-14,Normal
2024-04-15,158.6409197437568,Product_021,2024-04-21,Normal
2024-04-22,165.4310200580376,Product_021,2024-04-28,Normal
2024-04-29,159.20237986441808,Product_021,2024-05-05,BOGO
2024-05-06,327.4975545725098,Product_021,2024-05-12,BOGO
2024-05-13,154.4160247917262,Product_021,2024-05-19,Normal
2024-05-20,149.43627751997963,Product_021,2024-05-26,Normal
2024-05-27,151.1557522349323,Product_021,2024-06-02,Memorial Day
2024-06-03,150.74565171857006,Product_021,2024-06-09,Normal
2024-06-10,149.25102895239326,Product_021,2024-06-16,Normal
2024-06-17,149.16246946509042,Product_021,2024-06-23,Normal
2024-06-24,145.4116213602313,Product_021,2024-06-30,Normal
2024-07-01,143.42035346695533,Product_021,2024-07-07,Normal
2024-07-08,138.91094183237325,Product_021,2024-07-14,Normal
2024-07-15,130.73663131815556,Product_021,2024-07-21,Normal
2024-07-22,130.6094411760194,Product_021,2024-07-28,Normal
2024-07-29,134.31049058096235,Product_021,2024-08-04,Normal
2024-08-05,126.24502351656744,Product_021,2024-08-11,Disc_50
2024-08-12,128.81737349939544,Product_021,2024-08-18,Disc_50
2024-08-19,728.5708253926387,Product_021,2024-08-25,Normal
2024-08-26,126.3790809708652,Product_021,2024-09-01,Normal
2024-09-02,120.60908509107205,Product_021,2024-09-08,Normal
2024-09-09,123.05948519147962,Product_021,2024-09-15,Normal
2024-09-16,123.53049219234252,Product_021,2024-09-22,Normal
2024-09-23,114.04765563549373,Product_021,2024-09-29,Normal
2024-09-30,114.35168684098034,Product_021,2024-10-06,Normal
2024-10-07,119.6108884478208,Product_021,2024-10-13,Normal
2024-10-14,119.65377897265864,Product_021,2024-10-20,Normal
2024-10-21,123.33624212325503,Product_021,2024-10-27,Normal
2024-10-28,123.43473924610382,Product_021,2024-11-03,Normal
2024-11-04,121.78213805833268,Product_021,2024-11-10,Normal
2024-11-11,128.4484369981515,Product_021,2024-11-17,Normal
2024-11-18,525.4958146772298,Product_021,2024-11-24,Normal
2024-11-25,524.6610288769732,Product_021,2024-12-01,Black Friday
2024-12-02,129.91718825383373,Product_021,2024-12-08,Normal
2024-12-09,139.28707452275572,Product_021,2024-12-15,Normal
2024-12-16,144.5659791246709,Product_021,2024-12-22,Normal
2024-12-23,154.4900255809088,Product_021,2024-12-29,Normal
2024-12-30,151.24507270157778,Product_021,2025-01-05,Normal
2023-01-02,98.0061802133187,Product_022,2023-01-08,Normal
2023-01-09,104.53836336767492,Product_022,2023-01-15,Normal
2023-01-16,101.83762739290978,Product_022,2023-01-22,Normal
2023-01-23,108.27075428679296,Product_022,2023-01-29,Normal
2023-01-30,112.94934495435864,Product_022,2023-02-05,Normal
2023-02-06,119.62967111936544,Product_022,2023-02-12,Normal
2023-02-13,120.34507797976912,Product_022,2023-02-19,Normal
2023-02-20,116.75100773816142,Product_022,2023-02-26,Normal
2023-02-27,124.53885375200552,Product_022,2023-03-05,Normal
2023-03-06,124.88411654234328,Product_022,2023-03-12,Normal
2023-03-13,129.5562662140414,Product_022,2023-03-19,Normal
2023-03-20,126.47274058833374,Product_022,2023-03-26,Normal
2023-03-27,131.42296515657418,Product_022,2023-04-02,Normal
2023-04-03,129.75343797125868,Product_022,2023-04-09,Normal
2023-04-10,135.59317647641572,Product_022,2023-04-16,Normal
2023-04-17,128.1366242584911,Product_022,2023-04-23,Normal
2023-04-24,133.02096090864953,Product_022,2023-04-30,Normal
2023-05-01,134.91029677137232,Product_022,2023-05-07,Normal
2023-05-08,125.24846128928712,Product_022,2023-05-14,Normal
2023-05-15,133.35929011624486,Product_022,2023-05-21,BOGO
2023-05-22,251.9741663073139,Product_022,2023-05-28,BOGO
2023-05-29,124.17373162610312,Product_022,2023-06-04,Memorial Day
2023-06-05,118.12536448287474,Product_022,2023-06-11,Normal
2023-06-12,117.0538177356235,Product_022,2023-06-18,Normal
2023-06-19,115.6695320774971,Product_022,2023-06-25,Normal
2023-06-26,121.81355938352245,Product_022,2023-07-02,Normal
2023-07-03,115.13613972437317,Product_022,2023-07-09,Normal
2023-07-10,108.08921620837208,Product_022,2023-07-16,Normal
2023-07-17,98.27814313850963,Product_022,2023-07-23,Normal
2023-07-24,104.9987543284808,Product_022,2023-07-30,Normal
2023-07-31,5.191831683587736,Product_022,2023-08-06,Normal
2023-08-07,98.97531272901507,Product_022,2023-08-13,Normal
2023-08-14,104.15858911575594,Product_022,2023-08-20,Normal
2023-08-21,88.33163218452712,Product_022,2023-08-27,Normal
2023-08-28,90.87180294602236,Product_022,2023-09-03,Normal
2023-09-04,91.15745036420996,Product_022,2023-09-10,Normal
2023-09-11,86.67196931624855,Product_022,2023-09-17,Normal
2023-09-18,92.6884159902009,Product_022,2023-09-24,Normal
2023-09-25,92.36427975449092,Product_022,2023-10-01,Normal
2023-10-02,92.73706957136268,Product_022,2023-10-08,Normal
2023-10-09,90.36725818627691,Product_022,2023-10-15,Normal
2023-10-16,96.6265056754813,Product_022,2023-10-22,Normal
2023-10-23,101.00788538767556,Product_022,2023-10-29,Normal
2023-10-30,98.99388374744078,Product_022,2023-11-05,Normal
2023-11-06,103.4169902857054,Product_022,2023-11-12,Normal
2023-11-13,101.66997433018705,Product_022,2023-11-19,Normal
2023-11-20,412.16224389396785,Product_022,2023-11-26,Black Friday
2023-11-27,418.40337197418154,Product_022,2023-12-03,Normal
2023-12-04,110.8632046232743,Product_022,2023-12-10,Normal
2023-12-11,116.09347671797796,Product_022,2023-12-17,Normal
2023-12-18,120.34460015189217,Product_022,2023-12-24,Normal
2023-12-25,122.83150844887912,Product_022,2023-12-31,Normal
2024-01-01,124.13250525303076,Product_022,2024-01-07,Normal
2024-01-08,132.8659415293146,Product_022,2024-01-14,Normal
2024-01-15,133.71125911150378,Product_022,2024-01-21,Normal
2024-01-22,138.69808072597553,Product_022,2024-01-28,Normal
2024-01-29,138.90646351581762,Product_022,2024-02-04,Normal
2024-02-05,144.65040738573467,Product_022,2024-02-11,Normal
2024-02-12,143.24063133314206,Product_022,2024-02-18,Normal
2024-02-19,147.7898187354379,Product_022,2024-02-25,Normal
2024-02-26,144.61601085325142,Product_022,2024-03-03,Normal
2024-03-04,149.40946175492186,Product_022,2024-03-10,Normal
2024-03-11,152.64828680585308,Product_022,2024-03-17,Normal
2024-03-18,154.5411145875107,Product_022,2024-03-24,Normal
2024-03-25,159.41003177618003,Product_022,2024-03-31,Normal
2024-04-01,158.79378031693312,Product_022,2024-04-07,Normal
2024-04-08,155.99523377095798,Product_022,2024-04-14,Normal
2024-04-15,159.5490696409053,Product_022,2024-04-21,Normal
2024-04-22,159.7109921692156,Product_022,2024-04-28,Normal
2024-04-29,155.68557912042618,Product_022,2024-05-05,BOGO
2024-05-06,334.44369671801485,Product_022,2024-05-12,BOGO
2024-05-13,153.8911416047586,Product_022,2024-05-19,Normal
2024-05-20,155.8041062463558,Product_022,2024-05-26,Normal
2024-05-27,148.0567254853021,Product_022,2024-06-02,Memorial Day
2024-06-03,149.5915229520545,Product_022,2024-06-09,Normal
2024-06-10,139.65483559994485,Product_022,2024-06-16,Normal
2024-06-17,140.17323844962436,Product_022,2024-06-23,Normal
2024-06-24,143.4283738219399,Product_022,2024-06-30,Normal
2024-07-01,136.8636147153234,Product_022,2024-07-07,Normal
2024-07-08,134.398761568803,Product_022,2024-07-14,Normal
2024-07-15,139.62371939202404,Product_022,2024-07-21,Normal
2024-07-22,133.26955834606383,Product_022,2024-07-28,Normal
2024-07-29,126.42951637751176,Product_022,2024-08-04,Normal
2024-08-05,121.36155090204778,Product_022,2024-08-11,Disc_50
2024-08-12,127.69498899859744,Product_022,2024-08-18,Disc_50
2024-08-19,723.5543325819987,Product_022,2024-08-25,Normal
2024-08-26,121.62817913505974,Product_022,2024-09-01,Normal
2024-09-02,121.7770561002026,Product_022,2024-09-08,Normal
2024-09-09,114.4942683657225,Product_022,2024-09-15,Normal
2024-09-16,121.6354405893778,Product_022,2024-09-22,Normal
2024-09-23,114.73608555764972,Product_022,2024-09-29,Normal
2024-09-30,117.87856910744487,Product_022,2024-10-06,Normal
2024-10-07,117.78142661688416,Product_022,2024-10-13,Normal
2024-10-14,114.35138727512272,Product_022,2024-10-20,Normal
2024-10-21,117.1779058282976,Product_022,2024-10-27,Normal
2024-10-28,120.790047422726,Product_022,2024-11-03,Normal
2024-11-04,127.6832581942406,Product_022,2024-11-10,Normal
2024-11-11,136.92674264675227,Product_022,2024-11-17,Normal
2024-11-18,504.58190541001886,Product_022,2024-11-24,Normal
2024-11-25,515.601726525029,Product_022,2024-12-01,Black Friday
2024-12-02,138.57699807865654,Product_022,2024-12-08,Normal
2024-12-09,138.58572972500906,Product_022,2024-12-15,Normal
2024-12-16,139.60266699258534,Product_022,2024-12-22,Normal
2024-12-23,146.26678403298428,Product_022,2024-12-29,Normal
2024-12-30,152.17608768152354,Product_022,2025-01-05,Normal
2023-01-02,106.51603805759775,Product_023,2023-01-08,Normal
2023-01-09,117.23930713137358,Product_023,2023-01-15,Normal
2023-01-16,121.43767635561927,Product_023,2023-01-22,Normal
2023-01-23,118.1141835752954,Product_023,2023-01-29,Normal
2023-01-30,121.34275350994716,Product_023,2023-02-05,Normal
2023-02-06,128.38778858445303,Product_023,2023-02-12,Normal
2023-02-13,124.35303011122244,Product_023,2023-02-19,Normal
2023-02-20,132.26555506245853,Product_023,2023-02-26,Normal
2023-02-27,129.46041706651178,Product_023,2023-03-05,Normal
2023-03-06,143.072628400931,Product_023,2023-03-12,Normal
2023-03-13,132.73396897114253,Product_023,2023-03-19,Normal
2023-03-20,133.79733866539095,Product_023,2023-03-26,Normal
2023-03-27,134.82616343927856,Product_023,2023-04-02,Normal
2023-04-03,136.74275543849555,Product_023,2023-04-09,Normal
2023-04-10,137.4838886400175,Product_023,2023-04-16,Normal
2023-04-17,140.66051264862165,Product_023,2023-04-23,Normal
2023-04-24,141.26597088335734,Product_023,2023-04-30,Normal
2023-05-01,139.95879671911305,Product_023,2023-05-07,Normal
2023-05-08,132.99517011609422,Product_023,2023-05-14,Normal
2023-05-15,134.82572002778787,Product_023,2023-05-21,BOGO
2023-05-22,276.6255260587426,Product_023,2023-05-28,BOGO
2023-05-29,131.6091635952102,Product_023,2023-06-04,Memorial Day
2023-06-05,134.07629108855014,Product_023,2023-06-11,Normal
2023-06-12,126.49437110265274,Product_023,2023-06-18,Normal
2023-06-19,132.42643066351516,Product_023,2023-06-25,Normal
2023-06-26,129.155924835805,Product_023,2023-07-02,Normal
2023-07-03,118.04674468548252,Product_023,2023-07-09,Normal
2023-07-10,123.05261794686838,Product_023,2023-07-16,Normal
2023-07-17,106.92792652036026,Product_023,2023-07-23,Normal
2023-07-24,111.703268338213,Product_023,2023-07-30,Normal
2023-07-31,5.808422003002609,Product_023,2023-08-06,Normal
2023-08-07,109.47259883481806,Product_023,2023-08-13,Normal
2023-08-14,108.90040979999212,Product_023,2023-08-20,Normal
2023-08-21,102.61925305330404,Product_023,2023-08-27,Normal
2023-08-28,99.59073850715885,Product_023,2023-09-03,Normal
2023-09-04,109.50552323566843,Product_023,2023-09-10,Normal
2023-09-11,102.60525351992275,Product_023,2023-09-17,Normal
2023-09-18,98.78416059306744,Product_023,2023-09-24,Normal
2023-09-25,104.28383555182104,Product_023,2023-10-01,Normal
2023-10-02,102.70289390176444,Product_023,2023-10-08,Normal
2023-10-09,100.08908590271736,Product_023,2023-10-15,Normal
2023-10-16,106.1018916030772,Product_023,2023-10-22,Normal
2023-10-23,107.3592875743392,Product_023,2023-10-29,Normal
2023-10-30,101.60915192413177,Product_023,2023-11-05,Normal
2023-11-06,113.81402602512956,Product_023,2023-11-12,Normal
2023-11-13,115.08323418212316,Product_023,2023-11-19,Normal
2023-11-20,443.0923554435952,Product_023,2023-11-26,Black Friday
2023-11-27,439.4921918260305,Product_023,2023-12-03,Normal
2023-12-04,107.63380590753783,Product_023,2023-12-10,Normal
2023-12-11,117.92475672758091,Product_023,2023-12-17,Normal
2023-12-18,123.2682177043762,Product_023,2023-12-24,Normal
2023-12-25,132.01355337567296,Product_023,2023-12-31,Normal
2024-01-01,129.50446898054946,Product_023,2024-01-07,Normal
2024-01-08,130.36984444870444,Product_023,2024-01-14,Normal
2024-01-15,133.22119978484892,Product_023,2024-01-21,Normal
2024-01-22,141.542386966106,Product_023,2024-01-28,Normal
2024-01-29,146.73645931914248,Product_023,2024-02-04,Normal
2024-02-05,144.756680879889,Product_023,2024-02-11,Normal
2024-02-12,147.20798853098725,Product_023,2024-02-18,Normal
2024-02-19,152.9814767079058,Product_023,2024-02-25,Normal
2024-02-26,155.67241860086065,Product_023,2024-03-03,Normal
2024-03-04,153.6449706498486,Product_023,2024-03-10,Normal
2024-03-11,154.0763733514681,Product_023,2024-03-17,Normal
2024-03-18,155.6084391620878,Product_023,2024-03-24,Normal
2024-03-25,161.47245120943705,Product_023,2024-03-31,Normal
2024-04-01,162.2351261467331,Product_023,2024-04-07,Normal
2024-04-08,157.2059269019902,Product_023,2024-04-14,Normal
2024-04-15,153.7809680556008,Product_023,2024-04-21,Normal
2024-04-22,159.36507673181055,Product_023,2024-04-28,Normal
2024-04-29,154.52877264981817,Product_023,2024-05-05,BOGO
2024-05-06,322.89890917854086,Product_023,2024-05-12,BOGO
2024-05-13,153.97452655400207,Product_023,2024-05-19,Normal
2024-05-20,157.8079207846609,Product_023,2024-05-26,Normal
2024-05-27,146.14885303748093,Product_023,2024-06-02,Memorial Day
2024-06-03,149.84725596537163,Product_023,2024-06-09,Normal
2024-06-10,143.3659746734555,Product_023,2024-06-16,Normal
2024-06-17,144.20543106313903,Product_023,2024-06-23,Normal
2024-06-24,143.52265982164482,Product_023,2024-06-30,Normal
2024-07-01,136.55949309516922,Product_023,2024-07-07,Normal
2024-07-08,135.545765771046,Product_023,2024-07-14,Normal
2024-07-15,138.64398434296277,Product_023,2024-07-21,Normal
2024-07-22,135.11117002942171,Product_023,2024-07-28,Normal
2024-07-29,134.08422920679536,Product_023,2024-08-04,Normal
2024-08-05,130.3511818472701,Product_023,2024-08-11,Disc_50
2024-08-12,123.34503195028157,Product_023,2024-08-18,Disc_50
2024-08-19,718.4116422498879,Product_023,2024-08-25,Normal
2024-08-26,118.37685000914897,Product_023,2024-09-01,Normal
2024-09-02,123.9758805832288,Product_023,2024-09-08,Normal
2024-09-09,119.4695894845651,Product_023,2024-09-15,Normal
2024-09-16,114.4877351873927,Product_023,2024-09-22,Normal
2024-09-23,120.57192474871728,Product_023,2024-09-29,Normal
2024-09-30,119.4738415723912,Product_023,2024-10-06,Normal
2024-10-07,122.74452040725488,Product_023,2024-10-13,Normal
2024-10-14,115.17249532272275,Product_023,2024-10-20,Normal
2024-10-21,119.6662226630391,Product_023,2024-10-27,Normal
2024-10-28,124.47014823114488,Product_023,2024-11-03,Normal
2024-11-04,131.7047901582953,Product_023,2024-11-10,Normal
2024-11-11,129.88940946074857,Product_023,2024-11-17,Normal
2024-11-18,517.6923136460027,Product_023,2024-11-24,Normal
2024-11-25,513.5801160023973,Product_023,2024-12-01,Black Friday
2024-12-02,135.70767722262426,Product_023,2024-12-08,Normal
2024-12-09,133.52683308308545,Product_023,2024-12-15,Normal
2024-12-16,137.8281802348712,Product_023,2024-12-22,Normal
2024-12-23,150.31839003660957,Product_023,2024-12-29,Normal
2024-12-30,151.56830276023155,Product_023,2025-01-05,Normal
2023-01-02,84.90751456945928,Product_024,2023-01-08,Normal
2023-01-09,90.78537822457642,Product_024,2023-01-15,Normal
2023-01-16,94.7226523115396,Product_024,2023-01-22,Normal
2023-01-23,94.56038169915864,Product_024,2023-01-29,Normal
2023-01-30,100.10670078405931,Product_024,2023-02-05,Normal
2023-02-06,106.7253185619885,Product_024,2023-02-12,Normal
2023-02-13,110.32984070940836,Product_024,2023-02-19,Normal
2023-02-20,115.94279059754652,Product_024,2023-02-26,Normal
2023-02-27,103.47830071266706,Product_024,2023-03-05,Normal
2023-03-06,114.32979441333173,Product_024,2023-03-12,Normal
2023-03-13,115.03853379188976,Product_024,2023-03-19,Normal
2023-03-20,122.20015679018428,Product_024,2023-03-26,Normal
2023-03-27,119.07769154456808,Product_024,2023-04-02,Normal
2023-04-03,122.45382106024395,Product_024,2023-04-09,Normal
2023-04-10,119.8612582144528,Product_024,2023-04-16,Normal
2023-04-17,113.47474580542486,Product_024,2023-04-23,Normal
2023-04-24,119.90964276036333,Product_024,2023-04-30,Normal
2023-05-01,123.73494862642708,Product_024,2023-05-07,Normal
2023-05-08,117.00643283709772,Product_024,2023-05-14,Normal
2023-05-15,114.56069043593962,Product_024,2023-05-21,BOGO
2023-05-22,237.62223821492512,Product_024,2023-05-28,BOGO
2023-05-29,108.70551051804637,Product_024,2023-06-04,Memorial Day
2023-06-05,109.9908761064221,Product_024,2023-06-11,Normal
2023-06-12,110.24379769004358,Product_024,2023-06-18,Normal
2023-06-19,106.82047467546394,Product_024,2023-06-25,Normal
2023-06-26,107.1207647891379,Product_024,2023-07-02,Normal
2023-07-03,102.92853212796106,Product_024,2023-07-09,Normal
2023-07-10,104.15023711820577,Product_024,2023-07-16,Normal
2023-07-17,98.8824866049144,Product_024,2023-07-23,Normal
2023-07-24,92.90626214640056,Product_024,2023-07-30,Normal
2023-07-31,4.758326864640115,Product_024,2023-08-06,Normal
2023-08-07,94.00150141276345,Product_024,2023-08-13,Normal
2023-08-14,83.0286136045701,Product_024,2023-08-20,Normal
2023-08-21,89.38943416308798,Product_024,2023-08-27,Normal
2023-08-28,86.38092481524616,Product_024,2023-09-03,Normal
2023-09-04,83.2499092782578,Product_024,2023-09-10,Normal
2023-09-11,87.91710358845826,Product_024,2023-09-17,Normal
2023-09-18,89.58995715442975,Product_024,2023-09-24,Normal
2023-09-25,86.29087181741522,Product_024,2023-10-01,Normal
2023-10-02,93.11850575767438,Product_024,2023-10-08,Normal
2023-10-09,88.32192437488295,Product_024,2023-10-15,Normal
2023-10-16,85.62169209740398,Product_024,2023-10-22,Normal
2023-10-23,88.75730416206935,Product_024,2023-10-29,Normal
2023-10-30,93.01952957120868,Product_024,2023-11-05,Normal
2023-11-06,90.81353081403778,Product_024,2023-11-12,Normal
2023-11-13,94.38688441643794,Product_024,2023-11-19,Normal
2023-11-20,384.36512820549274,Product_024,2023-11-26,Black Friday
2023-11-27,386.65688035009447,Product_024,2023-12-03,Normal
2023-12-04,103.55583204091684,Product_024,2023-12-10,Normal
2023-12-11,104.47239840937866,Product_024,2023-12-17,Normal
2023-12-18,108.6769669980154,Product_024,2023-12-24,Normal
2023-12-25,117.66041397145378,Product_024,2023-12-31,Normal
2024-01-01,115.53073672995856,Product_024,2024-01-07,Normal
2024-01-08,125.7012721630038,Product_024,2024-01-14,Normal
2024-01-15,128.97606236398758,Product_024,2024-01-21,Normal
2024-01-22,123.01119764570583,Product_024,2024-01-28,Normal
2024-01-29,129.38548871535326,Product_024,2024-02-04,Normal
2024-02-05,130.8761234572237,Product_024,2024-02-11,Normal
2024-02-12,134.62381737089763,Product_024,2024-02-18,Normal
2024-02-19,143.00385320581174,Product_024,2024-02-25,Normal
2024-02-26,141.74408157233586,Product_024,2024-03-03,Normal
2024-03-04,151.78677035155124,Product_024,2024-03-10,Normal
2024-03-11,145.95469267573796,Product_024,2024-03-17,Normal
2024-03-18,144.29783214611598,Product_024,2024-03-24,Normal
2024-03-25,153.52093657314796,Product_024,2024-03-31,Normal
2024-04-01,148.6570619266029,Product_024,2024-04-07,Normal
2024-04-08,155.43219493927273,Product_024,2024-04-14,Normal
2024-04-15,149.41008877951322,Product_024,2024-04-21,Normal
2024-04-22,145.852188075182,Product_024,2024-04-28,Normal
2024-04-29,152.18150643541583,Product_024,2024-05-05,BOGO
2024-05-06,311.8178480892971,Product_024,2024-05-12,BOGO
2024-05-13,146.08732671914694,Product_024,2024-05-19,Normal
2024-05-20,138.34449849040482,Product_024,2024-05-26,Normal
2024-05-27,149.13248331212233,Product_024,2024-06-02,Memorial Day
2024-06-03,140.75235765516,Product_024,2024-06-09,Normal
2024-06-10,139.68947154511673,Product_024,2024-06-16,Normal
2024-06-17,141.33366180682296,Product_024,2024-06-23,Normal
2024-06-24,129.48888314687184,Product_024,2024-06-30,Normal
2024-07-01,130.553750247458,Product_024,2024-07-07,Normal
2024-07-08,129.00093557310743,Product_024,2024-07-14,Normal
2024-07-15,122.60372391422248,Product_024,2024-07-21,Normal
2024-07-22,125.30738531568096,Product_024,2024-07-28,Normal
2024-07-29,129.86453647055563,Product_024,2024-08-04,Normal
2024-08-05,118.0745980998779,Product_024,2024-08-11,Disc_50
2024-08-12,119.87175131778427,Product_024,2024-08-18,Disc_50
2024-08-19,712.7089168498348,Product_024,2024-08-25,Normal
2024-08-26,122.41921570990976,Product_024,2024-09-01,Normal
2024-09-02,120.685906090402,Product_024,2024-09-08,Normal
2024-09-09,109.36613425454809,Product_024,2024-09-15,Normal
2024-09-16,118.93361079372684,Product_024,2024-09-22,Normal
2024-09-23,120.83094087565956,Product_024,2024-09-29,Normal
2024-09-30,116.90962894270572,Product_024,2024-10-06,Normal
2024-10-07,118.19838712181595,Product_024,2024-10-13,Normal
2024-10-14,115.19432470641364,Product_024,2024-10-20,Normal
2024-10-21,118.31961610130952,Product_024,2024-10-27,Normal
2024-10-28,128.2537206955716,Product_024,2024-11-03,Normal
2024-11-04,124.2807598426732,Product_024,2024-11-10,Normal
2024-11-11,123.90021005153496,Product_024,2024-11-17,Normal
2024-11-18,499.1877718608256,Product_024,2024-11-24,Normal
2024-11-25,537.6731406988511,Product_024,2024-12-01,Black Friday
2024-12-02,137.67508594991384,Product_024,2024-12-08,Normal
2024-12-09,137.5086052909868,Product_024,2024-12-15,Normal
2024-12-16,138.6041619083462,Product_024,2024-12-22,Normal
2024-12-23,147.75263903345697,Product_024,2024-12-29,Normal
2024-12-30,152.98292719901914,Product_024,2025-01-05,Normal
2023-01-02,91.12724635159552,Product_025,2023-01-08,Normal
2023-01-09,101.36204334883986,Product_025,2023-01-15,Normal
2023-01-16,103.7640881626016,Product_025,2023-01-22,Normal
2023-01-23,102.96939488731536,Product_025,2023-01-29,Normal
2023-01-30,115.80751949555362,Product_025,2023-02-05,Normal
2023-02-06,117.52472856204405,Product_025,2023-02-12,Normal
2023-02-13,110.92893011945304,Product_025,2023-02-19,Normal
2023-02-20,120.67381570701971,Product_025,2023-02-26,Normal
2023-02-27,115.19759764764208,Product_025,2023-03-05,Normal
2023-03-06,118.42565695629214,Product_025,2023-03-12,Normal
2023-03-13,126.50530248465464,Product_025,2023-03-19,Normal
2023-03-20,121.43265334426336,Product_025,2023-03-26,Normal
2023-03-27,135.04800532124804,Product_025,2023-04-02,Normal
2023-04-03,126.02600325476426,Product_025,2023-04-09,Normal
2023-04-10,129.611681886052,Product_025,2023-04-16,Normal
2023-04-17,127.50367224540744,Product_025,2023-04-23,Normal
2023-04-24,125.27159563950534,Product_025,2023-04-30,Normal
2023-05-01,129.54568725709868,Product_025,2023-05-07,Normal
2023-05-08,126.64630114104096,Product_025,2023-05-14,Normal
2023-05-15,125.6702839264682,Product_025,2023-05-21,BOGO
2023-05-22,241.69792761326,Product_025,2023-05-28,BOGO
2023-05-29,117.27230432373378,Product_025,2023-06-04,Memorial Day
2023-06-05,114.00781435399004,Product_025,2023-06-11,Normal
2023-06-12,116.36992488207149,Product_025,2023-06-18,Normal
2023-06-19,111.39142683971367,Product_025,2023-06-25,Normal
2023-06-26,114.52426227356978,Product_025,2023-07-02,Normal
2023-07-03,110.55221607788492,Product_025,2023-07-09,Normal
2023-07-10,105.2378726682627,Product_025,2023-07-16,Normal
2023-07-17,107.09373803086116,Product_025,2023-07-23,Normal
2023-07-24,103.95020431412746,Product_025,2023-07-30,Normal
2023-07-31,5.129953858658434,Product_025,2023-08-06,Normal
2023-08-07,99.33781049925882,Product_025,2023-08-13,Normal
2023-08-14,94.82386314580816,Product_025,2023-08-20,Normal
2023-08-21,95.5225349450032,Product_025,2023-08-27,Normal
2023-08-28,87.88156285980969,Product_025,2023-09-03,Normal
2023-09-04,96.93445894231748,Product_025,2023-09-10,Normal
2023-09-11,97.34505667475848,Product_025,2023-09-17,Normal
2023-09-18,96.39221352122009,Product_025,2023-09-24,Normal
2023-09-25,98.0840440290878,Product_025,2023-10-01,Normal
2023-10-02,85.23661858226579,Product_025,2023-10-08,Normal
2023-10-09,94.9414947432008,Product_025,2023-10-15,Normal
2023-10-16,91.4395869712192,Product_025,2023-10-22,Normal
2023-10-23,99.11161945016978,Product_025,2023-10-29,Normal
2023-10-30,100.39195944202494,Product_025,2023-11-05,Normal
2023-11-06,100.86357259282003,Product_025,2023-11-12,Normal
2023-11-13,104.30324165934132,Product_025,2023-11-19,Normal
2023-11-20,429.0188389831738,Product_025,2023-11-26,Black Friday
2023-11-27,415.199802086256,Product_025,2023-12-03,Normal
2023-12-04,105.37083301627808,Product_025,2023-12-10,Normal
2023-12-11,117.63827281174235,Product_025,2023-12-17,Normal
2023-12-18,116.29009699375187,Product_025,2023-12-24,Normal
2023-12-25,120.34455039725972,Product_025,2023-12-31,Normal
2024-01-01,129.69958539289286,Product_025,2024-01-07,Normal
2024-01-08,132.12670362724805,Product_025,2024-01-14,Normal
2024-01-15,132.6140354866017,Product_025,2024-01-21,Normal
2024-01-22,136.94926217908417,Product_025,2024-01-28,Normal
2024-01-29,140.88316694073222,Product_025,2024-02-04,Normal
2024-02-05,136.47326050469718,Product_025,2024-02-11,Normal
2024-02-12,147.08472436517718,Product_025,2024-02-18,Normal
2024-02-19,143.51021935746712,Product_025,2024-02-25,Normal
2024-02-26,146.15789954402652,Product_025,2024-03-03,Normal
2024-03-04,151.26192912653804,Product_025,2024-03-10,Normal
2024-03-11,150.16607490963446,Product_025,2024-03-17,Normal
2024-03-18,154.85077379496346,Product_025,2024-03-24,Normal
2024-03-25,150.9297596451622,Product_025,2024-03-31,Normal
2024-04-01,156.89845740638836,Product_025,2024-04-07,Normal
2024-04-08,152.5978811776447,Product_025,2024-04-14,Normal
2024-04-15,150.38951094627507,Product_025,2024-04-21,Normal
2024-04-22,152.8887051399687,Product_025,2024-04-28,Normal
2024-04-29,151.50681897581157,Product_025,2024-05-05,BOGO
2024-05-06,329.2682876772659,Product_025,2024-05-12,BOGO
2024-05-13,150.99490798891478,Product_025,2024-05-19,Normal
2024-05-20,144.74686591094962,Product_025,2024-05-26,Normal
2024-05-27,147.2607240156608,Product_025,2024-06-02,Memorial Day
2024-06-03,145.3637606034619,Product_025,2024-06-09,Normal
2024-06-10,147.8697884496802,Product_025,2024-06-16,Normal
2024-06-17,138.21826043073415,Product_025,2024-06-23,Normal
2024-06-24,142.30397019688905,Product_025,2024-06-30,Normal
2024-07-01,135.73631736837146,Product_025,2024-07-07,Normal
2024-07-08,133.83334575202386,Product_025,2024-07-14,Normal
2024-07-15,132.28408784199846,Product_025,2024-07-21,Normal
2024-07-22,131.36678814129414,Product_025,2024-07-28,Normal
2024-07-29,127.13237586973791,Product_025,2024-08-04,Normal
2024-08-05,131.70878169445436,Product_025,2024-08-11,Disc_50
2024-08-12,123.9101130065666,Product_025,2024-08-18,Disc_50
2024-08-19,713.7498957867757,Product_025,2024-08-25,Normal
2024-08-26,119.08557443357354,Product_025,2024-09-01,Normal
2024-09-02,117.4996568137033,Product_025,2024-09-08,Normal
2024-09-09,122.64764697411148,Product_025,2024-09-15,Normal
2024-09-16,110.74706413221226,Product_025,2024-09-22,Normal
2024-09-23,112.32876698344704,Product_025,2024-09-29,Normal
2024-09-30,119.86647504986853,Product_025,2024-10-06,Normal
2024-10-07,120.34208756632488,Product_025,2024-10-13,Normal
2024-10-14,128.5491581511872,Product_025,2024-10-20,Normal
2024-10-21,121.14825677328452,Product_025,2024-10-27,Normal
2024-10-28,121.8847415855498,Product_025,2024-11-03,Normal
2024-11-04,119.592601510157,Product_025,2024-11-10,Normal
2024-11-11,127.9404907301547,Product_025,2024-11-17,Normal
2024-11-18,533.4035764603722,Product_025,2024-11-24,Normal
2024-11-25,528.045342965685,Product_025,2024-12-01,Black Friday
2024-12-02,136.91757902831318,Product_025,2024-12-08,Normal
2024-12-09,141.0241314611598,Product_025,2024-12-15,Normal
2024-12-16,140.60100321006038,Product_025,2024-12-22,Normal
2024-12-23,149.01170970066752,Product_025,2024-12-29,Normal
2024-12-30,145.03176411312808,Product_025,2025-01-05,Normal
2023-01-02,110.56567103627908,Product_026,2023-01-08,Normal
2023-01-09,121.58977460628608,Product_026,2023-01-15,Normal
2023-01-16,117.072923237351,Product_026,2023-01-22,Normal
2023-01-23,123.8676246109047,Product_026,2023-01-29,Normal
2023-01-30,129.2711317353787,Product_026,2023-02-05,Normal
2023-02-06,128.50517019167714,Product_026,2023-02-12,Normal
2023-02-13,133.05043412240286,Product_026,2023-02-19,Normal
2023-02-20,136.3487065849938,Product_026,2023-02-26,Normal
2023-02-27,131.94574099372426,Product_026,2023-03-05,Normal
2023-03-06,139.8490977734621,Product_026,2023-03-12,Normal
2023-03-13,138.77234394851894,Product_026,2023-03-19,Normal
2023-03-20,143.0969988867826,Product_026,2023-03-26,Normal
2023-03-27,144.2620117271365,Product_026,2023-04-02,Normal
2023-04-03,140.67252660443677,Product_026,2023-04-09,Normal
2023-04-10,141.39016364528334,Product_026,2023-04-16,Normal
2023-04-17,141.31379877402992,Product_026,2023-04-23,Normal
2023-04-24,144.74194094748646,Product_026,2023-04-30,Normal
2023-05-01,138.08357626249878,Product_026,2023-05-07,Normal
2023-05-08,141.6188897501243,Product_026,2023-05-14,Normal
2023-05-15,136.9703900868468,Product_026,2023-05-21,BOGO
2023-05-22,274.89078533295145,Product_026,2023-05-28,BOGO
2023-05-29,136.22466387294472,Product_026,2023-06-04,Memorial Day
2023-06-05,125.91078572085122,Product_026,2023-06-11,Normal
2023-06-12,131.32332575923027,Product_026,2023-06-18,Normal
2023-06-19,130.48647103102252,Product_026,2023-06-25,Normal
2023-06-26,120.38044858353136,Product_026,2023-07-02,Normal
2023-07-03,130.8009431300389,Product_026,2023-07-09,Normal
2023-07-10,117.30241677163632,Product_026,2023-07-16,Normal
2023-07-17,118.66673656968288,Product_026,2023-07-23,Normal
2023-07-24,110.94453776394184,Product_026,2023-07-30,Normal
2023-07-31,6.113921074694453,Product_026,2023-08-06,Normal
2023-08-07,102.48855208079966,Product_026,2023-08-13,Normal
2023-08-14,107.71891708473323,Product_026,2023-08-20,Normal
2023-08-21,102.60585635678976,Product_026,2023-08-27,Normal
2023-08-28,100.34889945855468,Product_026,2023-09-03,Normal
2023-09-04,97.93678555956602,Product_026,2023-09-10,Normal
2023-09-11,106.86894205026344,Product_026,2023-09-17,Normal
2023-09-18,107.8155213566242,Product_026,2023-09-24,Normal
2023-09-25,104.71458834342496,Product_026,2023-10-01,Normal
2023-10-02,99.89969856545578,Product_026,2023-10-08,Normal
2023-10-09,95.22486304862382,Product_026,2023-10-15,Normal
2023-10-16,104.16316579207418,Product_026,2023-10-22,Normal
2023-10-23,97.32042086439291,Product_026,2023-10-29,Normal
2023-10-30,106.60036612070338,Product_026,2023-11-05,Normal
2023-11-06,110.14374552412384,Product_026,2023-11-12,Normal
2023-11-13,108.5608288101412,Product_026,2023-11-19,Normal
2023-11-20,471.5989984170707,Product_026,2023-11-26,Black Friday
2023-11-27,454.4681831559466,Product_026,2023-12-03,Normal
2023-12-04,123.30265418514122,Product_026,2023-12-10,Normal
2023-12-11,117.37401814682164,Product_026,2023-12-17,Normal
2023-12-18,121.58154438879085,Product_026,2023-12-24,Normal
2023-12-25,140.207326211915,Product_026,2023-12-31,Normal
2024-01-01,130.21896683209928,Product_026,2024-01-07,Normal
2024-01-08,132.1511623122216,Product_026,2024-01-14,Normal
2024-01-15,136.43671727465937,Product_026,2024-01-21,Normal
2024-01-22,136.01345062774135,Product_026,2024-01-28,Normal
2024-01-29,143.69718399662386,Product_026,2024-02-04,Normal
2024-02-05,154.80236368627396,Product_026,2024-02-11,Normal
2024-02-12,157.77540711126233,Product_026,2024-02-18,Normal
2024-02-19,150.1301332715476,Product_026,2024-02-25,Normal
2024-02-26,153.08963719590977,Product_026,2024-03-03,Normal
2024-03-04,157.90652970869772,Product_026,2024-03-10,Normal
2024-03-11,157.8540762666288,Product_026,2024-03-17,Normal
2024-03-18,157.22258604325816,Product_026,2024-03-24,Normal
2024-03-25,157.6658215999417,Product_026,2024-03-31,Normal
2024-04-01,160.089515188281,Product_026,2024-04-07,Normal
2024-04-08,163.40357947341747,Product_026,2024-04-14,Normal
2024-04-15,159.80245708939265,Product_026,2024-04-21,Normal
2024-04-22,159.70749996586522,Product_026,2024-04-28,Normal
2024-04-29,155.61211394654904,Product_026,2024-05-05,BOGO
2024-05-06,324.1678562455326,Product_026,2024-05-12,BOGO
2024-05-13,152.9687355061519,Product_026,2024-05-19,Normal
2024-05-20,151.05314046448538,Product_026,2024-05-26,Normal
2024-05-27,154.09978937912513,Product_026,2024-06-02,Memorial Day
2024-06-03,156.10293493831935,Product_026,2024-06-09,Normal
2024-06-10,145.66652633903996,Product_026,2024-06-16,Normal
2024-06-17,151.46285847384186,Product_026,2024-06-23,Normal
2024-06-24,148.80335019416552,Product_026,2024-06-30,Normal
2024-07-01,140.7841165950227,Product_026,2024-07-07,Normal
2024-07-08,138.46294143444865,Product_026,2024-07-14,Normal
2024-07-15,138.48507401554428,Product_026,2024-07-21,Normal
2024-07-22,124.45869226252113,Product_026,2024-07-28,Normal
2024-07-29,129.3473115114152,Product_026,2024-08-04,Normal
2024-08-05,130.32505051253196,Product_026,2024-08-11,Disc_50
2024-08-12,119.69516647734852,Product_026,2024-08-18,Disc_50
2024-08-19,724.9075494761839,Product_026,2024-08-25,Normal
2024-08-26,120.1144576800855,Product_026,2024-09-01,Normal
2024-09-02,122.78640230491555,Product_026,2024-09-08,Normal
2024-09-09,121.42057628172324,Product_026,2024-09-15,Normal
2024-09-16,120.68068622617812,Product_026,2024-09-22,Normal
2024-09-23,115.69881613679084,Product_026,2024-09-29,Normal
2024-09-30,118.61158520441036,Product_026,2024-10-06,Normal
2024-10-07,119.35035496301,Product_026,2024-10-13,Normal
2024-10-14,118.54080221980404,Product_026,2024-10-20,Normal
2024-10-21,122.4289779840747,Product_026,2024-10-27,Normal
2024-10-28,127.22190813794596,Product_026,2024-11-03,Normal
2024-11-04,123.1828411884206,Product_026,2024-11-10,Normal
2024-11-11,132.6272360416224,Product_026,2024-11-17,Normal
2024-11-18,526.7807092965675,Product_026,2024-11-24,Normal
2024-11-25,558.2216900173837,Product_026,2024-12-01,Black Friday
2024-12-02,134.71811739304889,Product_026,2024-12-08,Normal
2024-12-09,139.0233449276923,Product_026,2024-12-15,Normal
2024-12-16,145.57957521923117,Product_026,2024-12-22,Normal
2024-12-23,148.743740970109,Product_026,2024-12-29,Normal
2024-12-30,150.60203257403307,Product_026,2025-01-05,Normal
2023-01-02,85.54610671510507,Product_027,2023-01-08,Normal
2023-01-09,92.9186932021387,Product_027,2023-01-15,Normal
2023-01-16,94.00219214667656,Product_027,2023-01-22,Normal
2023-01-23,101.50614014580258,Product_027,2023-01-29,Normal
2023-01-30,98.2037485726892,Product_027,2023-02-05,Normal
2023-02-06,103.14314163991544,Product_027,2023-02-12,Normal
2023-02-13,107.37751938227645,Product_027,2023-02-19,Normal
2023-02-20,107.5818087262616,Product_027,2023-02-26,Normal
2023-02-27,114.05238786754772,Product_027,2023-03-05,Normal
2023-03-06,107.46787606786584,Product_027,2023-03-12,Normal
2023-03-13,121.34381690764428,Product_027,2023-03-19,Normal
2023-03-20,115.68832925066648,Product_027,2023-03-26,Normal
2023-03-27,120.96486885457864,Product_027,2023-04-02,Normal
2023-04-03,118.68199722713656,Product_027,2023-04-09,Normal
2023-04-10,123.8865879849693,Product_027,2023-04-16,Normal
2023-04-17,130.86088919584645,Product_027,2023-04-23,Normal
2023-04-24,115.83596542004902,Product_027,2023-04-30,Normal
2023-05-01,131.83595403835417,Product_027,2023-05-07,Normal
2023-05-08,109.30718056675894,Product_027,2023-05-14,Normal
2023-05-15,119.71028499228716,Product_027,2023-05-21,BOGO
2023-05-22,239.56103709875313,Product_027,2023-05-28,BOGO
2023-05-29,108.0679461737038,Product_027,2023-06-04,Memorial Day
2023-06-05,115.68334894045223,Product_027,2023-06-11,Normal
2023-06-12,111.59602162016648,Product_027,2023-06-18,Normal
2023-06-19,114.61241693922942,Product_027,2023-06-25,Normal
2023-06-26,104.0500729727117,Product_027,2023-07-02,Normal
2023-07-03,104.8554193697512,Product_027,2023-07-09,Normal
2023-07-10,101.82750724173904,Product_027,2023-07-16,Normal
2023-07-17,102.8607819275834,Product_027,2023-07-23,Normal
2023-07-24,86.02275734462911,Product_027,2023-07-30,Normal
2023-07-31,4.876063102945958,Product_027,2023-08-06,Normal
2023-08-07,84.00797914093346,Product_027,2023-08-13,Normal
2023-08-14,90.7992236980822,Product_027,2023-08-20,Normal
2023-08-21,93.00250079984868,Product_027,2023-08-27,Normal
2023-08-28,92.09783720746395,Product_027,2023-09-03,Normal
2023-09-04,92.19114672558196,Product_027,2023-09-10,Normal
2023-09-11,87.10723378046083,Product_027,2023-09-17,Normal
2023-09-18,89.06029006070587,Product_027,2023-09-24,Normal
2023-09-25,85.8742793718059,Product_027,2023-10-01,Normal
2023-10-02,89.12366990603456,Product_027,2023-10-08,Normal
2023-10-09,83.24109629966246,Product_027,2023-10-15,Normal
2023-10-16,91.27430456529676,Product_027,2023-10-22,Normal
2023-10-23,91.0971355968398,Product_027,2023-10-29,Normal
2023-10-30,94.52463345580352,Product_027,2023-11-05,Normal
2023-11-06,86.9743391127207,Product_027,2023-11-12,Normal
2023-11-13,97.06552834911032,Product_027,2023-11-19,Normal
2023-11-20,430.5936326004978,Product_027,2023-11-26,Black Friday
2023-11-27,403.47562627139206,Product_027,2023-12-03,Normal
2023-12-04,105.4462701068021,Product_027,2023-12-10,Normal
2023-12-11,109.25827807571068,Product_027,2023-12-17,Normal
2023-12-18,105.84846658680613,Product_027,2023-12-24,Normal
2023-12-25,118.68676610772742,Product_027,2023-12-31,Normal
2024-01-01,123.95599123675755,Product_027,2024-01-07,Normal
2024-01-08,121.33419087320205,Product_027,2024-01-14,Normal
2024-01-15,127.8153523913688,Product_027,2024-01-21,Normal
2024-01-22,125.86175212525715,Product_027,2024-01-28,Normal
2024-01-29,131.92124366397007,Product_027,2024-02-04,Normal
2024-02-05,133.9633805030517,Product_027,2024-02-11,Normal
2024-02-12,136.84212087321825,Product_027,2024-02-18,Normal
2024-02-19,144.27272327924274,Product_027,2024-02-25,Normal
2024-02-26,144.57735269339742,Product_027,2024-03-03,Normal
2024-03-04,151.07861493605287,Product_027,2024-03-10,Normal
2024-03-11,138.13945057777306,Product_027,2024-03-17,Normal
2024-03-18,145.90895845078944,Product_027,2024-03-24,Normal
2024-03-25,153.2705419671451,Product_027,2024-03-31,Normal
2024-04-01,155.1878534570587,Product_027,2024-04-07,Normal
2024-04-08,158.0199151444823,Product_027,2024-04-14,Normal
2024-04-15,155.4559795786007,Product_027,2024-04-21,Normal
2024-04-22,159.83124947837072,Product_027,2024-04-28,Normal
2024-04-29,152.51918244509594,Product_027,2024-05-05,BOGO
2024-05-06,313.46084259007944,Product_027,2024-05-12,BOGO
2024-05-13,149.64979546279662,Product_027,2024-05-19,Normal
2024-05-20,154.3624549423189,Product_027,2024-05-26,Normal
2024-05-27,145.67294427876888,Product_027,2024-06-02,Memorial Day
2024-06-03,135.7983247932051,Product_027,2024-06-09,Normal
2024-06-10,143.38767643521692,Product_027,2024-06-16,Normal
2024-06-17,142.3272810654749,Product_027,2024-06-23,Normal
2024-06-24,139.05162567674992,Product_027,2024-06-30,Normal
2024-07-01,134.14017124781174,Product_027,2024-07-07,Normal
2024-07-08,129.42733823525333,Product_027,2024-07-14,Normal
2024-07-15,136.46837869082913,Product_027,2024-07-21,Normal
2024-07-22,125.40487367083634,Product_027,2024-07-28,Normal
2024-07-29,128.0573478202224,Product_027,2024-08-04,Normal
2024-08-05,127.32743298646272,Product_027,2024-08-11,Disc_50
2024-08-12,124.00597516771472,Product_027,2024-08-18,Disc_50
2024-08-19,716.840362812889,Product_027,2024-08-25,Normal
2024-08-26,116.01598179636537,Product_027,2024-09-01,Normal
2024-09-02,115.11540608817724,Product_027,2024-09-08,Normal
2024-09-09,123.43925020154091,Product_027,2024-09-15,Normal
2024-09-16,116.59000217568396,Product_027,2024-09-22,Normal
2024-09-23,118.69166698537612,Product_027,2024-09-29,Normal
2024-09-30,120.41923527609612,Product_027,2024-10-06,Normal
2024-10-07,124.30344465073809,Product_027,2024-10-13,Normal
2024-10-14,118.45872381459314,Product_027,2024-10-20,Normal
2024-10-21,123.14457388258867,Product_027,2024-10-27,Normal
2024-10-28,119.60058825519262,Product_027,2024-11-03,Normal
2024-11-04,120.33753289722384,Product_027,2024-11-10,Normal
2024-11-11,125.63825677102578,Product_027,2024-11-17,Normal
2024-11-18,539.8289870686366,Product_027,2024-11-24,Normal
2024-11-25,535.3516864658567,Product_027,2024-12-01,Black Friday
2024-12-02,141.68328127567165,Product_027,2024-12-08,Normal
2024-12-09,133.8630209119864,Product_027,2024-12-15,Normal
2024-12-16,142.0289543665319,Product_027,2024-12-22,Normal
2024-12-23,141.7352661233319,Product_027,2024-12-29,Normal
2024-12-30,153.7462326773049,Product_027,2025-01-05,Normal
2023-01-02,88.75717409829659,Product_028,2023-01-08,Normal
2023-01-09,91.27478365734213,Product_028,2023-01-15,Normal
2023-01-16,93.19530257728462,Product_028,2023-01-22,Normal
2023-01-23,103.2459148129859,Product_028,2023-01-29,Normal
2023-01-30,106.22552521675205,Product_028,2023-02-05,Normal
2023-02-06,111.24386557244314,Product_028,2023-02-12,Normal
2023-02-13,102.91967767101508,Product_028,2023-02-19,Normal
2023-02-20,111.35219204566256,Product_028,2023-02-26,Normal
2023-02-27,107.1076829630948,Product_028,2023-03-05,Normal
2023-03-06,110.52612149875245,Product_028,2023-03-12,Normal
2023-03-13,111.37758676272836,Product_028,2023-03-19,Normal
2023-03-20,122.62166489989154,Product_028,2023-03-26,Normal
2023-03-27,126.16663118588312,Product_028,2023-04-02,Normal
2023-04-03,114.52191598075284,Product_028,2023-04-09,Normal
2023-04-10,119.75889033755784,Product_028,2023-04-16,Normal
2023-04-17,124.21789210757578,Product_028,2023-04-23,Normal
2023-04-24,122.17587120260852,Product_028,2023-04-30,Normal
2023-05-01,121.55615330419045,Product_028,2023-05-07,Normal
2023-05-08,123.16877609927272,Product_028,2023-05-14,Normal
2023-05-15,113.96069260490457,Product_028,2023-05-21,BOGO
2023-05-22,233.4733401180018,Product_028,2023-05-28,BOGO
2023-05-29,122.30092247456064,Product_028,2023-06-04,Memorial Day
2023-06-05,111.03306897170874,Product_028,2023-06-11,Normal
2023-06-12,114.7288346184754,Product_028,2023-06-18,Normal
2023-06-19,103.1140560992994,Product_028,2023-06-25,Normal
2023-06-26,100.92933390234931,Product_028,2023-07-02,Normal
2023-07-03,103.15460730944946,Product_028,2023-07-09,Normal
2023-07-10,102.34799255512392,Product_028,2023-07-16,Normal
2023-07-17,104.10687010848656,Product_028,2023-07-23,Normal
2023-07-24,100.58578421228556,Product_028,2023-07-30,Normal
2023-07-31,4.617754934451894,Product_028,2023-08-06,Normal
2023-08-07,100.19310860653304,Product_028,2023-08-13,Normal
2023-08-14,90.19507128610444,Product_028,2023-08-20,Normal
2023-08-21,83.04540848342525,Product_028,2023-08-27,Normal
2023-08-28,92.80248947705655,Product_028,2023-09-03,Normal
2023-09-04,86.46459280083667,Product_028,2023-09-10,Normal
2023-09-11,78.65487720606073,Product_028,2023-09-17,Normal
2023-09-18,88.52230716364068,Product_028,2023-09-24,Normal
2023-09-25,86.2780881649195,Product_028,2023-10-01,Normal
2023-10-02,79.03768434716994,Product_028,2023-10-08,Normal
2023-10-09,85.3891661065828,Product_028,2023-10-15,Normal
2023-10-16,90.74265826753616,Product_028,2023-10-22,Normal
2023-10-23,88.13277116496637,Product_028,2023-10-29,Normal
2023-10-30,98.58094671867246,Product_028,2023-11-05,Normal
2023-11-06,94.5556324020493,Product_028,2023-11-12,Normal
2023-11-13,87.14568809209266,Product_028,2023-11-19,Normal
2023-11-20,370.8001609433836,Product_028,2023-11-26,Black Friday
2023-11-27,414.70120580892024,Product_028,2023-12-03,Normal
2023-12-04,98.65540784779462,Product_028,2023-12-10,Normal
2023-12-11,104.67275712604804,Product_028,2023-12-17,Normal
2023-12-18,111.81513112340464,Product_028,2023-12-24,Normal
2023-12-25,114.79038415630713,Product_028,2023-12-31,Normal
2024-01-01,119.730521569922,Product_028,2024-01-07,Normal
2024-01-08,127.8955480052132,Product_028,2024-01-14,Normal
2024-01-15,123.54384029840602,Product_028,2024-01-21,Normal
2024-01-22,131.89813257248815,Product_028,2024-01-28,Normal
2024-01-29,130.93412162768817,Product_028,2024-02-04,Normal
2024-02-05,134.02276176972794,Product_028,2024-02-11,Normal
2024-02-12,141.49399879686132,Product_028,2024-02-18,Normal
2024-02-19,140.27758019033246,Product_028,2024-02-25,Normal
2024-02-26,148.6431169931178,Product_028,2024-03-03,Normal
2024-03-04,150.69928443512268,Product_028,2024-03-10,Normal
2024-03-11,142.46509580536022,Product_028,2024-03-17,Normal
2024-03-18,158.26322583405857,Product_028,2024-03-24,Normal
2024-03-25,152.74673365628982,Product_028,2024-03-31,Normal
2024-04-01,144.61797563607942,Product_028,2024-04-07,Normal
2024-04-08,142.015293114321,Product_028,2024-04-14,Normal
2024-04-15,149.15105825311576,Product_028,2024-04-21,Normal
2024-04-22,152.94006945786722,Product_028,2024-04-28,Normal
2024-04-29,155.0802805351261,Product_028,2024-05-05,BOGO
2024-05-06,310.65622163013495,Product_028,2024-05-12,BOGO
2024-05-13,140.28110833622088,Product_028,2024-05-19,Normal
2024-05-20,146.15567151266143,Product_028,2024-05-26,Normal
2024-05-27,147.55448004269485,Product_028,2024-06-02,Memorial Day
2024-06-03,142.10546602486068,Product_028,2024-06-09,Normal
2024-06-10,144.80483988859186,Product_028,2024-06-16,Normal
2024-06-17,137.8671148843597,Product_028,2024-06-23,Normal
2024-06-24,143.37778385076834,Product_028,2024-06-30,Normal
2024-07-01,136.85434319146685,Product_028,2024-07-07,Normal
2024-07-08,137.53220501082174,Product_028,2024-07-14,Normal
2024-07-15,136.37101129517723,Product_028,2024-07-21,Normal
2024-07-22,124.79254972511882,Product_028,2024-07-28,Normal
2024-07-29,119.72993243875425,Product_028,2024-08-04,Normal
2024-08-05,126.29809798242812,Product_028,2024-08-11,Disc_50
2024-08-12,115.93954501050167,Product_028,2024-08-18,Disc_50
2024-08-19,723.8265284385493,Product_028,2024-08-25,Normal
2024-08-26,124.220473108424,Product_028,2024-09-01,Normal
2024-09-02,120.38121607185673,Product_028,2024-09-08,Normal
2024-09-09,117.32866555872155,Product_028,2024-09-15,Normal
2024-09-16,114.7442467737052,Product_028,2024-09-22,Normal
2024-09-23,121.26283082374806,Product_028,2024-09-29,Normal
2024-09-30,111.91853145922778,Product_028,2024-10-06,Normal
2024-10-07,115.70562373319191,Product_028,2024-10-13,Normal
2024-10-14,123.52417777901648,Product_028,2024-10-20,Normal
2024-10-21,125.7515471262075,Product_028,2024-10-27,Normal
2024-10-28,121.84002908902433,Product_028,2024-11-03,Normal
2024-11-04,129.00570782030405,Product_028,2024-11-10,Normal
2024-11-11,130.76629186603947,Product_028,2024-11-17,Normal
2024-11-18,538.8528830060934,Product_028,2024-11-24,Normal
2024-11-25,536.0784112517983,Product_028,2024-12-01,Black Friday
2024-12-02,138.25165732227242,Product_028,2024-12-08,Normal
2024-12-09,135.76787532113505,Product_028,2024-12-15,Normal
2024-12-16,148.32338800271387,Product_028,2024-12-22,Normal
2024-12-23,138.72265642100257,Product_028,2024-12-29,Normal
2024-12-30,151.93572265094917,Product_028,2025-01-05,Normal
2023-01-02,94.23417908009964,Product_029,2023-01-08,Normal
2023-01-09,101.09933116496588,Product_029,2023-01-15,Normal
2023-01-16,100.4302149490514,Product_029,2023-01-22,Normal
2023-01-23,106.14375886635,Product_029,2023-01-29,Normal
2023-01-30,102.88354851022456,Product_029,2023-02-05,Normal
2023-02-06,112.61772158253235,Product_029,2023-02-12,Normal
2023-02-13,118.6791020647902,Product_029,2023-02-19,Normal
2023-02-20,118.09791450840176,Product_029,2023-02-26,Normal
2023-02-27,122.17653748891097,Product_029,2023-03-05,Normal
2023-03-06,124.42393289368285,Product_029,2023-03-12,Normal
2023-03-13,121.68001685192188,Product_029,2023-03-19,Normal
2023-03-20,125.38902660775416,Product_029,2023-03-26,Normal
2023-03-27,123.24923655089012,Product_029,2023-04-02,Normal
2023-04-03,133.6809926722363,Product_029,2023-04-09,Normal
2023-04-10,126.5428112794085,Product_029,2023-04-16,Normal
2023-04-17,124.99818511667328,Product_029,2023-04-23,Normal
2023-04-24,123.05863225663546,Product_029,2023-04-30,Normal
2023-05-01,123.65983483306124,Product_029,2023-05-07,Normal
2023-05-08,123.8056089188624,Product_029,2023-05-14,Normal
2023-05-15,116.26106719963724,Product_029,2023-05-21,BOGO
2023-05-22,221.3903472276101,Product_029,2023-05-28,BOGO
2023-05-29,121.1901298335751,Product_029,2023-06-04,Memorial Day
2023-06-05,120.0159185930895,Product_029,2023-06-11,Normal
2023-06-12,110.4516219272302,Product_029,2023-06-18,Normal
2023-06-19,116.01029154629418,Product_029,2023-06-25,Normal
2023-06-26,109.07312976102844,Product_029,2023-07-02,Normal
2023-07-03,100.4058056010378,Product_029,2023-07-09,Normal
2023-07-10,113.35493447402332,Product_029,2023-07-16,Normal
2023-07-17,107.04314090008609,Product_029,2023-07-23,Normal
2023-07-24,103.82490926959588,Product_029,2023-07-30,Normal
2023-07-31,4.461317600795515,Product_029,2023-08-06,Normal
2023-08-07,95.15570313315582,Product_029,2023-08-13,Normal
2023-08-14,93.1999652447308,Product_029,2023-08-20,Normal
2023-08-21,87.85840756704911,Product_029,2023-08-27,Normal
2023-08-28,92.15140850470932,Product_029,2023-09-03,Normal
2023-09-04,87.79005557358273,Product_029,2023-09-10,Normal
2023-09-11,93.4875642303052,Product_029,2023-09-17,Normal
2023-09-18,89.55282295150401,Product_029,2023-09-24,Normal
2023-09-25,93.61522832737492,Product_029,2023-10-01,Normal
2023-10-02,91.66728405736195,Product_029,2023-10-08,Normal
2023-10-09,85.88914882846277,Product_029,2023-10-15,Normal
2023-10-16,84.7117971798481,Product_029,2023-10-22,Normal
2023-10-23,97.96819691481518,Product_029,2023-10-29,Normal
2023-10-30,98.0972367560391,Product_029,2023-11-05,Normal
2023-11-06,93.39483133887336,Product_029,2023-11-12,Normal
2023-11-13,94.51589927637248,Product_029,2023-11-19,Normal
2023-11-20,424.8909689657056,Product_029,2023-11-26,Black Friday
2023-11-27,441.3178089481539,Product_029,2023-12-03,Normal
2023-12-04,110.08591484956766,Product_029,2023-12-10,Normal
2023-12-11,114.81206896193684,Product_029,2023-12-17,Normal
2023-12-18,113.70733141568792,Product_029,2023-12-24,Normal
2023-12-25,118.28932090383095,Product_029,2023-12-31,Normal
2024-01-01,119.87206722989954,Product_029,2024-01-07,Normal
2024-01-08,123.44794341769452,Product_029,2024-01-14,Normal
2024-01-15,127.88777055575449,Product_029,2024-01-21,Normal
2024-01-22,129.78848914185028,Product_029,2024-01-28,Normal
2024-01-29,128.90855060912605,Product_029,2024-02-04,Normal
2024-02-05,142.739095455556,Product_029,2024-02-11,Normal
2024-02-12,141.84686063090518,Product_029,2024-02-18,Normal
2024-02-19,139.50827655415534,Product_029,2024-02-25,Normal
2024-02-26,148.31802827236743,Product_029,2024-03-03,Normal
2024-03-04,153.60772344258018,Product_029,2024-03-10,Normal
2024-03-11,154.10059215003554,Product_029,2024-03-17,Normal
2024-03-18,148.78260392315784,Product_029,2024-03-24,Normal
2024-03-25,148.1103464017177,Product_029,2024-03-31,Normal
2024-04-01,160.68196469947847,Product_029,2024-04-07,Normal
2024-04-08,158.08534735862168,Product_029,2024-04-14,Normal
2024-04-15,151.42599172881836,Product_029,2024-04-21,Normal
2024-04-22,155.03150438701476,Product_029,2024-04-28,Normal
2024-04-29,145.13699377959497,Product_029,2024-05-05,BOGO
2024-05-06,321.6342173992625,Product_029,2024-05-12,BOGO
2024-05-13,156.04239252793158,Product_029,2024-05-19,Normal
2024-05-20,145.6117359337613,Product_029,2024-05-26,Normal
2024-05-27,153.59250753744118,Product_029,2024-06-02,Memorial Day
2024-06-03,148.15812369726945,Product_029,2024-06-09,Normal
2024-06-10,146.9122482840547,Product_029,2024-06-16,Normal
2024-06-17,136.25090276198367,Product_029,2024-06-23,Normal
2024-06-24,140.27425637697405,Product_029,2024-06-30,Normal
2024-07-01,135.2201671002404,Product_029,2024-07-07,Normal
2024-07-08,134.51285291647858,Product_029,2024-07-14,Normal
2024-07-15,128.34271347345322,Product_029,2024-07-21,Normal
2024-07-22,131.05819102351248,Product_029,2024-07-28,Normal
2024-07-29,126.3266412763778,Product_029,2024-08-04,Normal
2024-08-05,129.757942396111,Product_029,2024-08-11,Disc_50
2024-08-12,124.57831880626954,Product_029,2024-08-18,Disc_50
2024-08-19,716.9531490134601,Product_029,2024-08-25,Normal
2024-08-26,121.61578871075692,Product_029,2024-09-01,Normal
2024-09-02,117.7045778051974,Product_029,2024-09-08,Normal
2024-09-09,115.43537784264282,Product_029,2024-09-15,Normal
2024-09-16,113.3309789297886,Product_029,2024-09-22,Normal
2024-09-23,121.59456520853152,Product_029,2024-09-29,Normal
2024-09-30,113.85626141711538,Product_029,2024-10-06,Normal
2024-10-07,124.68538072886548,Product_029,2024-10-13,Normal
2024-10-14,116.58899935463482,Product_029,2024-10-20,Normal
2024-10-21,128.02788814002238,Product_029,2024-10-27,Normal
2024-10-28,127.28753367992664,Product_029,2024-11-03,Normal
2024-11-04,119.37489705815472,Product_029,2024-11-10,Normal
2024-11-11,126.5876001952064,Product_029,2024-11-17,Normal
2024-11-18,519.5066107077425,Product_029,2024-11-24,Normal
2024-11-25,550.169309923398,Product_029,2024-12-01,Black Friday
2024-12-02,135.92613845563892,Product_029,2024-12-08,Normal
2024-12-09,141.29684624782578,Product_029,2024-12-15,Normal
2024-12-16,147.1769771528716,Product_029,2024-12-22,Normal
2024-12-23,149.9138774463869,Product_029,2024-12-29,Normal
2024-12-30,151.2556315913558,Product_029,2025-01-05,Normal
2023-01-02,92.9860911649361,Product_030,2023-01-08,Normal
2023-01-09,88.27297700199877,Product_030,2023-01-15,Normal
2023-01-16,95.19347101177864,Product_030,2023-01-22,Normal
2023-01-23,93.67163853621658,Product_030,2023-01-29,Normal
2023-01-30,102.17460789965492,Product_030,2023-02-05,Normal
2023-02-06,109.71209880595627,Product_030,2023-02-12,Normal
2023-02-13,112.53145623890558,Product_030,2023-02-19,Normal
2023-02-20,112.24584738002164,Product_030,2023-02-26,Normal
2023-02-27,114.98408368239872,Product_030,2023-03-05,Normal
2023-03-06,115.29858526536036,Product_030,2023-03-12,Normal
2023-03-13,108.3223127534528,Product_030,2023-03-19,Normal
2023-03-20,122.70987102187816,Product_030,2023-03-26,Normal
2023-03-27,120.87240809837564,Product_030,2023-04-02,Normal
2023-04-03,121.69212291670654,Product_030,2023-04-09,Normal
2023-04-10,116.66935295943352,Product_030,2023-04-16,Normal
2023-04-17,127.79643185187112,Product_030,2023-04-23,Normal
2023-04-24,115.16777054559644,Product_030,2023-04-30,Normal
2023-05-01,123.50537539391884,Product_030,2023-05-07,Normal
2023-05-08,120.13383503199778,Product_030,2023-05-14,Normal
2023-05-15,120.22744808173913,Product_030,2023-05-21,BOGO
2023-05-22,241.97982352566825,Product_030,2023-05-28,BOGO
2023-05-29,116.37447983015852,Product_030,2023-06-04,Memorial Day
2023-06-05,108.22266611170522,Product_030,2023-06-11,Normal
2023-06-12,111.94807089938108,Product_030,2023-06-18,Normal
2023-06-19,107.72169416917984,Product_030,2023-06-25,Normal
2023-06-26,114.2252813889859,Product_030,2023-07-02,Normal
2023-07-03,100.97702298344988,Product_030,2023-07-09,Normal
2023-07-10,108.46001343424564,Product_030,2023-07-16,Normal
2023-07-17,97.62236792955908,Product_030,2023-07-23,Normal
2023-07-24,99.59264212921497,Product_030,2023-07-30,Normal
2023-07-31,4.866901898474991,Product_030,2023-08-06,Normal
2023-08-07,93.66449591394424,Product_030,2023-08-13,Normal
2023-08-14,99.33238410877146,Product_030,2023-08-20,Normal
2023-08-21,89.23124886291464,Product_030,2023-08-27,Normal
2023-08-28,86.07061881110025,Product_030,2023-09-03,Normal
2023-09-04,89.84811080221583,Product_030,2023-09-10,Normal
2023-09-11,81.95997484767939,Product_030,2023-09-17,Normal
2023-09-18,85.71442988040756,Product_030,2023-09-24,Normal
2023-09-25,83.03252497036752,Product_030,2023-10-01,Normal
2023-10-02,85.45084249807897,Product_030,2023-10-08,Normal
2023-10-09,85.2893547563709,Product_030,2023-10-15,Normal
2023-10-16,90.29631501926076,Product_030,2023-10-22,Normal
2023-10-23,86.74222192571473,Product_030,2023-10-29,Normal
2023-10-30,95.0787740634744,Product_030,2023-11-05,Normal
2023-11-06,93.2190252293693,Product_030,2023-11-12,Normal
2023-11-13,95.47438522177058,Product_030,2023-11-19,Normal
2023-11-20,374.5748997588307,Product_030,2023-11-26,Black Friday
2023-11-27,391.16823188154586,Product_030,2023-12-03,Normal
2023-12-04,106.53294194182163,Product_030,2023-12-10,Normal
2023-12-11,106.15825763393028,Product_030,2023-12-17,Normal
2023-12-18,114.33193422794986,Product_030,2023-12-24,Normal
2023-12-25,116.49665841823102,Product_030,2023-12-31,Normal
2024-01-01,118.82905907433066,Product_030,2024-01-07,Normal
2024-01-08,128.51406917406152,Product_030,2024-01-14,Normal
2024-01-15,124.91673115076378,Product_030,2024-01-21,Normal
2024-01-22,129.80321229548414,Product_030,2024-01-28,Normal
2024-01-29,134.7111825422931,Product_030,2024-02-04,Normal
2024-02-05,145.4283275443902,Product_030,2024-02-11,Normal
2024-02-12,140.476541085648,Product_030,2024-02-18,Normal
2024-02-19,140.3738235894501,Product_030,2024-02-25,Normal
2024-02-26,150.29282580843594,Product_030,2024-03-03,Normal
2024-03-04,153.7811293475869,Product_030,2024-03-10,Normal
2024-03-11,146.68851189830164,Product_030,2024-03-17,Normal
2024-03-18,145.8396426949214,Product_030,2024-03-24,Normal
2024-03-25,147.81993300443,Product_030,2024-03-31,Normal
2024-04-01,153.02940336973353,Product_030,2024-04-07,Normal
2024-04-08,152.4170189775909,Product_030,2024-04-14,Normal
2024-04-15,149.43178064270725,Product_030,2024-04-21,Normal
2024-04-22,152.72349274209233,Product_030,2024-04-28,Normal
2024-04-29,157.62226247822497,Product_030,2024-05-05,BOGO
2024-05-06,307.06197973477947,Product_030,2024-05-12,BOGO
2024-05-13,155.000006527758,Product_030,2024-05-19,Normal
2024-05-20,147.570781370011,Product_030,2024-05-26,Normal
2024-05-27,152.0162403848706,Product_030,2024-06-02,Memorial Day
2024-06-03,142.05402385857718,Product_030,2024-06-09,Normal
2024-06-10,136.32297940721867,Product_030,2024-06-16,Normal
2024-06-17,138.52368585900126,Product_030,2024-06-23,Normal
2024-06-24,137.80083108804783,Product_030,2024-06-30,Normal
2024-07-01,137.21719225344265,Product_030,2024-07-07,Normal
2024-07-08,134.6697508655567,Product_030,2024-07-14,Normal
2024-07-15,131.64247671269248,Product_030,2024-07-21,Normal
2024-07-22,121.63599786796506,Product_030,2024-07-28,Normal
2024-07-29,126.57947595546936,Product_030,2024-08-04,Normal
2024-08-05,121.64907561519254,Product_030,2024-08-11,Disc_50
2024-08-12,116.62035153026352,Product_030,2024-08-18,Disc_50
2024-08-19,720.7058009019167,Product_030,2024-08-25,Normal
2024-08-26,113.78863194380725,Product_030,2024-09-01,Normal
2024-09-02,123.62278060401194,Product_030,2024-09-08,Normal
2024-09-09,117.95471072878124,Product_030,2024-09-15,Normal
2024-09-16,122.24392808291582,Product_030,2024-09-22,Normal
2024-09-23,109.38047044668492,Product_030,2024-09-29,Normal
2024-09-30,111.35705761825098,Product_030,2024-10-06,Normal
2024-10-07,117.55398843447117,Product_030,2024-10-13,Normal
2024-10-14,116.13621466372612,Product_030,2024-10-20,Normal
2024-10-21,114.8576932906624,Product_030,2024-10-27,Normal
2024-10-28,125.946140588603,Product_030,2024-11-03,Normal
2024-11-04,123.23173857863684,Product_030,2024-11-10,Normal
2024-11-11,129.20160414998412,Product_030,2024-11-17,Normal
2024-11-18,513.2371505482878,Product_030,2024-11-24,Normal
2024-11-25,538.6036623352172,Product_030,2024-12-01,Black Friday
2024-12-02,124.85338228452927,Product_030,2024-12-08,Normal
2024-12-09,148.14961991658683,Product_030,2024-12-15,Normal
2024-12-16,140.68655475310334,Product_030,2024-12-22,Normal
2024-12-23,142.4261866517083,Product_030,2024-12-29,Normal
2024-12-30,149.96338544403156,Product_030,2025-01-05,Normal
2023-01-02,83.0178261767414,Product_031,2023-01-08,Normal
2023-01-09,91.34917175825484,Product_031,2023-01-15,Normal
2023-01-16,86.0085855350927,Product_031,2023-01-22,Normal
2023-01-23,97.57564269083406,Product_031,2023-01-29,Normal
2023-01-30,95.03187401964776,Product_031,2023-02-05,Normal
2023-02-06,92.21548549363162,Product_031,2023-02-12,Normal
2023-02-13,107.33304236509568,Product_031,2023-02-19,Normal
2023-02-20,108.32539925181185,Product_031,2023-02-26,Normal
2023-02-27,110.96385013170736,Product_031,2023-03-05,Normal
2023-03-06,112.05729914105756,Product_031,2023-03-12,Normal
2023-03-13,108.55309062171185,Product_031,2023-03-19,Normal
2023-03-20,116.8756036522752,Product_031,2023-03-26,Normal
2023-03-27,109.39821984707578,Product_031,2023-04-02,Normal
2023-04-03,113.21917615480746,Product_031,2023-04-09,Normal
2023-04-10,119.62176563684184,Product_031,2023-04-16,Normal
2023-04-17,121.99813038155766,Product_031,2023-04-23,Normal
2023-04-24,124.7546410924659,Product_031,2023-04-30,Normal
2023-05-01,126.30481349494627,Product_031,2023-05-07,Normal
2023-05-08,122.38174541671646,Product_031,2023-05-14,Normal
2023-05-15,118.3516019480006,Product_031,2023-05-21,BOGO
2023-05-22,224.2435468203693,Product_031,2023-05-28,BOGO
2023-05-29,113.44770812120204,Product_031,2023-06-04,Memorial Day
2023-06-05,107.88554653594646,Product_031,2023-06-11,Normal
2023-06-12,107.1206182739694,Product_031,2023-06-18,Normal
2023-06-19,113.19027811770758,Product_031,2023-06-25,Normal
2023-06-26,103.7180262324628,Product_031,2023-07-02,Normal
2023-07-03,94.79075135040668,Product_031,2023-07-09,Normal
2023-07-10,96.6973306799274,Product_031,2023-07-16,Normal
2023-07-17,92.30685417278764,Product_031,2023-07-23,Normal
2023-07-24,99.97828686210028,Product_031,2023-07-30,Normal
2023-07-31,4.9018668763011775,Product_031,2023-08-06,Normal
2023-08-07,87.87590614080712,Product_031,2023-08-13,Normal
2023-08-14,89.54042475502942,Product_031,2023-08-20,Normal
2023-08-21,79.5494339920742,Product_031,2023-08-27,Normal
2023-08-28,80.60093064652521,Product_031,2023-09-03,Normal
2023-09-04,89.93328719791391,Product_031,2023-09-10,Normal
2023-09-11,76.00634184942292,Product_031,2023-09-17,Normal
2023-09-18,85.34089765871916,Product_031,2023-09-24,Normal
2023-09-25,85.12373059960231,Product_031,2023-10-01,Normal
2023-10-02,90.68735819495993,Product_031,2023-10-08,Normal
2023-10-09,83.43791138459311,Product_031,2023-10-15,Normal
2023-10-16,81.0378063530553,Product_031,2023-10-22,Normal
2023-10-23,82.10678249553425,Product_031,2023-10-29,Normal
2023-10-30,93.070452119474,Product_031,2023-11-05,Normal
2023-11-06,96.75736144902444,Product_031,2023-11-12,Normal
2023-11-13,93.575430456935,Product_031,2023-11-19,Normal
2023-11-20,386.7981515255382,Product_031,2023-11-26,Black Friday
2023-11-27,425.7128942384054,Product_031,2023-12-03,Normal
2023-12-04,104.0588820666309,Product_031,2023-12-10,Normal
2023-12-11,108.533497285855,Product_031,2023-12-17,Normal
2023-12-18,115.91736787097308,Product_031,2023-12-24,Normal
2023-12-25,114.7891066573042,Product_031,2023-12-31,Normal
2024-01-01,118.9487505224834,Product_031,2024-01-07,Normal
2024-01-08,124.58133317608166,Product_031,2024-01-14,Normal
2024-01-15,122.05222904259048,Product_031,2024-01-21,Normal
2024-01-22,131.99691309142872,Product_031,2024-01-28,Normal
2024-01-29,129.94417255981602,Product_031,2024-02-04,Normal
2024-02-05,134.8622562367214,Product_031,2024-02-11,Normal
2024-02-12,140.5301015103256,Product_031,2024-02-18,Normal
2024-02-19,137.43660130542224,Product_031,2024-02-25,Normal
2024-02-26,146.76393445814023,Product_031,2024-03-03,Normal
2024-03-04,144.46276945447235,Product_031,2024-03-10,Normal
2024-03-11,143.5047377379475,Product_031,2024-03-17,Normal
2024-03-18,136.99947918855523,Product_031,2024-03-24,Normal
2024-03-25,144.87186969197154,Product_031,2024-03-31,Normal
2024-04-01,149.24317543045902,Product_031,2024-04-07,Normal
2024-04-08,148.38775590777428,Product_031,2024-04-14,Normal
2024-04-15,147.96399814983832,Product_031,2024-04-21,Normal
2024-04-22,154.98620325991322,Product_031,2024-04-28,Normal
2024-04-29,153.70392923168896,Product_031,2024-05-05,BOGO
2024-05-06,306.63830301458023,Product_031,2024-05-12,BOGO
2024-05-13,154.65693378717927,Product_031,2024-05-19,Normal
2024-05-20,149.65203031466828,Product_031,2024-05-26,Normal
2024-05-27,148.92804792301382,Product_031,2024-06-02,Memorial Day
2024-06-03,143.04511685394922,Product_031,2024-06-09,Normal
2024-06-10,149.48612792653108,Product_031,2024-06-16,Normal
2024-06-17,129.89701641389215,Product_031,2024-06-23,Normal
2024-06-24,137.3214288386416,Product_031,2024-06-30,Normal
2024-07-01,129.6186319172391,Product_031,2024-07-07,Normal
2024-07-08,133.5882241376713,Product_031,2024-07-14,Normal
2024-07-15,131.1467120521247,Product_031,2024-07-21,Normal
2024-07-22,127.8913397308981,Product_031,2024-07-28,Normal
2024-07-29,130.2701025327048,Product_031,2024-08-04,Normal
2024-08-05,114.54854734603408,Product_031,2024-08-11,Disc_50
2024-08-12,124.0734686741256,Product_031,2024-08-18,Disc_50
2024-08-19,730.2254530108671,Product_031,2024-08-25,Normal
2024-08-26,117.54769851657684,Product_031,2024-09-01,Normal
2024-09-02,125.95312299345632,Product_031,2024-09-08,Normal
2024-09-09,118.81901810243436,Product_031,2024-09-15,Normal
2024-09-16,123.24939011968128,Product_031,2024-09-22,Normal
2024-09-23,109.95496109555366,Product_031,2024-09-29,Normal
2024-09-30,116.9626768996308,Product_031,2024-10-06,Normal
2024-10-07,122.12470811808116,Product_031,2024-10-13,Normal
2024-10-14,115.79755736180005,Product_031,2024-10-20,Normal
2024-10-21,121.77900794127318,Product_031,2024-10-27,Normal
2024-10-28,121.93850707364876,Product_031,2024-11-03,Normal
2024-11-04,130.22919065905486,Product_031,2024-11-10,Normal
2024-11-11,127.96733053492083,Product_031,2024-11-17,Normal
2024-11-18,536.4981519121245,Product_031,2024-11-24,Normal
2024-11-25,553.3635077666738,Product_031,2024-12-01,Black Friday
2024-12-02,141.59047266840943,Product_031,2024-12-08,Normal
2024-12-09,137.08543341142746,Product_031,2024-12-15,Normal
2024-12-16,144.33027642194804,Product_031,2024-12-22,Normal
2024-12-23,148.57195926283617,Product_031,2024-12-29,Normal
2024-12-30,153.1314950505858,Product_031,2025-01-05,Normal
2023-01-02,99.80186656954524,Product_032,2023-01-08,Normal
2023-01-09,111.05035822907796,Product_032,2023-01-15,Normal
2023-01-16,114.2464273686119,Product_032,2023-01-22,Normal
2023-01-23,113.84679589074086,Product_032,2023-01-29,Normal
2023-01-30,116.13957959189472,Product_032,2023-02-05,Normal
2023-02-06,114.47633596165204,Product_032,2023-02-12,Normal
2023-02-13,118.15874640661494,Product_032,2023-02-19,Normal
2023-02-20,129.82817627809249,Product_032,2023-02-26,Normal
2023-02-27,127.53568486765906,Product_032,2023-03-05,Normal
2023-03-06,123.9276497545873,Product_032,2023-03-12,Normal
2023-03-13,132.4385285717938,Product_032,2023-03-19,Normal
2023-03-20,123.7269580559686,Product_032,2023-03-26,Normal
2023-03-27,128.17463397394502,Product_032,2023-04-02,Normal
2023-04-03,136.29943241185893,Product_032,2023-04-09,Normal
2023-04-10,135.47346060563572,Product_032,2023-04-16,Normal
2023-04-17,128.47752685056858,Product_032,2023-04-23,Normal
2023-04-24,135.4030361981922,Product_032,2023-04-30,Normal
2023-05-01,127.0602504730066,Product_032,2023-05-07,Normal
2023-05-08,125.20140744938068,Product_032,2023-05-14,Normal
2023-05-15,122.52462090938414,Product_032,2023-05-21,BOGO
2023-05-22,251.45411618454787,Product_032,2023-05-28,BOGO
2023-05-29,122.53628177381852,Product_032,2023-06-04,Memorial Day
2023-06-05,126.99822995572276,Product_032,2023-06-11,Normal
2023-06-12,122.4154819906138,Product_032,2023-06-18,Normal
2023-06-19,119.75567073448576,Product_032,2023-06-25,Normal
2023-06-26,118.41444918734358,Product_032,2023-07-02,Normal
2023-07-03,114.35092855714905,Product_032,2023-07-09,Normal
2023-07-10,111.13706144239032,Product_032,2023-07-16,Normal
2023-07-17,102.709203591514,Product_032,2023-07-23,Normal
2023-07-24,103.89097552661698,Product_032,2023-07-30,Normal
2023-07-31,5.156055387134215,Product_032,2023-08-06,Normal
2023-08-07,100.675703139418,Product_032,2023-08-13,Normal
2023-08-14,97.6410977986456,Product_032,2023-08-20,Normal
2023-08-21,100.81681194268604,Product_032,2023-08-27,Normal
2023-08-28,94.20379505404038,Product_032,2023-09-03,Normal
2023-09-04,94.276382377381,Product_032,2023-09-10,Normal
2023-09-11,91.35539483096966,Product_032,2023-09-17,Normal
2023-09-18,89.31449024168687,Product_032,2023-09-24,Normal
2023-09-25,94.6068321584266,Product_032,2023-10-01,Normal
2023-10-02,96.60098418678662,Product_032,2023-10-08,Normal
2023-10-09,89.36100939725155,Product_032,2023-10-15,Normal
2023-10-16,101.65099860235944,Product_032,2023-10-22,Normal
2023-10-23,94.70383626570964,Product_032,2023-10-29,Normal
2023-10-30,96.89610497803211,Product_032,2023-11-05,Normal
2023-11-06,104.2782398262358,Product_032,2023-11-12,Normal
2023-11-13,93.42140952334734,Product_032,2023-11-19,Normal
2023-11-20,436.45774630359693,Product_032,2023-11-26,Black Friday
2023-11-27,427.0072000817299,Product_032,2023-12-03,Normal
2023-12-04,107.63147408565784,Product_032,2023-12-10,Normal
2023-12-11,110.93253035932553,Product_032,2023-12-17,Normal
2023-12-18,114.97346834272928,Product_032,2023-12-24,Normal
2023-12-25,124.44771328642234,Product_032,2023-12-31,Normal
2024-01-01,121.55818711980793,Product_032,2024-01-07,Normal
2024-01-08,131.29639544543886,Product_032,2024-01-14,Normal
2024-01-15,124.52170102626629,Product_032,2024-01-21,Normal
2024-01-22,127.15133505515324,Product_032,2024-01-28,Normal
2024-01-29,140.6751372907416,Product_032,2024-02-04,Normal
2024-02-05,149.65318333010157,Product_032,2024-02-11,Normal
2024-02-12,141.75295929892232,Product_032,2024-02-18,Normal
2024-02-19,146.8086971818214,Product_032,2024-02-25,Normal
2024-02-26,142.33979500394966,Product_032,2024-03-03,Normal
2024-03-04,146.78496251172882,Product_032,2024-03-10,Normal
2024-03-11,150.69329914909008,Product_032,2024-03-17,Normal
2024-03-18,154.97707581225703,Product_032,2024-03-24,Normal
2024-03-25,162.11551217269118,Product_032,2024-03-31,Normal
2024-04-01,162.3808535042435,Product_032,2024-04-07,Normal
2024-04-08,160.4065828366919,Product_032,2024-04-14,Normal
2024-04-15,154.62043797169173,Product_032,2024-04-21,Normal
2024-04-22,158.22416647116148,Product_032,2024-04-28,Normal
2024-04-29,150.6307315510537,Product_032,2024-05-05,BOGO
2024-05-06,331.3910939834114,Product_032,2024-05-12,BOGO
2024-05-13,154.62721801153074,Product_032,2024-05-19,Normal
2024-05-20,160.65670349257078,Product_032,2024-05-26,Normal
2024-05-27,156.845083559532,Product_032,2024-06-02,Memorial Day
2024-06-03,143.69776245457084,Product_032,2024-06-09,Normal
2024-06-10,143.09708556730698,Product_032,2024-06-16,Normal
2024-06-17,152.04401765593968,Product_032,2024-06-23,Normal
2024-06-24,141.9377751164608,Product_032,2024-06-30,Normal
2024-07-01,134.01331860085358,Product_032,2024-07-07,Normal
2024-07-08,135.77018317563017,Product_032,2024-07-14,Normal
2024-07-15,138.54460836913734,Product_032,2024-07-21,Normal
2024-07-22,127.2117309122444,Product_032,2024-07-28,Normal
2024-07-29,126.84484718476708,Product_032,2024-08-04,Normal
2024-08-05,121.23441918586131,Product_032,2024-08-11,Disc_50
2024-08-12,124.42753740179272,Product_032,2024-08-18,Disc_50
2024-08-19,728.5827246270111,Product_032,2024-08-25,Normal
2024-08-26,119.46978882337018,Product_032,2024-09-01,Normal
2024-09-02,119.28464714437165,Product_032,2024-09-08,Normal
2024-09-09,117.94202662128522,Product_032,2024-09-15,Normal
2024-09-16,122.29791460751834,Product_032,2024-09-22,Normal
2024-09-23,116.00753363640948,Product_032,2024-09-29,Normal
2024-09-30,130.20608349340878,Product_032,2024-10-06,Normal
2024-10-07,124.15993666927376,Product_032,2024-10-13,Normal
2024-10-14,124.93548353335925,Product_032,2024-10-20,Normal
2024-10-21,117.32854285062577,Product_032,2024-10-27,Normal
2024-10-28,119.67835905902196,Product_032,2024-11-03,Normal
2024-11-04,125.3091153720758,Product_032,2024-11-10,Normal
2024-11-11,129.18054283578712,Product_032,2024-11-17,Normal
2024-11-18,515.0814975664655,Product_032,2024-11-24,Normal
2024-11-25,504.7569118522136,Product_032,2024-12-01,Black Friday
2024-12-02,135.84162180481633,Product_032,2024-12-08,Normal
2024-12-09,137.02536181812624,Product_032,2024-12-15,Normal
2024-12-16,146.71429419077927,Product_032,2024-12-22,Normal
2024-12-23,145.12085802268794,Product_032,2024-12-29,Normal
2024-12-30,144.41398063102784,Product_032,2025-01-05,Normal
2023-01-02,82.27228605429545,Product_033,2023-01-08,Normal
2023-01-09,83.98428267958698,Product_033,2023-01-15,Normal
2023-01-16,96.95338220423724,Product_033,2023-01-22,Normal
2023-01-23,96.1016512760298,Product_033,2023-01-29,Normal
2023-01-30,103.8746319608373,Product_033,2023-02-05,Normal
2023-02-06,101.2547748116117,Product_033,2023-02-12,Normal
2023-02-13,107.58049782942882,Product_033,2023-02-19,Normal
2023-02-20,114.01441620214024,Product_033,2023-02-26,Normal
2023-02-27,113.21205183757152,Product_033,2023-03-05,Normal
2023-03-06,113.95668087298576,Product_033,2023-03-12,Normal
2023-03-13,116.5289799897899,Product_033,2023-03-19,Normal
2023-03-20,126.14839921245644,Product_033,2023-03-26,Normal
2023-03-27,116.43474101298548,Product_033,2023-04-02,Normal
2023-04-03,124.21727257619712,Product_033,2023-04-09,Normal
2023-04-10,120.56266229628396,Product_033,2023-04-16,Normal
2023-04-17,113.53101355250332,Product_033,2023-04-23,Normal
2023-04-24,123.81619649862762,Product_033,2023-04-30,Normal
2023-05-01,113.3772855162148,Product_033,2023-05-07,Normal
2023-05-08,114.8436651424982,Product_033,2023-05-14,Normal
2023-05-15,115.6647648022684,Product_033,2023-05-21,BOGO
2023-05-22,224.85226101652535,Product_033,2023-05-28,BOGO
2023-05-29,126.84811568257912,Product_033,2023-06-04,Memorial Day
2023-06-05,109.87569551491428,Product_033,2023-06-11,Normal
2023-06-12,109.3025855430928,Product_033,2023-06-18,Normal
2023-06-19,106.29415183589832,Product_033,2023-06-25,Normal
2023-06-26,113.60520689748964,Product_033,2023-07-02,Normal
2023-07-03,101.57140713904256,Product_033,2023-07-09,Normal
2023-07-10,101.26547307975896,Product_033,2023-07-16,Normal
2023-07-17,98.06518224265136,Product_033,2023-07-23,Normal
2023-07-24,92.3021091680679,Product_033,2023-07-30,Normal
2023-07-31,4.70138747501574,Product_033,2023-08-06,Normal
2023-08-07,87.92596228750106,Product_033,2023-08-13,Normal
2023-08-14,85.45043644311193,Product_033,2023-08-20,Normal
2023-08-21,84.38080497551495,Product_033,2023-08-27,Normal
2023-08-28,87.74349838942771,Product_033,2023-09-03,Normal
2023-09-04,82.79472311533728,Product_033,2023-09-10,Normal
2023-09-11,87.39077886044295,Product_033,2023-09-17,Normal
2023-09-18,90.27894443926398,Product_033,2023-09-24,Normal
2023-09-25,82.82748485398007,Product_033,2023-10-01,Normal
2023-10-02,84.0798502216758,Product_033,2023-10-08,Normal
2023-10-09,86.44794678239558,Product_033,2023-10-15,Normal
2023-10-16,92.30964887460144,Product_033,2023-10-22,Normal
2023-10-23,84.89058200978762,Product_033,2023-10-29,Normal
2023-10-30,91.45724935290052,Product_033,2023-11-05,Normal
2023-11-06,93.96395567999907,Product_033,2023-11-12,Normal
2023-11-13,94.93403347859996,Product_033,2023-11-19,Normal
2023-11-20,370.8465366292952,Product_033,2023-11-26,Black Friday
2023-11-27,385.1221369988469,Product_033,2023-12-03,Normal
2023-12-04,104.23663896570562,Product_033,2023-12-10,Normal
2023-12-11,114.16284832730015,Product_033,2023-12-17,Normal
2023-12-18,103.97305439602492,Product_033,2023-12-24,Normal
2023-12-25,113.04564652479807,Product_033,2023-12-31,Normal
2024-01-01,117.55488642381724,Product_033,2024-01-07,Normal
2024-01-08,114.29785601966032,Product_033,2024-01-14,Normal
2024-01-15,122.49675052705884,Product_033,2024-01-21,Normal
2024-01-22,127.18560371895724,Product_033,2024-01-28,Normal
2024-01-29,133.6801630652999,Product_033,2024-02-04,Normal
2024-02-05,140.8379810458778,Product_033,2024-02-11,Normal
2024-02-12,138.65808530173362,Product_033,2024-02-18,Normal
2024-02-19,139.99658200294158,Product_033,2024-02-25,Normal
2024-02-26,144.24650946243997,Product_033,2024-03-03,Normal
2024-03-04,142.54298204810573,Product_033,2024-03-10,Normal
2024-03-11,148.65471954875437,Product_033,2024-03-17,Normal
2024-03-18,151.25709396039167,Product_033,2024-03-24,Normal
2024-03-25,150.66140749397158,Product_033,2024-03-31,Normal
2024-04-01,148.00456125663842,Product_033,2024-04-07,Normal
2024-04-08,147.8416655877237,Product_033,2024-04-14,Normal
2024-04-15,152.8066267964873,Product_033,2024-04-21,Normal
2024-04-22,149.47226259311535,Product_033,2024-04-28,Normal
2024-04-29,152.3245596592465,Product_033,2024-05-05,BOGO
2024-05-06,315.7463692030165,Product_033,2024-05-12,BOGO
2024-05-13,147.25106215417495,Product_033,2024-05-19,Normal
2024-05-20,139.45930432894102,Product_033,2024-05-26,Normal
2024-05-27,148.6718910476542,Product_033,2024-06-02,Memorial Day
2024-06-03,146.34361792779333,Product_033,2024-06-09,Normal
2024-06-10,135.72204011041853,Product_033,2024-06-16,Normal
2024-06-17,141.5531635970336,Product_033,2024-06-23,Normal
2024-06-24,138.2221249156387,Product_033,2024-06-30,Normal
2024-07-01,129.6460923436604,Product_033,2024-07-07,Normal
2024-07-08,127.6646136412218,Product_033,2024-07-14,Normal
2024-07-15,127.49051773689936,Product_033,2024-07-21,Normal
2024-07-22,131.28405971453924,Product_033,2024-07-28,Normal
2024-07-29,123.0558059327839,Product_033,2024-08-04,Normal
2024-08-05,129.30458803514188,Product_033,2024-08-11,Disc_50
2024-08-12,124.24420607627728,Product_033,2024-08-18,Disc_50
2024-08-19,726.535731411118,Product_033,2024-08-25,Normal
2024-08-26,116.7475780005096,Product_033,2024-09-01,Normal
2024-09-02,124.4661157483552,Product_033,2024-09-08,Normal
2024-09-09,111.28811201151022,Product_033,2024-09-15,Normal
2024-09-16,114.93495363322748,Product_033,2024-09-22,Normal
2024-09-23,115.66033026905896,Product_033,2024-09-29,Normal
2024-09-30,112.50142687051016,Product_033,2024-10-06,Normal
2024-10-07,117.28484759860146,Product_033,2024-10-13,Normal
2024-10-14,117.23448804356286,Product_033,2024-10-20,Normal
2024-10-21,124.24403462433214,Product_033,2024-10-27,Normal
2024-10-28,120.49005850133896,Product_033,2024-11-03,Normal
2024-11-04,124.75667245196612,Product_033,2024-11-10,Normal
2024-11-11,130.66729846990592,Product_033,2024-11-17,Normal
2024-11-18,469.3859514982064,Product_033,2024-11-24,Normal
2024-11-25,536.8260077103016,Product_033,2024-12-01,Black Friday
2024-12-02,132.4614948670077,Product_033,2024-12-08,Normal
2024-12-09,140.42561069534898,Product_033,2024-12-15,Normal
2024-12-16,143.77437280477258,Product_033,2024-12-22,Normal
2024-12-23,142.58000967704538,Product_033,2024-12-29,Normal
2024-12-30,156.1119156415599,Product_033,2025-01-05,Normal
2023-01-02,101.57133212264208,Product_034,2023-01-08,Normal
2023-01-09,112.00003749845382,Product_034,2023-01-15,Normal
2023-01-16,102.87234505653002,Product_034,2023-01-22,Normal
2023-01-23,116.86274538152682,Product_034,2023-01-29,Normal
2023-01-30,120.71089744400945,Product_034,2023-02-05,Normal
2023-02-06,120.30589130404296,Product_034,2023-02-12,Normal
2023-02-13,123.65415282741098,Product_034,2023-02-19,Normal
2023-02-20,126.23148418017364,Product_034,2023-02-26,Normal
2023-02-27,128.9452384363146,Product_034,2023-03-05,Normal
2023-03-06,132.60094251023312,Product_034,2023-03-12,Normal
2023-03-13,137.73177125488874,Product_034,2023-03-19,Normal
2023-03-20,136.85459764874048,Product_034,2023-03-26,Normal
2023-03-27,138.76215634649148,Product_034,2023-04-02,Normal
2023-04-03,137.78936645527105,Product_034,2023-04-09,Normal
2023-04-10,135.82560631393147,Product_034,2023-04-16,Normal
2023-04-17,133.24307790809937,Product_034,2023-04-23,Normal
2023-04-24,136.4827408102141,Product_034,2023-04-30,Normal
2023-05-01,134.5374802686422,Product_034,2023-05-07,Normal
2023-05-08,133.82771132862874,Product_034,2023-05-14,Normal
2023-05-15,130.89146180252249,Product_034,2023-05-21,BOGO
2023-05-22,248.4091344754378,Product_034,2023-05-28,BOGO
2023-05-29,128.48853718936354,Product_034,2023-06-04,Memorial Day
2023-06-05,127.49814670877664,Product_034,2023-06-11,Normal
2023-06-12,118.64865086347707,Product_034,2023-06-18,Normal
2023-06-19,130.63092852543016,Product_034,2023-06-25,Normal
2023-06-26,124.40543580405136,Product_034,2023-07-02,Normal
2023-07-03,118.014913282499,Product_034,2023-07-09,Normal
2023-07-10,122.1627233548285,Product_034,2023-07-16,Normal
2023-07-17,107.48329305699367,Product_034,2023-07-23,Normal
2023-07-24,108.68836407751122,Product_034,2023-07-30,Normal
2023-07-31,5.201822452139677,Product_034,2023-08-06,Normal
2023-08-07,100.90853296208448,Product_034,2023-08-13,Normal
2023-08-14,103.01086958309982,Product_034,2023-08-20,Normal
2023-08-21,101.43783367157285,Product_034,2023-08-27,Normal
2023-08-28,95.54689596863942,Product_034,2023-09-03,Normal
2023-09-04,90.23977346463757,Product_034,2023-09-10,Normal
2023-09-11,90.0781930145038,Product_034,2023-09-17,Normal
2023-09-18,87.25285274440006,Product_034,2023-09-24,Normal
2023-09-25,94.25478881351816,Product_034,2023-10-01,Normal
2023-10-02,99.49277850708062,Product_034,2023-10-08,Normal
2023-10-09,94.36887839106844,Product_034,2023-10-15,Normal
2023-10-16,94.22605295206112,Product_034,2023-10-22,Normal
2023-10-23,90.7316533906638,Product_034,2023-10-29,Normal
2023-10-30,97.6496187806632,Product_034,2023-11-05,Normal
2023-11-06,105.71781404926872,Product_034,2023-11-12,Normal
2023-11-13,104.04392622375236,Product_034,2023-11-19,Normal
2023-11-20,396.3120636171701,Product_034,2023-11-26,Black Friday
2023-11-27,462.19573402216326,Product_034,2023-12-03,Normal
2023-12-04,112.126611193843,Product_034,2023-12-10,Normal
2023-12-11,123.5565344737839,Product_034,2023-12-17,Normal
2023-12-18,122.8496179839698,Product_034,2023-12-24,Normal
2023-12-25,124.77231203762764,Product_034,2023-12-31,Normal
2024-01-01,133.74981397120544,Product_034,2024-01-07,Normal
2024-01-08,123.11643500018457,Product_034,2024-01-14,Normal
2024-01-15,134.02533204222027,Product_034,2024-01-21,Normal
2024-01-22,140.45203233756155,Product_034,2024-01-28,Normal
2024-01-29,140.2084386316252,Product_034,2024-02-04,Normal
2024-02-05,136.4136587928556,Product_034,2024-02-11,Normal
2024-02-12,149.8343761340202,Product_034,2024-02-18,Normal
2024-02-19,143.31339105074971,Product_034,2024-02-25,Normal
2024-02-26,146.1039338963201,Product_034,2024-03-03,Normal
2024-03-04,148.89783996273297,Product_034,2024-03-10,Normal
2024-03-11,156.15973763280255,Product_034,2024-03-17,Normal
2024-03-18,156.99526389370604,Product_034,2024-03-24,Normal
2024-03-25,154.07746503147573,Product_034,2024-03-31,Normal
2024-04-01,154.0789141851558,Product_034,2024-04-07,Normal
2024-04-08,152.13429826415998,Product_034,2024-04-14,Normal
2024-04-15,157.2278616936087,Product_034,2024-04-21,Normal
2024-04-22,164.80687347425012,Product_034,2024-04-28,Normal
2024-04-29,164.28404569224756,Product_034,2024-05-05,BOGO
2024-05-06,326.29805861224213,Product_034,2024-05-12,BOGO
2024-05-13,162.04777224228147,Product_034,2024-05-19,Normal
2024-05-20,153.4931649579769,Product_034,2024-05-26,Normal
2024-05-27,147.33300568698178,Product_034,2024-06-02,Memorial Day
2024-06-03,152.96482604069982,Product_034,2024-06-09,Normal
2024-06-10,141.8392196698454,Product_034,2024-06-16,Normal
2024-06-17,150.44478805506537,Product_034,2024-06-23,Normal
2024-06-24,137.86741416869367,Product_034,2024-06-30,Normal
2024-07-01,149.4673991407236,Product_034,2024-07-07,Normal
2024-07-08,137.66608295086573,Product_034,2024-07-14,Normal
2024-07-15,138.73982152908243,Product_034,2024-07-21,Normal
2024-07-22,135.13921583754575,Product_034,2024-07-28,Normal
2024-07-29,133.1988542492018,Product_034,2024-08-04,Normal
2024-08-05,127.43268875253764,Product_034,2024-08-11,Disc_50
2024-08-12,133.54168674453746,Product_034,2024-08-18,Disc_50
2024-08-19,724.3625624378685,Product_034,2024-08-25,Normal
2024-08-26,119.843914909279,Product_034,2024-09-01,Normal
2024-09-02,124.23530992809258,Product_034,2024-09-08,Normal
2024-09-09,112.49607472484428,Product_034,2024-09-15,Normal
2024-09-16,114.1358611927935,Product_034,2024-09-22,Normal
2024-09-23,123.12305890244885,Product_034,2024-09-29,Normal
2024-09-30,120.05449652295084,Product_034,2024-10-06,Normal
2024-10-07,122.64434461310076,Product_034,2024-10-13,Normal
2024-10-14,118.66745259350247,Product_034,2024-10-20,Normal
2024-10-21,116.8874556040464,Product_034,2024-10-27,Normal
2024-10-28,114.73572682106696,Product_034,2024-11-03,Normal
2024-11-04,120.8898539253149,Product_034,2024-11-10,Normal
2024-11-11,124.7178266933782,Product_034,2024-11-17,Normal
2024-11-18,521.2942635875199,Product_034,2024-11-24,Normal
2024-11-25,540.2886092923975,Product_034,2024-12-01,Black Friday
2024-12-02,129.846894979283,Product_034,2024-12-08,Normal
2024-12-09,142.17444312896708,Product_034,2024-12-15,Normal
2024-12-16,146.30693995888606,Product_034,2024-12-22,Normal
2024-12-23,140.41289354365213,Product_034,2024-12-29,Normal
2024-12-30,148.29190789698222,Product_034,2025-01-05,Normal
2023-01-02,105.65726295846524,Product_035,2023-01-08,Normal
2023-01-09,111.30933355160188,Product_035,2023-01-15,Normal
2023-01-16,115.71604862261884,Product_035,2023-01-22,Normal
2023-01-23,122.56268785653356,Product_035,2023-01-29,Normal
2023-01-30,122.51871821179232,Product_035,2023-02-05,Normal
2023-02-06,126.08255825785524,Product_035,2023-02-12,Normal
2023-02-13,130.12613495390417,Product_035,2023-02-19,Normal
2023-02-20,132.06653688103637,Product_035,2023-02-26,Normal
2023-02-27,134.30572839015028,Product_035,2023-03-05,Normal
2023-03-06,134.24376577303894,Product_035,2023-03-12,Normal
2023-03-13,137.2597123675022,Product_035,2023-03-19,Normal
2023-03-20,139.57778207522455,Product_035,2023-03-26,Normal
2023-03-27,144.81410861875713,Product_035,2023-04-02,Normal
2023-04-03,137.40934162853134,Product_035,2023-04-09,Normal
2023-04-10,144.22707089273288,Product_035,2023-04-16,Normal
2023-04-17,140.75720222355514,Product_035,2023-04-23,Normal
2023-04-24,142.87825630199026,Product_035,2023-04-30,Normal
2023-05-01,137.63955652187937,Product_035,2023-05-07,Normal
2023-05-08,142.58477120429674,Product_035,2023-05-14,Normal
2023-05-15,136.7203679649459,Product_035,2023-05-21,BOGO
2023-05-22,276.925864064228,Product_035,2023-05-28,BOGO
2023-05-29,127.9706344277796,Product_035,2023-06-04,Memorial Day
2023-06-05,132.29198065214692,Product_035,2023-06-11,Normal
2023-06-12,131.78419425739318,Product_035,2023-06-18,Normal
2023-06-19,127.30965335115724,Product_035,2023-06-25,Normal
2023-06-26,123.41451129332197,Product_035,2023-07-02,Normal
2023-07-03,119.68981745038138,Product_035,2023-07-09,Normal
2023-07-10,114.60773244136657,Product_035,2023-07-16,Normal
2023-07-17,116.39465369801856,Product_035,2023-07-23,Normal
2023-07-24,115.34499731345274,Product_035,2023-07-30,Normal
2023-07-31,5.316366261725857,Product_035,2023-08-06,Normal
2023-08-07,104.66293981956407,Product_035,2023-08-13,Normal
2023-08-14,103.8916753887358,Product_035,2023-08-20,Normal
2023-08-21,104.67279315636516,Product_035,2023-08-27,Normal
2023-08-28,101.64022320637665,Product_035,2023-09-03,Normal
2023-09-04,93.46833154731674,Product_035,2023-09-10,Normal
2023-09-11,105.396477887769,Product_035,2023-09-17,Normal
2023-09-18,103.81745736991763,Product_035,2023-09-24,Normal
2023-09-25,97.56427313198324,Product_035,2023-10-01,Normal
2023-10-02,95.2497918085518,Product_035,2023-10-08,Normal
2023-10-09,107.9074638401493,Product_035,2023-10-15,Normal
2023-10-16,100.90850869030426,Product_035,2023-10-22,Normal
2023-10-23,99.12404543487878,Product_035,2023-10-29,Normal
2023-10-30,102.70691795029292,Product_035,2023-11-05,Normal
2023-11-06,103.12062186173266,Product_035,2023-11-12,Normal
2023-11-13,114.17968590987525,Product_035,2023-11-19,Normal
2023-11-20,458.9293293289264,Product_035,2023-11-26,Black Friday
2023-11-27,454.4967667216188,Product_035,2023-12-03,Normal
2023-12-04,112.78710604036638,Product_035,2023-12-10,Normal
2023-12-11,123.59809549046322,Product_035,2023-12-17,Normal
2023-12-18,123.62165680874908,Product_035,2023-12-24,Normal
2023-12-25,123.2467661844575,Product_035,2023-12-31,Normal
2024-01-01,126.79877282268416,Product_035,2024-01-07,Normal
2024-01-08,131.53731956627863,Product_035,2024-01-14,Normal
2024-01-15,136.41701220158305,Product_035,2024-01-21,Normal
2024-01-22,141.0854260139101,Product_035,2024-01-28,Normal
2024-01-29,139.29507154425266,Product_035,2024-02-04,Normal
2024-02-05,148.6660801674165,Product_035,2024-02-11,Normal
2024-02-12,143.54023821982048,Product_035,2024-02-18,Normal
2024-02-19,158.95843566694677,Product_035,2024-02-25,Normal
2024-02-26,153.28601907049543,Product_035,2024-03-03,Normal
2024-03-04,159.51823243861705,Product_035,2024-03-10,Normal
2024-03-11,155.79059158951804,Product_035,2024-03-17,Normal
2024-03-18,160.37615450773026,Product_035,2024-03-24,Normal
2024-03-25,159.7257527365262,Product_035,2024-03-31,Normal
2024-04-01,158.51478850316056,Product_035,2024-04-07,Normal
2024-04-08,157.8135560425052,Product_035,2024-04-14,Normal
2024-04-15,162.4446144893002,Product_035,2024-04-21,Normal
2024-04-22,160.4888937030704,Product_035,2024-04-28,Normal
2024-04-29,151.7837641682487,Product_035,2024-05-05,BOGO
2024-05-06,334.1575074771111,Product_035,2024-05-12,BOGO
2024-05-13,154.07022814038666,Product_035,2024-05-19,Normal
2024-05-20,153.36074018075828,Product_035,2024-05-26,Normal
2024-05-27,147.84005497765406,Product_035,2024-06-02,Memorial Day
2024-06-03,156.07634636525927,Product_035,2024-06-09,Normal
2024-06-10,151.21299403323047,Product_035,2024-06-16,Normal
2024-06-17,142.0457398083349,Product_035,2024-06-23,Normal
2024-06-24,143.26399376805745,Product_035,2024-06-30,Normal
2024-07-01,139.96496113891473,Product_035,2024-07-07,Normal
2024-07-08,139.52899801476352,Product_035,2024-07-14,Normal
2024-07-15,125.37173699070148,Product_035,2024-07-21,Normal
2024-07-22,142.31641566167468,Product_035,2024-07-28,Normal
2024-07-29,131.20448002888753,Product_035,2024-08-04,Normal
2024-08-05,132.27325763706534,Product_035,2024-08-11,Disc_50
2024-08-12,121.00200393422776,Product_035,2024-08-18,Disc_50
2024-08-19,723.0396110288275,Product_035,2024-08-25,Normal
2024-08-26,127.3722640169449,Product_035,2024-09-01,Normal
2024-09-02,118.23835912065492,Product_035,2024-09-08,Normal
2024-09-09,109.77288672534507,Product_035,2024-09-15,Normal
2024-09-16,121.5145619144344,Product_035,2024-09-22,Normal
2024-09-23,119.8698061525584,Product_035,2024-09-29,Normal
2024-09-30,121.64294917847536,Product_035,2024-10-06,Normal
2024-10-07,129.3407733082381,Product_035,2024-10-13,Normal
2024-10-14,126.12714576750476,Product_035,2024-10-20,Normal
2024-10-21,119.42399725797875,Product_035,2024-10-27,Normal
2024-10-28,125.19277370927496,Product_035,2024-11-03,Normal
2024-11-04,127.70959462368606,Product_035,2024-11-10,Normal
2024-11-11,133.47538125336243,Product_035,2024-11-17,Normal
2024-11-18,500.2089127408194,Product_035,2024-11-24,Normal
2024-11-25,519.7002690033531,Product_035,2024-12-01,Black Friday
2024-12-02,138.24043096402664,Product_035,2024-12-08,Normal
2024-12-09,134.03698875220317,Product_035,2024-12-15,Normal
2024-12-16,136.19286147974563,Product_035,2024-12-22,Normal
2024-12-23,140.0046576181817,Product_035,2024-12-29,Normal
2024-12-30,153.22842001206706,Product_035,2025-01-05,Normal
2023-01-02,99.59506411767434,Product_036,2023-01-08,Normal
2023-01-09,99.94964551385704,Product_036,2023-01-15,Normal
2023-01-16,116.38575319703936,Product_036,2023-01-22,Normal
2023-01-23,112.85455964481604,Product_036,2023-01-29,Normal
2023-01-30,122.3122475611,Product_036,2023-02-05,Normal
2023-02-06,123.76535041868416,Product_036,2023-02-12,Normal
2023-02-13,121.38302417166862,Product_036,2023-02-19,Normal
2023-02-20,124.3291757725518,Product_036,2023-02-26,Normal
2023-02-27,128.80107574169045,Product_036,2023-03-05,Normal
2023-03-06,128.62025837429732,Product_036,2023-03-12,Normal
2023-03-13,127.64300777946126,Product_036,2023-03-19,Normal
2023-03-20,127.12833714734272,Product_036,2023-03-26,Normal
2023-03-27,132.76881342518638,Product_036,2023-04-02,Normal
2023-04-03,136.86622296876553,Product_036,2023-04-09,Normal
2023-04-10,141.50270165735054,Product_036,2023-04-16,Normal
2023-04-17,135.87995004050146,Product_036,2023-04-23,Normal
2023-04-24,134.8278031805867,Product_036,2023-04-30,Normal
2023-05-01,136.99337797315818,Product_036,2023-05-07,Normal
2023-05-08,130.22746495847755,Product_036,2023-05-14,Normal
2023-05-15,134.95242692668677,Product_036,2023-05-21,BOGO
2023-05-22,255.76938402305765,Product_036,2023-05-28,BOGO
2023-05-29,131.71676517954296,Product_036,2023-06-04,Memorial Day
2023-06-05,126.65902392873473,Product_036,2023-06-11,Normal
2023-06-12,122.39123584408372,Product_036,2023-06-18,Normal
2023-06-19,121.25129855488876,Product_036,2023-06-25,Normal
2023-06-26,128.33077982423097,Product_036,2023-07-02,Normal
2023-07-03,112.76013231487951,Product_036,2023-07-09,Normal
2023-07-10,121.81605181022157,Product_036,2023-07-16,Normal
2023-07-17,113.05423629387262,Product_036,2023-07-23,Normal
2023-07-24,103.71232913181966,Product_036,2023-07-30,Normal
2023-07-31,5.321447301545012,Product_036,2023-08-06,Normal
2023-08-07,106.78755334880222,Product_036,2023-08-13,Normal
2023-08-14,96.69993560719846,Product_036,2023-08-20,Normal
2023-08-21,103.14018674302574,Product_036,2023-08-27,Normal
2023-08-28,99.1589751732224,Product_036,2023-09-03,Normal
2023-09-04,99.48598785730782,Product_036,2023-09-10,Normal
2023-09-11,87.9850405227617,Product_036,2023-09-17,Normal
2023-09-18,95.93509664516482,Product_036,2023-09-24,Normal
2023-09-25,93.98119872421356,Product_036,2023-10-01,Normal
2023-10-02,97.88649841657092,Product_036,2023-10-08,Normal
2023-10-09,99.27403219521211,Product_036,2023-10-15,Normal
2023-10-16,96.0912937940084,Product_036,2023-10-22,Normal
2023-10-23,96.1742417470113,Product_036,2023-10-29,Normal
2023-10-30,102.42277543986098,Product_036,2023-11-05,Normal
2023-11-06,106.40372267984006,Product_036,2023-11-12,Normal
2023-11-13,108.93697627209124,Product_036,2023-11-19,Normal
2023-11-20,449.6325234665755,Product_036,2023-11-26,Black Friday
2023-11-27,426.14245202673146,Product_036,2023-12-03,Normal
2023-12-04,103.48120695513168,Product_036,2023-12-10,Normal
2023-12-11,123.29784167539684,Product_036,2023-12-17,Normal
2023-12-18,116.59093382793084,Product_036,2023-12-24,Normal
2023-12-25,126.1221404941851,Product_036,2023-12-31,Normal
2024-01-01,128.64116362258247,Product_036,2024-01-07,Normal
2024-01-08,130.86530296921254,Product_036,2024-01-14,Normal
2024-01-15,131.2583144390111,Product_036,2024-01-21,Normal
2024-01-22,131.84530804218545,Product_036,2024-01-28,Normal
2024-01-29,140.61168284548913,Product_036,2024-02-04,Normal
2024-02-05,134.67445579311112,Product_036,2024-02-11,Normal
2024-02-12,146.97304509389173,Product_036,2024-02-18,Normal
2024-02-19,147.61807662075535,Product_036,2024-02-25,Normal
2024-02-26,154.47696290430767,Product_036,2024-03-03,Normal
2024-03-04,155.30456949194993,Product_036,2024-03-10,Normal
2024-03-11,149.52056763755016,Product_036,2024-03-17,Normal
2024-03-18,153.0317576931457,Product_036,2024-03-24,Normal
2024-03-25,157.08592034063457,Product_036,2024-03-31,Normal
2024-04-01,157.5370743554322,Product_036,2024-04-07,Normal
2024-04-08,163.37201315856805,Product_036,2024-04-14,Normal
2024-04-15,155.06888814419088,Product_036,2024-04-21,Normal
2024-04-22,164.48970847396478,Product_036,2024-04-28,Normal
2024-04-29,157.8676267547325,Product_036,2024-05-05,BOGO
2024-05-06,325.5779766862011,Product_036,2024-05-12,BOGO
2024-05-13,157.19158294211277,Product_036,2024-05-19,Normal
2024-05-20,156.95483372033826,Product_036,2024-05-26,Normal
2024-05-27,160.15407410498352,Product_036,2024-06-02,Memorial Day
2024-06-03,149.1367243337406,Product_036,2024-06-09,Normal
2024-06-10,141.23447562593168,Product_036,2024-06-16,Normal
2024-06-17,144.05990387317513,Product_036,2024-06-23,Normal
2024-06-24,131.62692779342936,Product_036,2024-06-30,Normal
2024-07-01,137.7037778114315,Product_036,2024-07-07,Normal
2024-07-08,144.70975263201794,Product_036,2024-07-14,Normal
2024-07-15,141.37226693201555,Product_036,2024-07-21,Normal
2024-07-22,130.08894602327757,Product_036,2024-07-28,Normal
2024-07-29,125.6604105095451,Product_036,2024-08-04,Normal
2024-08-05,124.4629670943155,Product_036,2024-08-11,Disc_50
2024-08-12,122.9298435671418,Product_036,2024-08-18,Disc_50
2024-08-19,724.502127035817,Product_036,2024-08-25,Normal
2024-08-26,124.32195940839158,Product_036,2024-09-01,Normal
2024-09-02,117.70432183985343,Product_036,2024-09-08,Normal
2024-09-09,122.05880339375418,Product_036,2024-09-15,Normal
2024-09-16,110.24220792248622,Product_036,2024-09-22,Normal
2024-09-23,115.75132613933263,Product_036,2024-09-29,Normal
2024-09-30,113.95532877417496,Product_036,2024-10-06,Normal
2024-10-07,120.25806683755408,Product_036,2024-10-13,Normal
2024-10-14,113.30692862738384,Product_036,2024-10-20,Normal
2024-10-21,119.88724267223417,Product_036,2024-10-27,Normal
2024-10-28,123.60853205954626,Product_036,2024-11-03,Normal
2024-11-04,124.29664386044914,Product_036,2024-11-10,Normal
2024-11-11,131.54983127512435,Product_036,2024-11-17,Normal
2024-11-18,518.5951931816995,Product_036,2024-11-24,Normal
2024-11-25,541.7489360866182,Product_036,2024-12-01,Black Friday
2024-12-02,140.00526364025492,Product_036,2024-12-08,Normal
2024-12-09,139.93922868794664,Product_036,2024-12-15,Normal
2024-12-16,146.14525975685396,Product_036,2024-12-22,Normal
2024-12-23,144.66623698463582,Product_036,2024-12-29,Normal
2024-12-30,146.8105343749049,Product_036,2025-01-05,Normal
2023-01-02,122.11180921257164,Product_037,2023-01-08,Normal
2023-01-09,124.03332423798412,Product_037,2023-01-15,Normal
2023-01-16,124.70138964808712,Product_037,2023-01-22,Normal
2023-01-23,124.36109677982915,Product_037,2023-01-29,Normal
2023-01-30,127.06085695650371,Product_037,2023-02-05,Normal
2023-02-06,140.73693778214684,Product_037,2023-02-12,Normal
2023-02-13,135.81749019270288,Product_037,2023-02-19,Normal
2023-02-20,130.95653354882745,Product_037,2023-02-26,Normal
2023-02-27,134.20271420364932,Product_037,2023-03-05,Normal
2023-03-06,139.2770289976098,Product_037,2023-03-12,Normal
2023-03-13,142.9043013181439,Product_037,2023-03-19,Normal
2023-03-20,148.84710274301784,Product_037,2023-03-26,Normal
2023-03-27,152.8824881307943,Product_037,2023-04-02,Normal
2023-04-03,150.78350682413904,Product_037,2023-04-09,Normal
2023-04-10,153.88071048458352,Product_037,2023-04-16,Normal
2023-04-17,148.49273235590078,Product_037,2023-04-23,Normal
2023-04-24,143.85976925274122,Product_037,2023-04-30,Normal
2023-05-01,144.5527805849189,Product_037,2023-05-07,Normal
2023-05-08,142.82894624247768,Product_037,2023-05-14,Normal
2023-05-15,147.4246240913445,Product_037,2023-05-21,BOGO
2023-05-22,271.7551192703089,Product_037,2023-05-28,BOGO
2023-05-29,137.0495212377487,Product_037,2023-06-04,Memorial Day
2023-06-05,133.934185186734,Product_037,2023-06-11,Normal
2023-06-12,142.8680598912183,Product_037,2023-06-18,Normal
2023-06-19,127.6299008104572,Product_037,2023-06-25,Normal
2023-06-26,126.60036813310084,Product_037,2023-07-02,Normal
2023-07-03,126.30130429356323,Product_037,2023-07-09,Normal
2023-07-10,127.18488404153368,Product_037,2023-07-16,Normal
2023-07-17,124.7522524382757,Product_037,2023-07-23,Normal
2023-07-24,114.88224282748682,Product_037,2023-07-30,Normal
2023-07-31,6.108722466665666,Product_037,2023-08-06,Normal
2023-08-07,112.29191113241838,Product_037,2023-08-13,Normal
2023-08-14,107.53757220984976,Product_037,2023-08-20,Normal
2023-08-21,110.78437997175804,Product_037,2023-08-27,Normal
2023-08-28,100.84141969448616,Product_037,2023-09-03,Normal
2023-09-04,107.65199922446205,Product_037,2023-09-10,Normal
2023-09-11,101.90893455150668,Product_037,2023-09-17,Normal
2023-09-18,109.1734246291475,Product_037,2023-09-24,Normal
2023-09-25,106.88570722873918,Product_037,2023-10-01,Normal
2023-10-02,92.15765821660628,Product_037,2023-10-08,Normal
2023-10-09,105.96168675129512,Product_037,2023-10-15,Normal
2023-10-16,115.37674926017225,Product_037,2023-10-22,Normal
2023-10-23,105.8117583512995,Product_037,2023-10-29,Normal
2023-10-30,110.00629565811364,Product_037,2023-11-05,Normal
2023-11-06,114.46014233492356,Product_037,2023-11-12,Normal
2023-11-13,116.0514609859773,Product_037,2023-11-19,Normal
2023-11-20,456.5706752782112,Product_037,2023-11-26,Black Friday
2023-11-27,482.5909816415574,Product_037,2023-12-03,Normal
2023-12-04,119.11123855640164,Product_037,2023-12-10,Normal
2023-12-11,119.55069186773036,Product_037,2023-12-17,Normal
2023-12-18,131.05816073964888,Product_037,2023-12-24,Normal
2023-12-25,131.71136535093913,Product_037,2023-12-31,Normal
2024-01-01,138.08339438707185,Product_037,2024-01-07,Normal
2024-01-08,135.9367957850734,Product_037,2024-01-14,Normal
2024-01-15,146.23584251368646,Product_037,2024-01-21,Normal
2024-01-22,139.0731219894606,Product_037,2024-01-28,Normal
2024-01-29,147.28887678440648,Product_037,2024-02-04,Normal
2024-02-05,149.98008475599627,Product_037,2024-02-11,Normal
2024-02-12,157.5727391580484,Product_037,2024-02-18,Normal
2024-02-19,154.181927000605,Product_037,2024-02-25,Normal
2024-02-26,162.94073641094812,Product_037,2024-03-03,Normal
2024-03-04,157.23519684465185,Product_037,2024-03-10,Normal
2024-03-11,164.3181467065986,Product_037,2024-03-17,Normal
2024-03-18,156.7967004694243,Product_037,2024-03-24,Normal
2024-03-25,164.56949979941828,Product_037,2024-03-31,Normal
2024-04-01,158.96579129434434,Product_037,2024-04-07,Normal
2024-04-08,157.57950305953742,Product_037,2024-04-14,Normal
2024-04-15,159.47692474993252,Product_037,2024-04-21,Normal
2024-04-22,167.09024691382083,Product_037,2024-04-28,Normal
2024-04-29,168.45866578261064,Product_037,2024-05-05,BOGO
2024-05-06,338.8859764465259,Product_037,2024-05-12,BOGO
2024-05-13,165.72183456043115,Product_037,2024-05-19,Normal
2024-05-20,154.82529164040184,Product_037,2024-05-26,Normal
2024-05-27,158.4387619037444,Product_037,2024-06-02,Memorial Day
2024-06-03,155.522577659094,Product_037,2024-06-09,Normal
2024-06-10,150.71668174253475,Product_037,2024-06-16,Normal
2024-06-17,151.57817886306572,Product_037,2024-06-23,Normal
2024-06-24,148.88384721876366,Product_037,2024-06-30,Normal
2024-07-01,136.89927790801343,Product_037,2024-07-07,Normal
2024-07-08,147.83886540129294,Product_037,2024-07-14,Normal
2024-07-15,130.33807377275494,Product_037,2024-07-21,Normal
2024-07-22,128.29421011255587,Product_037,2024-07-28,Normal
2024-07-29,131.01564958907937,Product_037,2024-08-04,Normal
2024-08-05,131.2109203022025,Product_037,2024-08-11,Disc_50
2024-08-12,129.8240392032422,Product_037,2024-08-18,Disc_50
2024-08-19,730.6583217886221,Product_037,2024-08-25,Normal
2024-08-26,122.9594169908365,Product_037,2024-09-01,Normal
2024-09-02,117.50187067590888,Product_037,2024-09-08,Normal
2024-09-09,119.89888370127706,Product_037,2024-09-15,Normal
2024-09-16,121.95359487636637,Product_037,2024-09-22,Normal
2024-09-23,118.37845500769023,Product_037,2024-09-29,Normal
2024-09-30,115.64060949529224,Product_037,2024-10-06,Normal
2024-10-07,119.87216980103626,Product_037,2024-10-13,Normal
2024-10-14,125.83254892406654,Product_037,2024-10-20,Normal
2024-10-21,121.88751800864524,Product_037,2024-10-27,Normal
2024-10-28,121.32867936756354,Product_037,2024-11-03,Normal
2024-11-04,128.59336382769806,Product_037,2024-11-10,Normal
2024-11-11,124.32028500893676,Product_037,2024-11-17,Normal
2024-11-18,544.2562576405695,Product_037,2024-11-24,Normal
2024-11-25,576.7087307513509,Product_037,2024-12-01,Black Friday
2024-12-02,133.63012198870197,Product_037,2024-12-08,Normal
2024-12-09,138.92690151591822,Product_037,2024-12-15,Normal
2024-12-16,140.07459222838912,Product_037,2024-12-22,Normal
2024-12-23,145.53946612748453,Product_037,2024-12-29,Normal
2024-12-30,144.48704863507777,Product_037,2025-01-05,Normal
2023-01-02,99.26717748341876,Product_038,2023-01-08,Normal
2023-01-09,101.73138144702403,Product_038,2023-01-15,Normal
2023-01-16,109.2122133489261,Product_038,2023-01-22,Normal
2023-01-23,109.54780807881188,Product_038,2023-01-29,Normal
2023-01-30,120.37697168503291,Product_038,2023-02-05,Normal
2023-02-06,117.2985821425854,Product_038,2023-02-12,Normal
2023-02-13,126.05992542637922,Product_038,2023-02-19,Normal
2023-02-20,128.35506729989268,Product_038,2023-02-26,Normal
2023-02-27,131.4240289848242,Product_038,2023-03-05,Normal
2023-03-06,130.58654291992545,Product_038,2023-03-12,Normal
2023-03-13,126.42983768012344,Product_038,2023-03-19,Normal
2023-03-20,129.09745946818924,Product_038,2023-03-26,Normal
2023-03-27,131.81789884653293,Product_038,2023-04-02,Normal
2023-04-03,138.63219635124895,Product_038,2023-04-09,Normal
2023-04-10,135.4210282614534,Product_038,2023-04-16,Normal
2023-04-17,128.89030979673808,Product_038,2023-04-23,Normal
2023-04-24,137.61617528243465,Product_038,2023-04-30,Normal
2023-05-01,133.3121057651304,Product_038,2023-05-07,Normal
2023-05-08,133.44211747447252,Product_038,2023-05-14,Normal
2023-05-15,134.44961086210668,Product_038,2023-05-21,BOGO
2023-05-22,265.05003806633346,Product_038,2023-05-28,BOGO
2023-05-29,123.65564555859385,Product_038,2023-06-04,Memorial Day
2023-06-05,120.34444419470356,Product_038,2023-06-11,Normal
2023-06-12,125.58444344063818,Product_038,2023-06-18,Normal
2023-06-19,119.23984515294651,Product_038,2023-06-25,Normal
2023-06-26,125.2634248967996,Product_038,2023-07-02,Normal
2023-07-03,107.45462852026616,Product_038,2023-07-09,Normal
2023-07-10,115.78791859415988,Product_038,2023-07-16,Normal
2023-07-17,115.43013117098812,Product_038,2023-07-23,Normal
2023-07-24,105.5860386221151,Product_038,2023-07-30,Normal
2023-07-31,5.451178291748217,Product_038,2023-08-06,Normal
2023-08-07,106.35051139187912,Product_038,2023-08-13,Normal
2023-08-14,96.84880269571624,Product_038,2023-08-20,Normal
2023-08-21,97.60009344697644,Product_038,2023-08-27,Normal
2023-08-28,100.50811527332672,Product_038,2023-09-03,Normal
2023-09-04,96.80863345598812,Product_038,2023-09-10,Normal
2023-09-11,94.34327651666206,Product_038,2023-09-17,Normal
2023-09-18,99.27603410948554,Product_038,2023-09-24,Normal
2023-09-25,92.00339895001116,Product_038,2023-10-01,Normal
2023-10-02,93.04962752930123,Product_038,2023-10-08,Normal
2023-10-09,99.37321832415394,Product_038,2023-10-15,Normal
2023-10-16,103.74718338352594,Product_038,2023-10-22,Normal
2023-10-23,102.73235774005312,Product_038,2023-10-29,Normal
2023-10-30,97.02176093328976,Product_038,2023-11-05,Normal
2023-11-06,98.64794974935744,Product_038,2023-11-12,Normal
2023-11-13,112.26824115409772,Product_038,2023-11-19,Normal
2023-11-20,404.8332183060286,Product_038,2023-11-26,Black Friday
2023-11-27,444.7088194794121,Product_038,2023-12-03,Normal
2023-12-04,108.69296435862314,Product_038,2023-12-10,Normal
2023-12-11,112.42432716306544,Product_038,2023-12-17,Normal
2023-12-18,121.3828567461016,Product_038,2023-12-24,Normal
2023-12-25,115.65816781955996,Product_038,2023-12-31,Normal
2024-01-01,121.1642228208068,Product_038,2024-01-07,Normal
2024-01-08,129.22698367327902,Product_038,2024-01-14,Normal
2024-01-15,137.7575076508793,Product_038,2024-01-21,Normal
2024-01-22,136.24489680509564,Product_038,2024-01-28,Normal
2024-01-29,137.85658783069272,Product_038,2024-02-04,Normal
2024-02-05,145.9014448106431,Product_038,2024-02-11,Normal
2024-02-12,147.6032906173253,Product_038,2024-02-18,Normal
2024-02-19,150.8481290832138,Product_038,2024-02-25,Normal
2024-02-26,152.13528441476862,Product_038,2024-03-03,Normal
2024-03-04,152.95873667206186,Product_038,2024-03-10,Normal
2024-03-11,148.1216592636317,Product_038,2024-03-17,Normal
2024-03-18,149.45719014689237,Product_038,2024-03-24,Normal
2024-03-25,156.07736731481327,Product_038,2024-03-31,Normal
2024-04-01,161.98860479474575,Product_038,2024-04-07,Normal
2024-04-08,151.22899991785914,Product_038,2024-04-14,Normal
2024-04-15,160.52982806182294,Product_038,2024-04-21,Normal
2024-04-22,160.513496809375,Product_038,2024-04-28,Normal
2024-04-29,156.09133343771248,Product_038,2024-05-05,BOGO
2024-05-06,322.5998063421556,Product_038,2024-05-12,BOGO
2024-05-13,156.7630571917983,Product_038,2024-05-19,Normal
2024-05-20,150.58656360272855,Product_038,2024-05-26,Normal
2024-05-27,148.4706319174924,Product_038,2024-06-02,Memorial Day
2024-06-03,144.80871579133694,Product_038,2024-06-09,Normal
2024-06-10,144.66671665193903,Product_038,2024-06-16,Normal
2024-06-17,140.74968004430232,Product_038,2024-06-23,Normal
2024-06-24,142.9505415264675,Product_038,2024-06-30,Normal
2024-07-01,141.1841608177079,Product_038,2024-07-07,Normal
2024-07-08,135.72149469377035,Product_038,2024-07-14,Normal
2024-07-15,130.69867670058383,Product_038,2024-07-21,Normal
2024-07-22,134.94854894648174,Product_038,2024-07-28,Normal
2024-07-29,120.29590393447236,Product_038,2024-08-04,Normal
2024-08-05,126.21434455668268,Product_038,2024-08-11,Disc_50
2024-08-12,124.3510943153992,Product_038,2024-08-18,Disc_50
2024-08-19,714.1968085511012,Product_038,2024-08-25,Normal
2024-08-26,118.99359388913471,Product_038,2024-09-01,Normal
2024-09-02,122.00908173711044,Product_038,2024-09-08,Normal
2024-09-09,117.43717139659276,Product_038,2024-09-15,Normal
2024-09-16,119.03660007490704,Product_038,2024-09-22,Normal
2024-09-23,122.91525927182096,Product_038,2024-09-29,Normal
2024-09-30,121.63916525471102,Product_038,2024-10-06,Normal
2024-10-07,123.89435732798756,Product_038,2024-10-13,Normal
2024-10-14,117.94145264968304,Product_038,2024-10-20,Normal
2024-10-21,121.9190434308044,Product_038,2024-10-27,Normal
2024-10-28,122.92128427192851,Product_038,2024-11-03,Normal
2024-11-04,124.70792069090652,Product_038,2024-11-10,Normal
2024-11-11,129.3475046965991,Product_038,2024-11-17,Normal
2024-11-18,538.9199277399756,Product_038,2024-11-24,Normal
2024-11-25,512.8110084856718,Product_038,2024-12-01,Black Friday
2024-12-02,132.4578333082578,Product_038,2024-12-08,Normal
2024-12-09,137.97408988319444,Product_038,2024-12-15,Normal
2024-12-16,142.1032103751731,Product_038,2024-12-22,Normal
2024-12-23,150.36519890221797,Product_038,2024-12-29,Normal
2024-12-30,153.80844287642708,Product_038,2025-01-05,Normal
2023-01-02,103.90615236074476,Product_039,2023-01-08,Normal
2023-01-09,104.63011604847098,Product_039,2023-01-15,Normal
2023-01-16,117.85039559293686,Product_039,2023-01-22,Normal
2023-01-23,117.74001611279984,Product_039,2023-01-29,Normal
2023-01-30,116.4567961606014,Product_039,2023-02-05,Normal
2023-02-06,122.51564273664712,Product_039,2023-02-12,Normal
2023-02-13,121.69925252349134,Product_039,2023-02-19,Normal
2023-02-20,124.89536485385598,Product_039,2023-02-26,Normal
2023-02-27,125.0480150073773,Product_039,2023-03-05,Normal
2023-03-06,128.10668687553982,Product_039,2023-03-12,Normal
2023-03-13,131.95845880770173,Product_039,2023-03-19,Normal
2023-03-20,129.5646469196179,Product_039,2023-03-26,Normal
2023-03-27,135.16574965118556,Product_039,2023-04-02,Normal
2023-04-03,136.6972248107144,Product_039,2023-04-09,Normal
2023-04-10,136.70373157120093,Product_039,2023-04-16,Normal
2023-04-17,127.9442821569933,Product_039,2023-04-23,Normal
2023-04-24,142.77396814196953,Product_039,2023-04-30,Normal
2023-05-01,129.5150654507854,Product_039,2023-05-07,Normal
2023-05-08,134.53419203252898,Product_039,2023-05-14,Normal
2023-05-15,131.49935674391045,Product_039,2023-05-21,BOGO
2023-05-22,270.90843966194154,Product_039,2023-05-28,BOGO
2023-05-29,130.6096421376911,Product_039,2023-06-04,Memorial Day
2023-06-05,125.74597859073168,Product_039,2023-06-11,Normal
2023-06-12,126.8500768008216,Product_039,2023-06-18,Normal
2023-06-19,121.69500524985898,Product_039,2023-06-25,Normal
2023-06-26,123.65246093579712,Product_039,2023-07-02,Normal
2023-07-03,114.2159771184124,Product_039,2023-07-09,Normal
2023-07-10,110.31002581100452,Product_039,2023-07-16,Normal
2023-07-17,112.37206575622598,Product_039,2023-07-23,Normal
2023-07-24,105.430772730732,Product_039,2023-07-30,Normal
2023-07-31,5.645744922102314,Product_039,2023-08-06,Normal
2023-08-07,99.09141019466972,Product_039,2023-08-13,Normal
2023-08-14,98.04647405804717,Product_039,2023-08-20,Normal
2023-08-21,90.87010761091004,Product_039,2023-08-27,Normal
2023-08-28,100.25913312449032,Product_039,2023-09-03,Normal
2023-09-04,96.91063305950432,Product_039,2023-09-10,Normal
2023-09-11,95.61597315834568,Product_039,2023-09-17,Normal
2023-09-18,97.11507301839396,Product_039,2023-09-24,Normal
2023-09-25,98.21654273170236,Product_039,2023-10-01,Normal
2023-10-02,97.52797686348212,Product_039,2023-10-08,Normal
2023-10-09,90.72779192988357,Product_039,2023-10-15,Normal
2023-10-16,94.08929706676147,Product_039,2023-10-22,Normal
2023-10-23,96.00239616990572,Product_039,2023-10-29,Normal
2023-10-30,104.0018495044216,Product_039,2023-11-05,Normal
2023-11-06,105.66417736144533,Product_039,2023-11-12,Normal
2023-11-13,100.78114471710288,Product_039,2023-11-19,Normal
2023-11-20,418.69628767762975,Product_039,2023-11-26,Black Friday
2023-11-27,432.4034661254606,Product_039,2023-12-03,Normal
2023-12-04,115.5459040832813,Product_039,2023-12-10,Normal
2023-12-11,120.9562904841416,Product_039,2023-12-17,Normal
2023-12-18,118.7774831429292,Product_039,2023-12-24,Normal
2023-12-25,114.76383940840046,Product_039,2023-12-31,Normal
2024-01-01,123.11054888640976,Product_039,2024-01-07,Normal
2024-01-08,129.28842435639328,Product_039,2024-01-14,Normal
2024-01-15,130.4909909665442,Product_039,2024-01-21,Normal
2024-01-22,137.61328672571298,Product_039,2024-01-28,Normal
2024-01-29,133.35114301731815,Product_039,2024-02-04,Normal
2024-02-05,142.94196395944476,Product_039,2024-02-11,Normal
2024-02-12,142.54181398293687,Product_039,2024-02-18,Normal
2024-02-19,151.54769963178222,Product_039,2024-02-25,Normal
2024-02-26,143.04875403147793,Product_039,2024-03-03,Normal
2024-03-04,150.34760928637934,Product_039,2024-03-10,Normal
2024-03-11,155.84578565120768,Product_039,2024-03-17,Normal
2024-03-18,157.3443105582114,Product_039,2024-03-24,Normal
2024-03-25,154.66501559837562,Product_039,2024-03-31,Normal
2024-04-01,163.5492950447892,Product_039,2024-04-07,Normal
2024-04-08,156.3073606258437,Product_039,2024-04-14,Normal
2024-04-15,158.5458401138278,Product_039,2024-04-21,Normal
2024-04-22,159.95632195128906,Product_039,2024-04-28,Normal
2024-04-29,150.16402893568824,Product_039,2024-05-05,BOGO
2024-05-06,306.87665218953697,Product_039,2024-05-12,BOGO
2024-05-13,150.8432248600724,Product_039,2024-05-19,Normal
2024-05-20,154.27943589804408,Product_039,2024-05-26,Normal
2024-05-27,144.7494379423807,Product_039,2024-06-02,Memorial Day
2024-06-03,145.17954188665965,Product_039,2024-06-09,Normal
2024-06-10,136.87559661844557,Product_039,2024-06-16,Normal
2024-06-17,145.6612989924584,Product_039,2024-06-23,Normal
2024-06-24,147.22979400929472,Product_039,2024-06-30,Normal
2024-07-01,147.87061795269477,Product_039,2024-07-07,Normal
2024-07-08,134.51191231544658,Product_039,2024-07-14,Normal
2024-07-15,132.31007177776306,Product_039,2024-07-21,Normal
2024-07-22,133.5009368889188,Product_039,2024-07-28,Normal
2024-07-29,121.68079856945737,Product_039,2024-08-04,Normal
2024-08-05,122.06883524069896,Product_039,2024-08-11,Disc_50
2024-08-12,121.26264917174532,Product_039,2024-08-18,Disc_50
2024-08-19,726.1551957018032,Product_039,2024-08-25,Normal
2024-08-26,123.44579238958504,Product_039,2024-09-01,Normal
2024-09-02,120.88099310111654,Product_039,2024-09-08,Normal
2024-09-09,119.04111832488508,Product_039,2024-09-15,Normal
2024-09-16,116.23568364050188,Product_039,2024-09-22,Normal
2024-09-23,118.17924710897508,Product_039,2024-09-29,Normal
2024-09-30,116.2209239442943,Product_039,2024-10-06,Normal
2024-10-07,126.7687322265402,Product_039,2024-10-13,Normal
2024-10-14,122.35238673355124,Product_039,2024-10-20,Normal
2024-10-21,118.74548867279012,Product_039,2024-10-27,Normal
2024-10-28,129.03997031619724,Product_039,2024-11-03,Normal
2024-11-04,126.1604296998996,Product_039,2024-11-10,Normal
2024-11-11,133.26812457810902,Product_039,2024-11-17,Normal
2024-11-18,512.1480253265879,Product_039,2024-11-24,Normal
2024-11-25,510.9087048762401,Product_039,2024-12-01,Black Friday
2024-12-02,142.4368931219878,Product_039,2024-12-08,Normal
2024-12-09,135.2051101861545,Product_039,2024-12-15,Normal
2024-12-16,140.24488899054603,Product_039,2024-12-22,Normal
2024-12-23,142.32133713169156,Product_039,2024-12-29,Normal
2024-12-30,147.93142683979502,Product_039,2025-01-05,Normal
2023-01-02,109.37377566372588,Product_040,2023-01-08,Normal
2023-01-09,106.31036277966058,Product_040,2023-01-15,Normal
2023-01-16,106.65605473468612,Product_040,2023-01-22,Normal
2023-01-23,109.1410264069056,Product_040,2023-01-29,Normal
2023-01-30,121.31939368570625,Product_040,2023-02-05,Normal
2023-02-06,116.00496114273362,Product_040,2023-02-12,Normal
2023-02-13,121.12948632946792,Product_040,2023-02-19,Normal
2023-02-20,125.0966678233688,Product_040,2023-02-26,Normal
2023-02-27,124.2760981199046,Product_040,2023-03-05,Normal
2023-03-06,122.64145316125288,Product_040,2023-03-12,Normal
2023-03-13,135.9664543516298,Product_040,2023-03-19,Normal
2023-03-20,128.00769089683547,Product_040,2023-03-26,Normal
2023-03-27,137.52440926269466,Product_040,2023-04-02,Normal
2023-04-03,125.21999345590118,Product_040,2023-04-09,Normal
2023-04-10,131.42310710345112,Product_040,2023-04-16,Normal
2023-04-17,132.42055565060355,Product_040,2023-04-23,Normal
2023-04-24,129.79153243903593,Product_040,2023-04-30,Normal
2023-05-01,135.45348987710884,Product_040,2023-05-07,Normal
2023-05-08,132.8438410225698,Product_040,2023-05-14,Normal
2023-05-15,125.12585115572529,Product_040,2023-05-21,BOGO
2023-05-22,269.07196292560394,Product_040,2023-05-28,BOGO
2023-05-29,119.812750395135,Product_040,2023-06-04,Memorial Day
2023-06-05,117.04310215243086,Product_040,2023-06-11,Normal
2023-06-12,117.63531509207056,Product_040,2023-06-18,Normal
2023-06-19,119.6288214853877,Product_040,2023-06-25,Normal
2023-06-26,117.69583208095302,Product_040,2023-07-02,Normal
2023-07-03,113.81575263246545,Product_040,2023-07-09,Normal
2023-07-10,110.78015124508156,Product_040,2023-07-16,Normal
2023-07-17,110.9148907498021,Product_040,2023-07-23,Normal
2023-07-24,110.68138512925876,Product_040,2023-07-30,Normal
2023-07-31,5.283583537845801,Product_040,2023-08-06,Normal
2023-08-07,107.79591837980806,Product_040,2023-08-13,Normal
2023-08-14,96.51251022996658,Product_040,2023-08-20,Normal
2023-08-21,104.67818906543364,Product_040,2023-08-27,Normal
2023-08-28,92.1336985304624,Product_040,2023-09-03,Normal
2023-09-04,98.68990615834396,Product_040,2023-09-10,Normal
2023-09-11,94.68753139485013,Product_040,2023-09-17,Normal
2023-09-18,105.37310741743296,Product_040,2023-09-24,Normal
2023-09-25,93.82630323573676,Product_040,2023-10-01,Normal
2023-10-02,90.37575726872151,Product_040,2023-10-08,Normal
2023-10-09,92.38555757502051,Product_040,2023-10-15,Normal
2023-10-16,99.3340121079232,Product_040,2023-10-22,Normal
2023-10-23,103.99041399627656,Product_040,2023-10-29,Normal
2023-10-30,95.04472430584828,Product_040,2023-11-05,Normal
2023-11-06,97.57834105942416,Product_040,2023-11-12,Normal
2023-11-13,107.33496580838234,Product_040,2023-11-19,Normal
2023-11-20,445.64434012212706,Product_040,2023-11-26,Black Friday
2023-11-27,442.988567316299,Product_040,2023-12-03,Normal
2023-12-04,115.79248908615848,Product_040,2023-12-10,Normal
2023-12-11,112.17888956343832,Product_040,2023-12-17,Normal
2023-12-18,119.15668986169004,Product_040,2023-12-24,Normal
2023-12-25,119.34860866388895,Product_040,2023-12-31,Normal
2024-01-01,127.43476957605328,Product_040,2024-01-07,Normal
2024-01-08,132.55224558580178,Product_040,2024-01-14,Normal
2024-01-15,134.16008334506049,Product_040,2024-01-21,Normal
2024-01-22,130.63150788186863,Product_040,2024-01-28,Normal
2024-01-29,147.74028584944935,Product_040,2024-02-04,Normal
2024-02-05,143.35431883707597,Product_040,2024-02-11,Normal
2024-02-12,141.31273487237644,Product_040,2024-02-18,Normal
2024-02-19,149.14128342114762,Product_040,2024-02-25,Normal
2024-02-26,153.3915350100782,Product_040,2024-03-03,Normal
2024-03-04,147.7702489353322,Product_040,2024-03-10,Normal
2024-03-11,149.0286945571037,Product_040,2024-03-17,Normal
2024-03-18,151.3159977007781,Product_040,2024-03-24,Normal
2024-03-25,159.1831206668292,Product_040,2024-03-31,Normal
2024-04-01,161.39944423330238,Product_040,2024-04-07,Normal
2024-04-08,157.66936176036262,Product_040,2024-04-14,Normal
2024-04-15,153.7654644191791,Product_040,2024-04-21,Normal
2024-04-22,160.2010628508331,Product_040,2024-04-28,Normal
2024-04-29,159.13065265748168,Product_040,2024-05-05,BOGO
2024-05-06,336.37881795703964,Product_040,2024-05-12,BOGO
2024-05-13,148.84126148698633,Product_040,2024-05-19,Normal
2024-05-20,148.6071361702269,Product_040,2024-05-26,Normal
2024-05-27,153.13063075374066,Product_040,2024-06-02,Memorial Day
2024-06-03,143.85297203464225,Product_040,2024-06-09,Normal
2024-06-10,145.00377460754416,Product_040,2024-06-16,Normal
2024-06-17,149.27071132136354,Product_040,2024-06-23,Normal
2024-06-24,139.2990412548991,Product_040,2024-06-30,Normal
2024-07-01,132.37414655993308,Product_040,2024-07-07,Normal
2024-07-08,143.3954651624266,Product_040,2024-07-14,Normal
2024-07-15,133.836868127843,Product_040,2024-07-21,Normal
2024-07-22,126.46701514436664,Product_040,2024-07-28,Normal
2024-07-29,130.30318975371964,Product_040,2024-08-04,Normal
2024-08-05,122.59059121528108,Product_040,2024-08-11,Disc_50
2024-08-12,125.590535031633,Product_040,2024-08-18,Disc_50
2024-08-19,722.5582653396616,Product_040,2024-08-25,Normal
2024-08-26,125.42936421829252,Product_040,2024-09-01,Normal
2024-09-02,119.74249616773156,Product_040,2024-09-08,Normal
2024-09-09,120.19167271902997,Product_040,2024-09-15,Normal
2024-09-16,115.61215066768636,Product_040,2024-09-22,Normal
2024-09-23,115.124965765284,Product_040,2024-09-29,Normal
2024-09-30,125.56149047678852,Product_040,2024-10-06,Normal
2024-10-07,123.32341275085716,Product_040,2024-10-13,Normal
2024-10-14,127.81770845955836,Product_040,2024-10-20,Normal
2024-10-21,119.7524173841728,Product_040,2024-10-27,Normal
2024-10-28,121.65466264378396,Product_040,2024-11-03,Normal
2024-11-04,124.73165886189648,Product_040,2024-11-10,Normal
2024-11-11,127.10955244076806,Product_040,2024-11-17,Normal
2024-11-18,521.5247332635887,Product_040,2024-11-24,Normal
2024-11-25,559.2351490183856,Product_040,2024-12-01,Black Friday
2024-12-02,130.4424580693056,Product_040,2024-12-08,Normal
2024-12-09,138.6758965919769,Product_040,2024-12-15,Normal
2024-12-16,145.63965240832542,Product_040,2024-12-22,Normal
2024-12-23,150.17699252872185,Product_040,2024-12-29,Normal
2024-12-30,146.55169807618051,Product_040,2025-01-05,Normal
2023-01-02,106.02285820172618,Product_041,2023-01-08,Normal
2023-01-09,111.4536545688031,Product_041,2023-01-15,Normal
2023-01-16,117.97976379425282,Product_041,2023-01-22,Normal
2023-01-23,117.31166711389496,Product_041,2023-01-29,Normal
2023-01-30,122.38332376043002,Product_041,2023-02-05,Normal
2023-02-06,126.27415278368716,Product_041,2023-02-12,Normal
2023-02-13,129.35109736333845,Product_041,2023-02-19,Normal
2023-02-20,127.25844058097016,Product_041,2023-02-26,Normal
2023-02-27,127.5523204510809,Product_041,2023-03-05,Normal
2023-03-06,141.77125801190553,Product_041,2023-03-12,Normal
2023-03-13,136.08476526991242,Product_041,2023-03-19,Normal
2023-03-20,135.89170368724112,Product_041,2023-03-26,Normal
2023-03-27,137.24328330709008,Product_041,2023-04-02,Normal
2023-04-03,135.808785810185,Product_041,2023-04-09,Normal
2023-04-10,134.4851057828913,Product_041,2023-04-16,Normal
2023-04-17,135.3845352871753,Product_041,2023-04-23,Normal
2023-04-24,139.66429467183485,Product_041,2023-04-30,Normal
2023-05-01,135.7069590319002,Product_041,2023-05-07,Normal
2023-05-08,132.93861611182763,Product_041,2023-05-14,Normal
2023-05-15,132.25310811624576,Product_041,2023-05-21,BOGO
2023-05-22,260.84479098568926,Product_041,2023-05-28,BOGO
2023-05-29,137.1065737812474,Product_041,2023-06-04,Memorial Day
2023-06-05,128.6184885766859,Product_041,2023-06-11,Normal
2023-06-12,123.93038980047602,Product_041,2023-06-18,Normal
2023-06-19,124.380844895227,Product_041,2023-06-25,Normal
2023-06-26,126.17576960620276,Product_041,2023-07-02,Normal
2023-07-03,116.74308312994089,Product_041,2023-07-09,Normal
2023-07-10,114.44082250789376,Product_041,2023-07-16,Normal
2023-07-17,111.10110540173471,Product_041,2023-07-23,Normal
2023-07-24,111.36680392611945,Product_041,2023-07-30,Normal
2023-07-31,5.576154056092033,Product_041,2023-08-06,Normal
2023-08-07,109.50957583204206,Product_041,2023-08-13,Normal
2023-08-14,107.15307289601604,Product_041,2023-08-20,Normal
2023-08-21,97.98711850103592,Product_041,2023-08-27,Normal
2023-08-28,98.99662162447544,Product_041,2023-09-03,Normal
2023-09-04,103.51414878651453,Product_041,2023-09-10,Normal
2023-09-11,96.55023280473878,Product_041,2023-09-17,Normal
2023-09-18,101.38473471834256,Product_041,2023-09-24,Normal
2023-09-25,104.14185576558262,Product_041,2023-10-01,Normal
2023-10-02,102.23657109389409,Product_041,2023-10-08,Normal
2023-10-09,97.31365999736228,Product_041,2023-10-15,Normal
2023-10-16,92.2977257572031,Product_041,2023-10-22,Normal
2023-10-23,103.92376593341254,Product_041,2023-10-29,Normal
2023-10-30,104.028458724466,Product_041,2023-11-05,Normal
2023-11-06,105.91268551375023,Product_041,2023-11-12,Normal
2023-11-13,110.3189136774218,Product_041,2023-11-19,Normal
2023-11-20,406.7338933394245,Product_041,2023-11-26,Black Friday
2023-11-27,410.3854560038933,Product_041,2023-12-03,Normal
2023-12-04,113.9137645043028,Product_041,2023-12-10,Normal
2023-12-11,121.22072239545018,Product_041,2023-12-17,Normal
2023-12-18,118.94411667281298,Product_041,2023-12-24,Normal
2023-12-25,118.46076856364162,Product_041,2023-12-31,Normal
2024-01-01,126.17410708130522,Product_041,2024-01-07,Normal
2024-01-08,130.5522457294977,Product_041,2024-01-14,Normal
2024-01-15,135.76116699410198,Product_041,2024-01-21,Normal
2024-01-22,143.2867707968354,Product_041,2024-01-28,Normal
2024-01-29,145.53357346073653,Product_041,2024-02-04,Normal
2024-02-05,139.21175640274322,Product_041,2024-02-11,Normal
2024-02-12,151.484243778978,Product_041,2024-02-18,Normal
2024-02-19,147.72334847323162,Product_041,2024-02-25,Normal
2024-02-26,151.1763915708905,Product_041,2024-03-03,Normal
2024-03-04,158.2075745246391,Product_041,2024-03-10,Normal
2024-03-11,160.36455946352936,Product_041,2024-03-17,Normal
2024-03-18,157.35910183933643,Product_041,2024-03-24,Normal
2024-03-25,156.5661927958572,Product_041,2024-03-31,Normal
2024-04-01,163.34882247366787,Product_041,2024-04-07,Normal
2024-04-08,160.57804374917006,Product_041,2024-04-14,Normal
2024-04-15,156.83568041392587,Product_041,2024-04-21,Normal
2024-04-22,160.1503158387327,Product_041,2024-04-28,Normal
2024-04-29,162.2194327183849,Product_041,2024-05-05,BOGO
2024-05-06,327.08516205165733,Product_041,2024-05-12,BOGO
2024-05-13,155.97316427575174,Product_041,2024-05-19,Normal
2024-05-20,159.1157006727944,Product_041,2024-05-26,Normal
2024-05-27,156.17396008502715,Product_041,2024-06-02,Memorial Day
2024-06-03,147.47011048788815,Product_041,2024-06-09,Normal
2024-06-10,150.3142827492669,Product_041,2024-06-16,Normal
2024-06-17,140.6345135781594,Product_041,2024-06-23,Normal
2024-06-24,138.79867957404755,Product_041,2024-06-30,Normal
2024-07-01,138.7249420624317,Product_041,2024-07-07,Normal
2024-07-08,136.91329053542995,Product_041,2024-07-14,Normal
2024-07-15,132.68192937745857,Product_041,2024-07-21,Normal
2024-07-22,126.16621585107193,Product_041,2024-07-28,Normal
2024-07-29,129.85179118052443,Product_041,2024-08-04,Normal
2024-08-05,119.743005311104,Product_041,2024-08-11,Disc_50
2024-08-12,130.6066262701525,Product_041,2024-08-18,Disc_50
2024-08-19,713.1817237979351,Product_041,2024-08-25,Normal
2024-08-26,125.38844658929314,Product_041,2024-09-01,Normal
2024-09-02,121.78709616414513,Product_041,2024-09-08,Normal
2024-09-09,125.5382545080223,Product_041,2024-09-15,Normal
2024-09-16,118.61259116744468,Product_041,2024-09-22,Normal
2024-09-23,117.37710201632376,Product_041,2024-09-29,Normal
2024-09-30,121.91281968030108,Product_041,2024-10-06,Normal
2024-10-07,118.69916605621918,Product_041,2024-10-13,Normal
2024-10-14,120.17888579689536,Product_041,2024-10-20,Normal
2024-10-21,126.84412768650292,Product_041,2024-10-27,Normal
2024-10-28,124.9048536918914,Product_041,2024-11-03,Normal
2024-11-04,124.06670511328532,Product_041,2024-11-10,Normal
2024-11-11,130.64240273344018,Product_041,2024-11-17,Normal
2024-11-18,525.703143991588,Product_041,2024-11-24,Normal
2024-11-25,549.7276558281442,Product_041,2024-12-01,Black Friday
2024-12-02,133.38822201960738,Product_041,2024-12-08,Normal
2024-12-09,146.97771677300815,Product_041,2024-12-15,Normal
2024-12-16,143.80222744055442,Product_041,2024-12-22,Normal
2024-12-23,148.97834127263832,Product_041,2024-12-29,Normal
2024-12-30,153.5617486618834,Product_041,2025-01-05,Normal
2023-01-02,90.69931802434483,Product_042,2023-01-08,Normal
2023-01-09,100.139077299467,Product_042,2023-01-15,Normal
2023-01-16,95.45073494516824,Product_042,2023-01-22,Normal
2023-01-23,98.71012124156609,Product_042,2023-01-29,Normal
2023-01-30,99.4579426286226,Product_042,2023-02-05,Normal
2023-02-06,108.85519321967408,Product_042,2023-02-12,Normal
2023-02-13,108.17384774439996,Product_042,2023-02-19,Normal
2023-02-20,109.8453683885729,Product_042,2023-02-26,Normal
2023-02-27,119.6646582938796,Product_042,2023-03-05,Normal
2023-03-06,117.66846316590632,Product_042,2023-03-12,Normal
2023-03-13,124.14936675951544,Product_042,2023-03-19,Normal
2023-03-20,117.89622823647213,Product_042,2023-03-26,Normal
2023-03-27,115.76442176654568,Product_042,2023-04-02,Normal
2023-04-03,114.4532467155394,Product_042,2023-04-09,Normal
2023-04-10,120.8105041575347,Product_042,2023-04-16,Normal
2023-04-17,127.31903871277248,Product_042,2023-04-23,Normal
2023-04-24,123.83893010385586,Product_042,2023-04-30,Normal
2023-05-01,121.26936555741506,Product_042,2023-05-07,Normal
2023-05-08,120.44221684505992,Product_042,2023-05-14,Normal
2023-05-15,117.75957977815852,Product_042,2023-05-21,BOGO
2023-05-22,230.804714829878,Product_042,2023-05-28,BOGO
2023-05-29,126.93553201238042,Product_042,2023-06-04,Memorial Day
2023-06-05,116.35753642008684,Product_042,2023-06-11,Normal
2023-06-12,108.36540963128718,Product_042,2023-06-18,Normal
2023-06-19,101.93542125196136,Product_042,2023-06-25,Normal
2023-06-26,104.78976050012908,Product_042,2023-07-02,Normal
2023-07-03,102.61192539077716,Product_042,2023-07-09,Normal
2023-07-10,102.38885672412653,Product_042,2023-07-16,Normal
2023-07-17,103.29237883317523,Product_042,2023-07-23,Normal
2023-07-24,89.77808505437548,Product_042,2023-07-30,Normal
2023-07-31,4.8992105731408815,Product_042,2023-08-06,Normal
2023-08-07,91.987052365677,Product_042,2023-08-13,Normal
2023-08-14,89.40581613048195,Product_042,2023-08-20,Normal
2023-08-21,84.52284355978097,Product_042,2023-08-27,Normal
2023-08-28,88.0562258838515,Product_042,2023-09-03,Normal
2023-09-04,87.67914446188877,Product_042,2023-09-10,Normal
2023-09-11,88.70029193780317,Product_042,2023-09-17,Normal
2023-09-18,84.088034514208,Product_042,2023-09-24,Normal
2023-09-25,88.80760581689476,Product_042,2023-10-01,Normal
2023-10-02,83.07392950566964,Product_042,2023-10-08,Normal
2023-10-09,91.40563894506258,Product_042,2023-10-15,Normal
2023-10-16,89.87772894713919,Product_042,2023-10-22,Normal
2023-10-23,83.60979374351422,Product_042,2023-10-29,Normal
2023-10-30,86.21325286759182,Product_042,2023-11-05,Normal
2023-11-06,92.44808031367522,Product_042,2023-11-12,Normal
2023-11-13,91.2131364863473,Product_042,2023-11-19,Normal
2023-11-20,382.2599748186205,Product_042,2023-11-26,Black Friday
2023-11-27,411.4239108579382,Product_042,2023-12-03,Normal
2023-12-04,102.17299267497266,Product_042,2023-12-10,Normal
2023-12-11,107.42371189091068,Product_042,2023-12-17,Normal
2023-12-18,112.17791061331708,Product_042,2023-12-24,Normal
2023-12-25,111.67878728539476,Product_042,2023-12-31,Normal
2024-01-01,110.61321362075402,Product_042,2024-01-07,Normal
2024-01-08,130.62128650332062,Product_042,2024-01-14,Normal
2024-01-15,130.52775537723446,Product_042,2024-01-21,Normal
2024-01-22,133.1754971387514,Product_042,2024-01-28,Normal
2024-01-29,132.33997692448912,Product_042,2024-02-04,Normal
2024-02-05,132.3511956262651,Product_042,2024-02-11,Normal
2024-02-12,136.80821661672294,Product_042,2024-02-18,Normal
2024-02-19,144.02841681619418,Product_042,2024-02-25,Normal
2024-02-26,135.09484214733294,Product_042,2024-03-03,Normal
2024-03-04,148.52242092538367,Product_042,2024-03-10,Normal
2024-03-11,143.195439304448,Product_042,2024-03-17,Normal
2024-03-18,143.4485785948868,Product_042,2024-03-24,Normal
2024-03-25,151.20634621748803,Product_042,2024-03-31,Normal
2024-04-01,157.80709664308387,Product_042,2024-04-07,Normal
2024-04-08,150.49020904922642,Product_042,2024-04-14,Normal
2024-04-15,144.81101892140282,Product_042,2024-04-21,Normal
2024-04-22,148.87255971356254,Product_042,2024-04-28,Normal
2024-04-29,149.22728289036755,Product_042,2024-05-05,BOGO
2024-05-06,331.541826810573,Product_042,2024-05-12,BOGO
2024-05-13,147.32713264835084,Product_042,2024-05-19,Normal
2024-05-20,150.28854276952904,Product_042,2024-05-26,Normal
2024-05-27,142.91784708483533,Product_042,2024-06-02,Memorial Day
2024-06-03,148.75869910941873,Product_042,2024-06-09,Normal
2024-06-10,140.2543974418022,Product_042,2024-06-16,Normal
2024-06-17,136.1493727768869,Product_042,2024-06-23,Normal
2024-06-24,132.55349372764354,Product_042,2024-06-30,Normal
2024-07-01,135.54507625136716,Product_042,2024-07-07,Normal
2024-07-08,131.67535723941333,Product_042,2024-07-14,Normal
2024-07-15,134.7850535690776,Product_042,2024-07-21,Normal
2024-07-22,125.06487198179676,Product_042,2024-07-28,Normal
2024-07-29,127.96485073926304,Product_042,2024-08-04,Normal
2024-08-05,120.0441295168545,Product_042,2024-08-11,Disc_50
2024-08-12,118.7179467200183,Product_042,2024-08-18,Disc_50
2024-08-19,719.9949318536537,Product_042,2024-08-25,Normal
2024-08-26,118.55383339362906,Product_042,2024-09-01,Normal
2024-09-02,117.03378356956368,Product_042,2024-09-08,Normal
2024-09-09,118.02060826530182,Product_042,2024-09-15,Normal
2024-09-16,114.3369284482766,Product_042,2024-09-22,Normal
2024-09-23,106.37948033069766,Product_042,2024-09-29,Normal
2024-09-30,111.87873916093824,Product_042,2024-10-06,Normal
2024-10-07,120.47031657408604,Product_042,2024-10-13,Normal
2024-10-14,121.68181078205834,Product_042,2024-10-20,Normal
2024-10-21,118.8409544614211,Product_042,2024-10-27,Normal
2024-10-28,127.06335206255504,Product_042,2024-11-03,Normal
2024-11-04,124.16801355152738,Product_042,2024-11-10,Normal
2024-11-11,126.07325570891405,Product_042,2024-11-17,Normal
2024-11-18,513.4144927605959,Product_042,2024-11-24,Normal
2024-11-25,514.5507097692777,Product_042,2024-12-01,Black Friday
2024-12-02,134.2551703716862,Product_042,2024-12-08,Normal
2024-12-09,135.79635713675447,Product_042,2024-12-15,Normal
2024-12-16,146.60213159854516,Product_042,2024-12-22,Normal
2024-12-23,144.54651222722887,Product_042,2024-12-29,Normal
2024-12-30,152.2712254714611,Product_042,2025-01-05,Normal
2023-01-02,115.86035422722556,Product_043,2023-01-08,Normal
2023-01-09,119.45396309673716,Product_043,2023-01-15,Normal
2023-01-16,123.0727357120744,Product_043,2023-01-22,Normal
2023-01-23,122.15648639529894,Product_043,2023-01-29,Normal
2023-01-30,125.27104922365903,Product_043,2023-02-05,Normal
2023-02-06,125.7781164097647,Product_043,2023-02-12,Normal
2023-02-13,125.00477262020014,Product_043,2023-02-19,Normal
2023-02-20,136.6768779484298,Product_043,2023-02-26,Normal
2023-02-27,135.79800643900546,Product_043,2023-03-05,Normal
2023-03-06,134.6376516579787,Product_043,2023-03-12,Normal
2023-03-13,129.94823392793705,Product_043,2023-03-19,Normal
2023-03-20,140.50553696515468,Product_043,2023-03-26,Normal
2023-03-27,148.113898647128,Product_043,2023-04-02,Normal
2023-04-03,142.5290937726525,Product_043,2023-04-09,Normal
2023-04-10,145.9656598643392,Product_043,2023-04-16,Normal
2023-04-17,141.2232164043232,Product_043,2023-04-23,Normal
2023-04-24,143.90046132023866,Product_043,2023-04-30,Normal
2023-05-01,134.74239654458376,Product_043,2023-05-07,Normal
2023-05-08,139.82068934088744,Product_043,2023-05-14,Normal
2023-05-15,140.3753161127019,Product_043,2023-05-21,BOGO
2023-05-22,280.5425403718425,Product_043,2023-05-28,BOGO
2023-05-29,133.74768736080225,Product_043,2023-06-04,Memorial Day
2023-06-05,138.9917471035222,Product_043,2023-06-11,Normal
2023-06-12,130.43511169867182,Product_043,2023-06-18,Normal
2023-06-19,119.2156687792378,Product_043,2023-06-25,Normal
2023-06-26,127.59288635159504,Product_043,2023-07-02,Normal
2023-07-03,121.29731761998998,Product_043,2023-07-09,Normal
2023-07-10,115.63751197075712,Product_043,2023-07-16,Normal
2023-07-17,112.52700519892848,Product_043,2023-07-23,Normal
2023-07-24,105.76031155634968,Product_043,2023-07-30,Normal
2023-07-31,5.301848329140883,Product_043,2023-08-06,Normal
2023-08-07,110.58416744552324,Product_043,2023-08-13,Normal
2023-08-14,106.24505436438596,Product_043,2023-08-20,Normal
2023-08-21,109.5351586562589,Product_043,2023-08-27,Normal
2023-08-28,107.19229824920356,Product_043,2023-09-03,Normal
2023-09-04,105.9049678791396,Product_043,2023-09-10,Normal
2023-09-11,102.6410043448815,Product_043,2023-09-17,Normal
2023-09-18,101.63182068528016,Product_043,2023-09-24,Normal
2023-09-25,103.14117873570456,Product_043,2023-10-01,Normal
2023-10-02,98.69882624984903,Product_043,2023-10-08,Normal
2023-10-09,102.00618389317694,Product_043,2023-10-15,Normal
2023-10-16,98.80533847144493,Product_043,2023-10-22,Normal
2023-10-23,99.82249430440778,Product_043,2023-10-29,Normal
2023-10-30,105.046801644266,Product_043,2023-11-05,Normal
2023-11-06,106.33541203033629,Product_043,2023-11-12,Normal
2023-11-13,106.2361600007395,Product_043,2023-11-19,Normal
2023-11-20,460.6824171544939,Product_043,2023-11-26,Black Friday
2023-11-27,428.4972693114972,Product_043,2023-12-03,Normal
2023-12-04,115.98330727674671,Product_043,2023-12-10,Normal
2023-12-11,115.943106088398,Product_043,2023-12-17,Normal
2023-12-18,133.61124732695728,Product_043,2023-12-24,Normal
2023-12-25,132.5294679178599,Product_043,2023-12-31,Normal
2024-01-01,135.49851634184327,Product_043,2024-01-07,Normal
2024-01-08,135.4170973589489,Product_043,2024-01-14,Normal
2024-01-15,133.26440172987216,Product_043,2024-01-21,Normal
2024-01-22,141.59476238523405,Product_043,2024-01-28,Normal
2024-01-29,146.3560317791051,Product_043,2024-02-04,Normal
2024-02-05,144.10185258306166,Product_043,2024-02-11,Normal
2024-02-12,148.52877036666487,Product_043,2024-02-18,Normal
2024-02-19,152.14766176585,Product_043,2024-02-25,Normal
2024-02-26,158.61428699890627,Product_043,2024-03-03,Normal
2024-03-04,156.61250687710637,Product_043,2024-03-10,Normal
2024-03-11,157.8394761846625,Product_043,2024-03-17,Normal
2024-03-18,162.61968866924778,Product_043,2024-03-24,Normal
2024-03-25,160.4779960265722,Product_043,2024-03-31,Normal
2024-04-01,161.13994503626336,Product_043,2024-04-07,Normal
2024-04-08,161.44135321872227,Product_043,2024-04-14,Normal
2024-04-15,165.04761026689988,Product_043,2024-04-21,Normal
2024-04-22,157.56435451399753,Product_043,2024-04-28,Normal
2024-04-29,153.32340014618944,Product_043,2024-05-05,BOGO
2024-05-06,316.5869066650589,Product_043,2024-05-12,BOGO
2024-05-13,157.66473947507166,Product_043,2024-05-19,Normal
2024-05-20,157.09775734121695,Product_043,2024-05-26,Normal
2024-05-27,152.1176887210954,Product_043,2024-06-02,Memorial Day
2024-06-03,154.40843143033672,Product_043,2024-06-09,Normal
2024-06-10,150.96082408030512,Product_043,2024-06-16,Normal
2024-06-17,143.98607202143788,Product_043,2024-06-23,Normal
2024-06-24,143.0652058229305,Product_043,2024-06-30,Normal
2024-07-01,139.1603275631097,Product_043,2024-07-07,Normal
2024-07-08,137.97159394270594,Product_043,2024-07-14,Normal
2024-07-15,131.9928144999167,Product_043,2024-07-21,Normal
2024-07-22,129.20665073396054,Product_043,2024-07-28,Normal
2024-07-29,129.50373611704873,Product_043,2024-08-04,Normal
2024-08-05,126.18217983556636,Product_043,2024-08-11,Disc_50
2024-08-12,133.49800086309426,Product_043,2024-08-18,Disc_50
2024-08-19,726.2978045799239,Product_043,2024-08-25,Normal
2024-08-26,126.85275586232017,Product_043,2024-09-01,Normal
2024-09-02,123.763131432668,Product_043,2024-09-08,Normal
2024-09-09,123.91800336561782,Product_043,2024-09-15,Normal
2024-09-16,117.29490421562974,Product_043,2024-09-22,Normal
2024-09-23,119.294762635159,Product_043,2024-09-29,Normal
2024-09-30,121.95148682316142,Product_043,2024-10-06,Normal
2024-10-07,125.2076763240123,Product_043,2024-10-13,Normal
2024-10-14,123.35328922136851,Product_043,2024-10-20,Normal
2024-10-21,126.72638715682233,Product_043,2024-10-27,Normal
2024-10-28,125.15923208404531,Product_043,2024-11-03,Normal
2024-11-04,124.0855835035702,Product_043,2024-11-10,Normal
2024-11-11,128.64113091755306,Product_043,2024-11-17,Normal
2024-11-18,525.5616506403026,Product_043,2024-11-24,Normal
2024-11-25,530.7836299074116,Product_043,2024-12-01,Black Friday
2024-12-02,137.76046674974785,Product_043,2024-12-08,Normal
2024-12-09,134.48964442159613,Product_043,2024-12-15,Normal
2024-12-16,147.72058019672278,Product_043,2024-12-22,Normal
2024-12-23,146.35206789537295,Product_043,2024-12-29,Normal
2024-12-30,150.14332432230768,Product_043,2025-01-05,Normal
2023-01-02,111.57204941530252,Product_044,2023-01-08,Normal
2023-01-09,108.98605199770566,Product_044,2023-01-15,Normal
2023-01-16,119.56096798662388,Product_044,2023-01-22,Normal
2023-01-23,116.65764256827492,Product_044,2023-01-29,Normal
2023-01-30,127.45368702818556,Product_044,2023-02-05,Normal
2023-02-06,127.17418366492674,Product_044,2023-02-12,Normal
2023-02-13,127.20923203293484,Product_044,2023-02-19,Normal
2023-02-20,130.88854586829876,Product_044,2023-02-26,Normal
2023-02-27,138.9522497223608,Product_044,2023-03-05,Normal
2023-03-06,128.234563922659,Product_044,2023-03-12,Normal
2023-03-13,133.63803393862435,Product_044,2023-03-19,Normal
2023-03-20,140.94788873838792,Product_044,2023-03-26,Normal
2023-03-27,143.6655438152628,Product_044,2023-04-02,Normal
2023-04-03,131.67138024486363,Product_044,2023-04-09,Normal
2023-04-10,140.30997524384605,Product_044,2023-04-16,Normal
2023-04-17,140.14960534549454,Product_044,2023-04-23,Normal
2023-04-24,133.7713348030806,Product_044,2023-04-30,Normal
2023-05-01,140.63094525557133,Product_044,2023-05-07,Normal
2023-05-08,133.64221394480276,Product_044,2023-05-14,Normal
2023-05-15,126.6712406836476,Product_044,2023-05-21,BOGO
2023-05-22,265.215973835451,Product_044,2023-05-28,BOGO
2023-05-29,135.97810175232254,Product_044,2023-06-04,Memorial Day
2023-06-05,124.42294928833856,Product_044,2023-06-11,Normal
2023-06-12,130.96279489156535,Product_044,2023-06-18,Normal
2023-06-19,129.25463237471388,Product_044,2023-06-25,Normal
2023-06-26,122.0913171731244,Product_044,2023-07-02,Normal
2023-07-03,111.05161679070264,Product_044,2023-07-09,Normal
2023-07-10,120.16730964733922,Product_044,2023-07-16,Normal
2023-07-17,121.47895021234233,Product_044,2023-07-23,Normal
2023-07-24,110.89971774041535,Product_044,2023-07-30,Normal
2023-07-31,5.3993587209218585,Product_044,2023-08-06,Normal
2023-08-07,110.94146600924532,Product_044,2023-08-13,Normal
2023-08-14,109.8707792229959,Product_044,2023-08-20,Normal
2023-08-21,106.6191300365597,Product_044,2023-08-27,Normal
2023-08-28,104.35324150396995,Product_044,2023-09-03,Normal
2023-09-04,99.14876620321095,Product_044,2023-09-10,Normal
2023-09-11,100.36047448103405,Product_044,2023-09-17,Normal
2023-09-18,102.5860820614248,Product_044,2023-09-24,Normal
2023-09-25,100.86145589280828,Product_044,2023-10-01,Normal
2023-10-02,103.33048897595332,Product_044,2023-10-08,Normal
2023-10-09,102.20262199173813,Product_044,2023-10-15,Normal
2023-10-16,100.41448690033108,Product_044,2023-10-22,Normal
2023-10-23,100.77740690707282,Product_044,2023-10-29,Normal
2023-10-30,108.06877824594336,Product_044,2023-11-05,Normal
2023-11-06,102.65558227247028,Product_044,2023-11-12,Normal
2023-11-13,106.97469107301538,Product_044,2023-11-19,Normal
2023-11-20,438.9642041191971,Product_044,2023-11-26,Black Friday
2023-11-27,426.0550286631102,Product_044,2023-12-03,Normal
2023-12-04,116.29550396274348,Product_044,2023-12-10,Normal
2023-12-11,124.77937742496536,Product_044,2023-12-17,Normal
2023-12-18,128.19033181899752,Product_044,2023-12-24,Normal
2023-12-25,129.5199094076607,Product_044,2023-12-31,Normal
2024-01-01,130.67621730349322,Product_044,2024-01-07,Normal
2024-01-08,139.51715400443703,Product_044,2024-01-14,Normal
2024-01-15,138.97160804125122,Product_044,2024-01-21,Normal
2024-01-22,133.67858402925896,Product_044,2024-01-28,Normal
2024-01-29,138.37406633391987,Product_044,2024-02-04,Normal
2024-02-05,153.5329382006004,Product_044,2024-02-11,Normal
2024-02-12,149.9123024283232,Product_044,2024-02-18,Normal
2024-02-19,150.95634103046257,Product_044,2024-02-25,Normal
2024-02-26,146.9711896853593,Product_044,2024-03-03,Normal
2024-03-04,158.44728013463626,Product_044,2024-03-10,Normal
2024-03-11,149.76566599375,Product_044,2024-03-17,Normal
2024-03-18,152.91148951589145,Product_044,2024-03-24,Normal
2024-03-25,157.80775610660612,Product_044,2024-03-31,Normal
2024-04-01,155.7312873750413,Product_044,2024-04-07,Normal
2024-04-08,163.43165603260013,Product_044,2024-04-14,Normal
2024-04-15,162.76629616348723,Product_044,2024-04-21,Normal
2024-04-22,155.10639242705744,Product_044,2024-04-28,Normal
2024-04-29,162.88870019501695,Product_044,2024-05-05,BOGO
2024-05-06,337.2845307899875,Product_044,2024-05-12,BOGO
2024-05-13,151.0387981983225,Product_044,2024-05-19,Normal
2024-05-20,161.61406963507366,Product_044,2024-05-26,Normal
2024-05-27,152.8246221275938,Product_044,2024-06-02,Memorial Day
2024-06-03,144.32683362621202,Product_044,2024-06-09,Normal
2024-06-10,146.43364341692478,Product_044,2024-06-16,Normal
2024-06-17,149.08918767598493,Product_044,2024-06-23,Normal
2024-06-24,144.78410298876832,Product_044,2024-06-30,Normal
2024-07-01,139.52105916998775,Product_044,2024-07-07,Normal
2024-07-08,139.37584299733146,Product_044,2024-07-14,Normal
2024-07-15,141.2189182704918,Product_044,2024-07-21,Normal
2024-07-22,137.96430143769444,Product_044,2024-07-28,Normal
2024-07-29,128.59850200211554,Product_044,2024-08-04,Normal
2024-08-05,127.09555426243224,Product_044,2024-08-11,Disc_50
2024-08-12,122.70159831985474,Product_044,2024-08-18,Disc_50
2024-08-19,720.5149972606114,Product_044,2024-08-25,Normal
2024-08-26,123.57683047030598,Product_044,2024-09-01,Normal
2024-09-02,117.21321964352695,Product_044,2024-09-08,Normal
2024-09-09,124.07149015342948,Product_044,2024-09-15,Normal
2024-09-16,112.02798371552186,Product_044,2024-09-22,Normal
2024-09-23,126.1048151397873,Product_044,2024-09-29,Normal
2024-09-30,121.984323017226,Product_044,2024-10-06,Normal
2024-10-07,120.88182823702466,Product_044,2024-10-13,Normal
2024-10-14,124.14961468053382,Product_044,2024-10-20,Normal
2024-10-21,128.77587095325677,Product_044,2024-10-27,Normal
2024-10-28,123.53506430808866,Product_044,2024-11-03,Normal
2024-11-04,120.725047674745,Product_044,2024-11-10,Normal
2024-11-11,126.8970959904784,Product_044,2024-11-17,Normal
2024-11-18,527.8554586723199,Product_044,2024-11-24,Normal
2024-11-25,552.7870777118839,Product_044,2024-12-01,Black Friday
2024-12-02,137.50551498942656,Product_044,2024-12-08,Normal
2024-12-09,144.84376610002536,Product_044,2024-12-15,Normal
2024-12-16,141.82621566293864,Product_044,2024-12-22,Normal
2024-12-23,144.75606338713254,Product_044,2024-12-29,Normal
2024-12-30,147.90486270183456,Product_044,2025-01-05,Normal
2023-01-02,94.56535920987264,Product_045,2023-01-08,Normal
2023-01-09,100.07638026894254,Product_045,2023-01-15,Normal
2023-01-16,105.08771979221568,Product_045,2023-01-22,Normal
2023-01-23,103.9773470539916,Product_045,2023-01-29,Normal
2023-01-30,111.57178497723592,Product_045,2023-02-05,Normal
2023-02-06,109.90231255385612,Product_045,2023-02-12,Normal
2023-02-13,117.71069975540772,Product_045,2023-02-19,Normal
2023-02-20,115.19772082524295,Product_045,2023-02-26,Normal
2023-02-27,118.70520932677724,Product_045,2023-03-05,Normal
2023-03-06,124.0734162515452,Product_045,2023-03-12,Normal
2023-03-13,130.4140543281237,Product_045,2023-03-19,Normal
2023-03-20,128.1160634082225,Product_045,2023-03-26,Normal
2023-03-27,116.367820543834,Product_045,2023-04-02,Normal
2023-04-03,123.83888359296849,Product_045,2023-04-09,Normal
2023-04-10,125.81341912152274,Product_045,2023-04-16,Normal
2023-04-17,128.01788626517447,Product_045,2023-04-23,Normal
2023-04-24,129.35598296111198,Product_045,2023-04-30,Normal
2023-05-01,129.38866311396964,Product_045,2023-05-07,Normal
2023-05-08,121.111570909969,Product_045,2023-05-14,Normal
2023-05-15,125.39547177979644,Product_045,2023-05-21,BOGO
2023-05-22,255.88339379574023,Product_045,2023-05-28,BOGO
2023-05-29,128.09298619302427,Product_045,2023-06-04,Memorial Day
2023-06-05,124.41809791195884,Product_045,2023-06-11,Normal
2023-06-12,114.58374989789498,Product_045,2023-06-18,Normal
2023-06-19,117.14010620012787,Product_045,2023-06-25,Normal
2023-06-26,107.3253207584702,Product_045,2023-07-02,Normal
2023-07-03,103.77487035916724,Product_045,2023-07-09,Normal
2023-07-10,115.57165073693078,Product_045,2023-07-16,Normal
2023-07-17,96.76874458805752,Product_045,2023-07-23,Normal
2023-07-24,100.99025755785544,Product_045,2023-07-30,Normal
2023-07-31,4.822035444010675,Product_045,2023-08-06,Normal
2023-08-07,96.04977063365322,Product_045,2023-08-13,Normal
2023-08-14,98.32067681148784,Product_045,2023-08-20,Normal
2023-08-21,98.21220399808922,Product_045,2023-08-27,Normal
2023-08-28,92.09100429322277,Product_045,2023-09-03,Normal
2023-09-04,87.36376910118926,Product_045,2023-09-10,Normal
2023-09-11,94.64983011942157,Product_045,2023-09-17,Normal
2023-09-18,87.25660369960401,Product_045,2023-09-24,Normal
2023-09-25,93.180359664158,Product_045,2023-10-01,Normal
2023-10-02,89.65342108808203,Product_045,2023-10-08,Normal
2023-10-09,88.87813940080918,Product_045,2023-10-15,Normal
2023-10-16,96.28491137331832,Product_045,2023-10-22,Normal
2023-10-23,99.9864181724036,Product_045,2023-10-29,Normal
2023-10-30,96.5654286145362,Product_045,2023-11-05,Normal
2023-11-06,109.6352414313213,Product_045,2023-11-12,Normal
2023-11-13,103.72274754999998,Product_045,2023-11-19,Normal
2023-11-20,409.8194947624626,Product_045,2023-11-26,Black Friday
2023-11-27,428.629591700603,Product_045,2023-12-03,Normal
2023-12-04,115.71345781505843,Product_045,2023-12-10,Normal
2023-12-11,115.9798130762124,Product_045,2023-12-17,Normal
2023-12-18,114.84824327421248,Product_045,2023-12-24,Normal
2023-12-25,114.05476299571151,Product_045,2023-12-31,Normal
2024-01-01,125.93789509924862,Product_045,2024-01-07,Normal
2024-01-08,127.35401609761658,Product_045,2024-01-14,Normal
2024-01-15,127.91199066465836,Product_045,2024-01-21,Normal
2024-01-22,136.66396449571434,Product_045,2024-01-28,Normal
2024-01-29,131.34670012953322,Product_045,2024-02-04,Normal
2024-02-05,143.6945824273027,Product_045,2024-02-11,Normal
2024-02-12,144.34981726522378,Product_045,2024-02-18,Normal
2024-02-19,142.56680558236806,Product_045,2024-02-25,Normal
2024-02-26,148.3435277326223,Product_045,2024-03-03,Normal
2024-03-04,154.59782994933113,Product_045,2024-03-10,Normal
2024-03-11,154.98029393799243,Product_045,2024-03-17,Normal
2024-03-18,151.6952078902895,Product_045,2024-03-24,Normal
2024-03-25,160.09657439952107,Product_045,2024-03-31,Normal
2024-04-01,151.43873581100263,Product_045,2024-04-07,Normal
2024-04-08,150.07045123843355,Product_045,2024-04-14,Normal
2024-04-15,151.0054828891191,Product_045,2024-04-21,Normal
2024-04-22,155.41896941270755,Product_045,2024-04-28,Normal
2024-04-29,156.48130384175312,Product_045,2024-05-05,BOGO
2024-05-06,328.44496219386315,Product_045,2024-05-12,BOGO
2024-05-13,152.2266949735929,Product_045,2024-05-19,Normal
2024-05-20,152.29567761729612,Product_045,2024-05-26,Normal
2024-05-27,146.35961313888671,Product_045,2024-06-02,Memorial Day
2024-06-03,141.10597051244193,Product_045,2024-06-09,Normal
2024-06-10,140.06132959869345,Product_045,2024-06-16,Normal
2024-06-17,140.659638987135,Product_045,2024-06-23,Normal
2024-06-24,131.73900780705125,Product_045,2024-06-30,Normal
2024-07-01,144.27761484119293,Product_045,2024-07-07,Normal
2024-07-08,133.7657555592933,Product_045,2024-07-14,Normal
2024-07-15,127.88425897672022,Product_045,2024-07-21,Normal
2024-07-22,131.19403352099764,Product_045,2024-07-28,Normal
2024-07-29,122.93032171823504,Product_045,2024-08-04,Normal
2024-08-05,124.46765292981438,Product_045,2024-08-11,Disc_50
2024-08-12,127.52593399790132,Product_045,2024-08-18,Disc_50
2024-08-19,716.3769345709584,Product_045,2024-08-25,Normal
2024-08-26,119.42251427864844,Product_045,2024-09-01,Normal
2024-09-02,123.035382117849,Product_045,2024-09-08,Normal
2024-09-09,111.5395215411182,Product_045,2024-09-15,Normal
2024-09-16,118.28810558316884,Product_045,2024-09-22,Normal
2024-09-23,118.55954918973843,Product_045,2024-09-29,Normal
2024-09-30,116.76932786138744,Product_045,2024-10-06,Normal
2024-10-07,119.94145131208604,Product_045,2024-10-13,Normal
2024-10-14,121.0906157116287,Product_045,2024-10-20,Normal
2024-10-21,113.2315576245802,Product_045,2024-10-27,Normal
2024-10-28,122.23380382694126,Product_045,2024-11-03,Normal
2024-11-04,125.3132276938668,Product_045,2024-11-10,Normal
2024-11-11,134.10470033730186,Product_045,2024-11-17,Normal
2024-11-18,557.1471898399454,Product_045,2024-11-24,Normal
2024-11-25,522.764446524312,Product_045,2024-12-01,Black Friday
2024-12-02,130.44754677594722,Product_045,2024-12-08,Normal
2024-12-09,139.0740538754715,Product_045,2024-12-15,Normal
2024-12-16,141.2437144015693,Product_045,2024-12-22,Normal
2024-12-23,154.67856352669395,Product_045,2024-12-29,Normal
2024-12-30,154.2181265547299,Product_045,2025-01-05,Normal
2023-01-02,92.01279613024076,Product_046,2023-01-08,Normal
2023-01-09,93.19659787937164,Product_046,2023-01-15,Normal
2023-01-16,100.4772988145673,Product_046,2023-01-22,Normal
2023-01-23,95.23994210951932,Product_046,2023-01-29,Normal
2023-01-30,104.35987122674015,Product_046,2023-02-05,Normal
2023-02-06,110.36703931873492,Product_046,2023-02-12,Normal
2023-02-13,108.82969096601462,Product_046,2023-02-19,Normal
2023-02-20,106.79093179755505,Product_046,2023-02-26,Normal
2023-02-27,110.30092968536114,Product_046,2023-03-05,Normal
2023-03-06,118.73852498607528,Product_046,2023-03-12,Normal
2023-03-13,122.93559780720832,Product_046,2023-03-19,Normal
2023-03-20,125.38927355573637,Product_046,2023-03-26,Normal
2023-03-27,122.88347871846534,Product_046,2023-04-02,Normal
2023-04-03,126.28065919823528,Product_046,2023-04-09,Normal
2023-04-10,122.56346142547464,Product_046,2023-04-16,Normal
2023-04-17,127.75713110881466,Product_046,2023-04-23,Normal
2023-04-24,118.54818691018126,Product_046,2023-04-30,Normal
2023-05-01,117.7297710585332,Product_046,2023-05-07,Normal
2023-05-08,124.207808268292,Product_046,2023-05-14,Normal
2023-05-15,123.1287939381958,Product_046,2023-05-21,BOGO
2023-05-22,228.1206854913207,Product_046,2023-05-28,BOGO
2023-05-29,118.97185133266512,Product_046,2023-06-04,Memorial Day
2023-06-05,112.97526828950632,Product_046,2023-06-11,Normal
2023-06-12,109.7701582482154,Product_046,2023-06-18,Normal
2023-06-19,110.0491905209902,Product_046,2023-06-25,Normal
2023-06-26,108.89265883227375,Product_046,2023-07-02,Normal
2023-07-03,111.24503962016723,Product_046,2023-07-09,Normal
2023-07-10,100.57729248690264,Product_046,2023-07-16,Normal
2023-07-17,98.30684464360664,Product_046,2023-07-23,Normal
2023-07-24,101.26069304387572,Product_046,2023-07-30,Normal
2023-07-31,5.089606941269274,Product_046,2023-08-06,Normal
2023-08-07,93.85750978949328,Product_046,2023-08-13,Normal
2023-08-14,99.24806048244147,Product_046,2023-08-20,Normal
2023-08-21,91.1409390200232,Product_046,2023-08-27,Normal
2023-08-28,89.25725942153778,Product_046,2023-09-03,Normal
2023-09-04,84.18695921252719,Product_046,2023-09-10,Normal
2023-09-11,91.01826213472933,Product_046,2023-09-17,Normal
2023-09-18,87.93019015081494,Product_046,2023-09-24,Normal
2023-09-25,88.02919422491652,Product_046,2023-10-01,Normal
2023-10-02,90.99959107284823,Product_046,2023-10-08,Normal
2023-10-09,94.08938425909702,Product_046,2023-10-15,Normal
2023-10-16,89.63878178636313,Product_046,2023-10-22,Normal
2023-10-23,98.49000654337569,Product_046,2023-10-29,Normal
2023-10-30,95.498550023802,Product_046,2023-11-05,Normal
2023-11-06,93.9823818203215,Product_046,2023-11-12,Normal
2023-11-13,96.63685637680152,Product_046,2023-11-19,Normal
2023-11-20,424.0198565668095,Product_046,2023-11-26,Black Friday
2023-11-27,439.97583112029537,Product_046,2023-12-03,Normal
2023-12-04,103.7488303401514,Product_046,2023-12-10,Normal
2023-12-11,112.04176771853352,Product_046,2023-12-17,Normal
2023-12-18,105.40608459349468,Product_046,2023-12-24,Normal
2023-12-25,119.74044918329967,Product_046,2023-12-31,Normal
2024-01-01,121.8534631457374,Product_046,2024-01-07,Normal
2024-01-08,125.49448825569723,Product_046,2024-01-14,Normal
2024-01-15,123.95960986185926,Product_046,2024-01-21,Normal
2024-01-22,135.28598538681575,Product_046,2024-01-28,Normal
2024-01-29,140.5554716339825,Product_046,2024-02-04,Normal
2024-02-05,143.72179592870822,Product_046,2024-02-11,Normal
2024-02-12,141.14420224309782,Product_046,2024-02-18,Normal
2024-02-19,143.04422118177007,Product_046,2024-02-25,Normal
2024-02-26,140.3963251757798,Product_046,2024-03-03,Normal
2024-03-04,149.46600183612796,Product_046,2024-03-10,Normal
2024-03-11,141.8702228441622,Product_046,2024-03-17,Normal
2024-03-18,161.06645487555022,Product_046,2024-03-24,Normal
2024-03-25,150.99089747972695,Product_046,2024-03-31,Normal
2024-04-01,149.80579939007578,Product_046,2024-04-07,Normal
2024-04-08,153.9590655559905,Product_046,2024-04-14,Normal
2024-04-15,148.63531359855182,Product_046,2024-04-21,Normal
2024-04-22,153.77350280197626,Product_046,2024-04-28,Normal
2024-04-29,151.80667440202183,Product_046,2024-05-05,BOGO
2024-05-06,317.54609351306647,Product_046,2024-05-12,BOGO
2024-05-13,155.517526676491,Product_046,2024-05-19,Normal
2024-05-20,155.75913940032905,Product_046,2024-05-26,Normal
2024-05-27,151.49179865765905,Product_046,2024-06-02,Memorial Day
2024-06-03,139.3014766402418,Product_046,2024-06-09,Normal
2024-06-10,149.23416064237168,Product_046,2024-06-16,Normal
2024-06-17,141.19245382653395,Product_046,2024-06-23,Normal
2024-06-24,133.11331723286003,Product_046,2024-06-30,Normal
2024-07-01,136.4544411456542,Product_046,2024-07-07,Normal
2024-07-08,132.51902485156592,Product_046,2024-07-14,Normal
2024-07-15,137.54020000560303,Product_046,2024-07-21,Normal
2024-07-22,127.34915483831958,Product_046,2024-07-28,Normal
2024-07-29,127.41030433936284,Product_046,2024-08-04,Normal
2024-08-05,123.7805450073772,Product_046,2024-08-11,Disc_50
2024-08-12,123.3389689976999,Product_046,2024-08-18,Disc_50
2024-08-19,718.1615048991031,Product_046,2024-08-25,Normal
2024-08-26,124.09882774962452,Product_046,2024-09-01,Normal
2024-09-02,116.65388761391588,Product_046,2024-09-08,Normal
2024-09-09,109.62968218003633,Product_046,2024-09-15,Normal
2024-09-16,120.33270531512086,Product_046,2024-09-22,Normal
2024-09-23,118.30758773168832,Product_046,2024-09-29,Normal
2024-09-30,114.59822726561464,Product_046,2024-10-06,Normal
2024-10-07,116.0668409790596,Product_046,2024-10-13,Normal
2024-10-14,122.20594143467385,Product_046,2024-10-20,Normal
2024-10-21,121.19142350910842,Product_046,2024-10-27,Normal
2024-10-28,125.0650833396065,Product_046,2024-11-03,Normal
2024-11-04,119.6149650629459,Product_046,2024-11-10,Normal
2024-11-11,132.63757876419808,Product_046,2024-11-17,Normal
2024-11-18,534.514257975081,Product_046,2024-11-24,Normal
2024-11-25,550.0574981803126,Product_046,2024-12-01,Black Friday
2024-12-02,135.84890379597596,Product_046,2024-12-08,Normal
2024-12-09,136.1444294653539,Product_046,2024-12-15,Normal
2024-12-16,141.91006016654316,Product_046,2024-12-22,Normal
2024-12-23,139.9871379926605,Product_046,2024-12-29,Normal
2024-12-30,150.5516767388331,Product_046,2025-01-05,Normal
2023-01-02,80.9126110504126,Product_047,2023-01-08,Normal
2023-01-09,80.63198504962091,Product_047,2023-01-15,Normal
2023-01-16,87.42702151287594,Product_047,2023-01-22,Normal
2023-01-23,95.7554606867092,Product_047,2023-01-29,Normal
2023-01-30,95.27369049034884,Product_047,2023-02-05,Normal
2023-02-06,99.2564766167011,Product_047,2023-02-12,Normal
2023-02-13,109.7749296150576,Product_047,2023-02-19,Normal
2023-02-20,110.3327555283144,Product_047,2023-02-26,Normal
2023-02-27,109.52263916299069,Product_047,2023-03-05,Normal
2023-03-06,109.16414360312108,Product_047,2023-03-12,Normal
2023-03-13,113.91274089277462,Product_047,2023-03-19,Normal
2023-03-20,111.9077608592111,Product_047,2023-03-26,Normal
2023-03-27,114.784749069068,Product_047,2023-04-02,Normal
2023-04-03,115.37670279016466,Product_047,2023-04-09,Normal
2023-04-10,121.7864839066189,Product_047,2023-04-16,Normal
2023-04-17,117.62054929575918,Product_047,2023-04-23,Normal
2023-04-24,113.22963628100824,Product_047,2023-04-30,Normal
2023-05-01,114.0873015499287,Product_047,2023-05-07,Normal
2023-05-08,121.4025065515424,Product_047,2023-05-14,Normal
2023-05-15,111.16939921960626,Product_047,2023-05-21,BOGO
2023-05-22,223.49010836976873,Product_047,2023-05-28,BOGO
2023-05-29,113.48865634529994,Product_047,2023-06-04,Memorial Day
2023-06-05,101.68143200311714,Product_047,2023-06-11,Normal
2023-06-12,109.8520004953168,Product_047,2023-06-18,Normal
2023-06-19,104.22919620137536,Product_047,2023-06-25,Normal
2023-06-26,94.87642754919015,Product_047,2023-07-02,Normal
2023-07-03,102.25036894492408,Product_047,2023-07-09,Normal
2023-07-10,103.46280457350204,Product_047,2023-07-16,Normal
2023-07-17,95.08671309813904,Product_047,2023-07-23,Normal
2023-07-24,93.59777041616036,Product_047,2023-07-30,Normal
2023-07-31,4.921900727991029,Product_047,2023-08-06,Normal
2023-08-07,90.10557008501624,Product_047,2023-08-13,Normal
2023-08-14,85.65548931947511,Product_047,2023-08-20,Normal
2023-08-21,91.07396878151708,Product_047,2023-08-27,Normal
2023-08-28,79.08454122506917,Product_047,2023-09-03,Normal
2023-09-04,80.2203836900553,Product_047,2023-09-10,Normal
2023-09-11,83.5108768699909,Product_047,2023-09-17,Normal
2023-09-18,83.28919925735852,Product_047,2023-09-24,Normal
2023-09-25,81.13648973979267,Product_047,2023-10-01,Normal
2023-10-02,87.7023387354302,Product_047,2023-10-08,Normal
2023-10-09,83.59735548857101,Product_047,2023-10-15,Normal
2023-10-16,88.8723737703615,Product_047,2023-10-22,Normal
2023-10-23,84.38021886551694,Product_047,2023-10-29,Normal
2023-10-30,87.77394310804884,Product_047,2023-11-05,Normal
2023-11-06,96.23663295166072,Product_047,2023-11-12,Normal
2023-11-13,104.31632062421704,Product_047,2023-11-19,Normal
2023-11-20,374.05117188278706,Product_047,2023-11-26,Black Friday
2023-11-27,358.54200309699894,Product_047,2023-12-03,Normal
2023-12-04,103.28047716823868,Product_047,2023-12-10,Normal
2023-12-11,101.9307170807816,Product_047,2023-12-17,Normal
2023-12-18,117.36337382131488,Product_047,2023-12-24,Normal
2023-12-25,117.1447416921512,Product_047,2023-12-31,Normal
2024-01-01,122.55226743803404,Product_047,2024-01-07,Normal
2024-01-08,123.82885789780596,Product_047,2024-01-14,Normal
2024-01-15,122.3726898746368,Product_047,2024-01-21,Normal
2024-01-22,126.38432855239334,Product_047,2024-01-28,Normal
2024-01-29,143.13040346616793,Product_047,2024-02-04,Normal
2024-02-05,136.48179386662702,Product_047,2024-02-11,Normal
2024-02-12,135.56478831014593,Product_047,2024-02-18,Normal
2024-02-19,141.57865135071194,Product_047,2024-02-25,Normal
2024-02-26,143.4280999312056,Product_047,2024-03-03,Normal
2024-03-04,145.36378142912915,Product_047,2024-03-10,Normal
2024-03-11,152.87914128861368,Product_047,2024-03-17,Normal
2024-03-18,146.29935005764744,Product_047,2024-03-24,Normal
2024-03-25,150.9984166916506,Product_047,2024-03-31,Normal
2024-04-01,153.26169137982197,Product_047,2024-04-07,Normal
2024-04-08,143.15161134323975,Product_047,2024-04-14,Normal
2024-04-15,142.4977314226214,Product_047,2024-04-21,Normal
2024-04-22,144.07164448586025,Product_047,2024-04-28,Normal
2024-04-29,152.11786635837052,Product_047,2024-05-05,BOGO
2024-05-06,318.44677318053186,Product_047,2024-05-12,BOGO
2024-05-13,148.2114905092085,Product_047,2024-05-19,Normal
2024-05-20,141.83408826251295,Product_047,2024-05-26,Normal
2024-05-27,149.43754045842363,Product_047,2024-06-02,Memorial Day
2024-06-03,139.65680212215804,Product_047,2024-06-09,Normal
2024-06-10,135.3988113493607,Product_047,2024-06-16,Normal
2024-06-17,139.2058146473221,Product_047,2024-06-23,Normal
2024-06-24,130.33954900668823,Product_047,2024-06-30,Normal
2024-07-01,130.36374702431863,Product_047,2024-07-07,Normal
2024-07-08,131.30604887554682,Product_047,2024-07-14,Normal
2024-07-15,128.09700916666537,Product_047,2024-07-21,Normal
2024-07-22,119.5318827690763,Product_047,2024-07-28,Normal
2024-07-29,133.33344017885298,Product_047,2024-08-04,Normal
2024-08-05,120.41091679819095,Product_047,2024-08-11,Disc_50
2024-08-12,125.22996909482995,Product_047,2024-08-18,Disc_50
2024-08-19,713.8230406246959,Product_047,2024-08-25,Normal
2024-08-26,123.44378931517548,Product_047,2024-09-01,Normal
2024-09-02,112.22334193750316,Product_047,2024-09-08,Normal
2024-09-09,107.04376317541131,Product_047,2024-09-15,Normal
2024-09-16,112.40927121616102,Product_047,2024-09-22,Normal
2024-09-23,118.12492610686792,Product_047,2024-09-29,Normal
2024-09-30,115.41481998596656,Product_047,2024-10-06,Normal
2024-10-07,122.78549777470496,Product_047,2024-10-13,Normal
2024-10-14,120.77457912377304,Product_047,2024-10-20,Normal
2024-10-21,128.34839805197373,Product_047,2024-10-27,Normal
2024-10-28,119.52065667457536,Product_047,2024-11-03,Normal
2024-11-04,130.2557017988628,Product_047,2024-11-10,Normal
2024-11-11,120.08803023535754,Product_047,2024-11-17,Normal
2024-11-18,520.2051627405096,Product_047,2024-11-24,Normal
2024-11-25,538.4735530696886,Product_047,2024-12-01,Black Friday
2024-12-02,137.78820888050083,Product_047,2024-12-08,Normal
2024-12-09,135.26580759311557,Product_047,2024-12-15,Normal
2024-12-16,141.34441404909126,Product_047,2024-12-22,Normal
2024-12-23,143.75669212488827,Product_047,2024-12-29,Normal
2024-12-30,151.5003971008286,Product_047,2025-01-05,Normal
2023-01-02,93.32786747678252,Product_048,2023-01-08,Normal
2023-01-09,90.26011297422347,Product_048,2023-01-15,Normal
2023-01-16,93.13734807121668,Product_048,2023-01-22,Normal
2023-01-23,103.21423857461848,Product_048,2023-01-29,Normal
2023-01-30,99.51201397899314,Product_048,2023-02-05,Normal
2023-02-06,107.81179588095564,Product_048,2023-02-12,Normal
2023-02-13,117.79509574243863,Product_048,2023-02-19,Normal
2023-02-20,118.42472812604264,Product_048,2023-02-26,Normal
2023-02-27,116.33784108354364,Product_048,2023-03-05,Normal
2023-03-06,113.49499409361592,Product_048,2023-03-12,Normal
2023-03-13,124.2829777887948,Product_048,2023-03-19,Normal
2023-03-20,122.50188263660476,Product_048,2023-03-26,Normal
2023-03-27,119.61847797905249,Product_048,2023-04-02,Normal
2023-04-03,129.3251086174701,Product_048,2023-04-09,Normal
2023-04-10,123.56535909333203,Product_048,2023-04-16,Normal
2023-04-17,124.0209975714641,Product_048,2023-04-23,Normal
2023-04-24,123.6829246832777,Product_048,2023-04-30,Normal
2023-05-01,114.551064585032,Product_048,2023-05-07,Normal
2023-05-08,119.1384943187252,Product_048,2023-05-14,Normal
2023-05-15,124.4157105240771,Product_048,2023-05-21,BOGO
2023-05-22,250.83869145244103,Product_048,2023-05-28,BOGO
2023-05-29,116.34863486725833,Product_048,2023-06-04,Memorial Day
2023-06-05,123.4107142682942,Product_048,2023-06-11,Normal
2023-06-12,108.9862701215583,Product_048,2023-06-18,Normal
2023-06-19,119.34350432123506,Product_048,2023-06-25,Normal
2023-06-26,108.94450106289314,Product_048,2023-07-02,Normal
2023-07-03,113.9049335456822,Product_048,2023-07-09,Normal
2023-07-10,108.43555275712735,Product_048,2023-07-16,Normal
2023-07-17,105.78789377855904,Product_048,2023-07-23,Normal
2023-07-24,89.72848973713067,Product_048,2023-07-30,Normal
2023-07-31,4.5793999469115,Product_048,2023-08-06,Normal
2023-08-07,96.29483707840244,Product_048,2023-08-13,Normal
2023-08-14,97.202312713517,Product_048,2023-08-20,Normal
2023-08-21,89.07821295340068,Product_048,2023-08-27,Normal
2023-08-28,85.92625132393034,Product_048,2023-09-03,Normal
2023-09-04,83.97333114247871,Product_048,2023-09-10,Normal
2023-09-11,87.48665913041965,Product_048,2023-09-17,Normal
2023-09-18,87.76620295958399,Product_048,2023-09-24,Normal
2023-09-25,89.84929547032237,Product_048,2023-10-01,Normal
2023-10-02,88.09026441451397,Product_048,2023-10-08,Normal
2023-10-09,85.2112311620852,Product_048,2023-10-15,Normal
2023-10-16,80.65850660678751,Product_048,2023-10-22,Normal
2023-10-23,92.74231778766227,Product_048,2023-10-29,Normal
2023-10-30,95.26756451719346,Product_048,2023-11-05,Normal
2023-11-06,104.45285444890398,Product_048,2023-11-12,Normal
2023-11-13,93.57502233213872,Product_048,2023-11-19,Normal
2023-11-20,384.76450836688343,Product_048,2023-11-26,Black Friday
2023-11-27,422.65865298230057,Product_048,2023-12-03,Normal
2023-12-04,108.35535446842992,Product_048,2023-12-10,Normal
2023-12-11,105.63188100677112,Product_048,2023-12-17,Normal
2023-12-18,112.24821864027354,Product_048,2023-12-24,Normal
2023-12-25,115.1289650626416,Product_048,2023-12-31,Normal
2024-01-01,125.72647109001748,Product_048,2024-01-07,Normal
2024-01-08,125.36927570729854,Product_048,2024-01-14,Normal
2024-01-15,130.07755133148677,Product_048,2024-01-21,Normal
2024-01-22,132.62262529781478,Product_048,2024-01-28,Normal
2024-01-29,138.84263409547327,Product_048,2024-02-04,Normal
2024-02-05,140.3949363599845,Product_048,2024-02-11,Normal
2024-02-12,141.3246335764521,Product_048,2024-02-18,Normal
2024-02-19,143.9174269076865,Product_048,2024-02-25,Normal
2024-02-26,140.66125134021993,Product_048,2024-03-03,Normal
2024-03-04,143.20136990319605,Product_048,2024-03-10,Normal
2024-03-11,154.07798813680532,Product_048,2024-03-17,Normal
2024-03-18,151.67232483243646,Product_048,2024-03-24,Normal
2024-03-25,155.2522005844793,Product_048,2024-03-31,Normal
2024-04-01,150.18484891183468,Product_048,2024-04-07,Normal
2024-04-08,145.2957965217866,Product_048,2024-04-14,Normal
2024-04-15,145.14639134113537,Product_048,2024-04-21,Normal
2024-04-22,149.27124236659378,Product_048,2024-04-28,Normal
2024-04-29,152.76638108648598,Product_048,2024-05-05,BOGO
2024-05-06,309.1726266704475,Product_048,2024-05-12,BOGO
2024-05-13,147.84077839904305,Product_048,2024-05-19,Normal
2024-05-20,156.75224272965545,Product_048,2024-05-26,Normal
2024-05-27,146.43863777613095,Product_048,2024-06-02,Memorial Day
2024-06-03,141.21647231072114,Product_048,2024-06-09,Normal
2024-06-10,142.0076877152888,Product_048,2024-06-16,Normal
2024-06-17,139.30388287351252,Product_048,2024-06-23,Normal
2024-06-24,138.00428025195228,Product_048,2024-06-30,Normal
2024-07-01,139.71291734793886,Product_048,2024-07-07,Normal
2024-07-08,133.226626213111,Product_048,2024-07-14,Normal
2024-07-15,128.66590179653497,Product_048,2024-07-21,Normal
2024-07-22,132.47734537386648,Product_048,2024-07-28,Normal
2024-07-29,125.73826205508568,Product_048,2024-08-04,Normal
2024-08-05,119.2168977204455,Product_048,2024-08-11,Disc_50
2024-08-12,116.5018749606272,Product_048,2024-08-18,Disc_50
2024-08-19,718.2366989043231,Product_048,2024-08-25,Normal
2024-08-26,120.0607760222077,Product_048,2024-09-01,Normal
2024-09-02,116.9797190552493,Product_048,2024-09-08,Normal
2024-09-09,123.69083549205811,Product_048,2024-09-15,Normal
2024-09-16,116.64210537868055,Product_048,2024-09-22,Normal
2024-09-23,117.37217860829035,Product_048,2024-09-29,Normal
2024-09-30,118.89229792693172,Product_048,2024-10-06,Normal
2024-10-07,115.24777666236967,Product_048,2024-10-13,Normal
2024-10-14,122.33972329821388,Product_048,2024-10-20,Normal
2024-10-21,118.69076738683414,Product_048,2024-10-27,Normal
2024-10-28,130.52047263108025,Product_048,2024-11-03,Normal
2024-11-04,129.39762410114133,Product_048,2024-11-10,Normal
2024-11-11,121.91372335617687,Product_048,2024-11-17,Normal
2024-11-18,499.2915043323127,Product_048,2024-11-24,Normal
2024-11-25,539.2495327538337,Product_048,2024-12-01,Black Friday
2024-12-02,134.86195114253556,Product_048,2024-12-08,Normal
2024-12-09,133.77707644427474,Product_048,2024-12-15,Normal
2024-12-16,142.2431142493392,Product_048,2024-12-22,Normal
2024-12-23,148.68894029329323,Product_048,2024-12-29,Normal
2024-12-30,143.48685529276926,Product_048,2025-01-05,Normal
2023-01-02,90.74273804846968,Product_049,2023-01-08,Normal
2023-01-09,86.60827022321659,Product_049,2023-01-15,Normal
2023-01-16,95.611142055463,Product_049,2023-01-22,Normal
2023-01-23,87.32330829357974,Product_049,2023-01-29,Normal
2023-01-30,97.90243421639578,Product_049,2023-02-05,Normal
2023-02-06,102.50300862986948,Product_049,2023-02-12,Normal
2023-02-13,104.82682530374998,Product_049,2023-02-19,Normal
2023-02-20,102.84081349538704,Product_049,2023-02-26,Normal
2023-02-27,105.08981585509235,Product_049,2023-03-05,Normal
2023-03-06,111.29858869368576,Product_049,2023-03-12,Normal
2023-03-13,114.55190006408982,Product_049,2023-03-19,Normal
2023-03-20,114.47839137682168,Product_049,2023-03-26,Normal
2023-03-27,115.8069968804615,Product_049,2023-04-02,Normal
2023-04-03,114.58934184414528,Product_049,2023-04-09,Normal
2023-04-10,125.11584772471328,Product_049,2023-04-16,Normal
2023-04-17,123.96503686177483,Product_049,2023-04-23,Normal
2023-04-24,118.06644963237449,Product_049,2023-04-30,Normal
2023-05-01,116.48916998005402,Product_049,2023-05-07,Normal
2023-05-08,125.08509042325976,Product_049,2023-05-14,Normal
2023-05-15,115.88558486126568,Product_049,2023-05-21,BOGO
2023-05-22,232.88955531253816,Product_049,2023-05-28,BOGO
2023-05-29,109.30536008398298,Product_049,2023-06-04,Memorial Day
2023-06-05,107.1866686253213,Product_049,2023-06-11,Normal
2023-06-12,103.38734536509848,Product_049,2023-06-18,Normal
2023-06-19,98.1176705278221,Product_049,2023-06-25,Normal
2023-06-26,98.44676202842992,Product_049,2023-07-02,Normal
2023-07-03,104.07632401531708,Product_049,2023-07-09,Normal
2023-07-10,96.84805851513002,Product_049,2023-07-16,Normal
2023-07-17,91.59630946326966,Product_049,2023-07-23,Normal
2023-07-24,94.21805839690607,Product_049,2023-07-30,Normal
2023-07-31,4.523106208652024,Product_049,2023-08-06,Normal
2023-08-07,81.70713041858501,Product_049,2023-08-13,Normal
2023-08-14,88.91808279316673,Product_049,2023-08-20,Normal
2023-08-21,90.1839091065178,Product_049,2023-08-27,Normal
2023-08-28,78.84152105037992,Product_049,2023-09-03,Normal
2023-09-04,83.18726790134788,Product_049,2023-09-10,Normal
2023-09-11,85.3337914545995,Product_049,2023-09-17,Normal
2023-09-18,79.31233152875588,Product_049,2023-09-24,Normal
2023-09-25,80.1444863280297,Product_049,2023-10-01,Normal
2023-10-02,76.76297092482439,Product_049,2023-10-08,Normal
2023-10-09,83.95847992196899,Product_049,2023-10-15,Normal
2023-10-16,85.0904360238241,Product_049,2023-10-22,Normal
2023-10-23,97.65799608141263,Product_049,2023-10-29,Normal
2023-10-30,97.95978063137024,Product_049,2023-11-05,Normal
2023-11-06,93.50859949613084,Product_049,2023-11-12,Normal
2023-11-13,91.4424088704964,Product_049,2023-11-19,Normal
2023-11-20,371.7579378431531,Product_049,2023-11-26,Black Friday
2023-11-27,406.1929417232184,Product_049,2023-12-03,Normal
2023-12-04,97.33331285850213,Product_049,2023-12-10,Normal
2023-12-11,105.38190583796596,Product_049,2023-12-17,Normal
2023-12-18,115.78517037784977,Product_049,2023-12-24,Normal
2023-12-25,109.4520593359796,Product_049,2023-12-31,Normal
2024-01-01,120.33929049088016,Product_049,2024-01-07,Normal
2024-01-08,117.54389429837596,Product_049,2024-01-14,Normal
2024-01-15,120.82752032214928,Product_049,2024-01-21,Normal
2024-01-22,129.52337743994823,Product_049,2024-01-28,Normal
2024-01-29,129.2933080269728,Product_049,2024-02-04,Normal
2024-02-05,131.8357073180384,Product_049,2024-02-11,Normal
2024-02-12,136.69108996087198,Product_049,2024-02-18,Normal
2024-02-19,136.4421156482443,Product_049,2024-02-25,Normal
2024-02-26,141.4587168201548,Product_049,2024-03-03,Normal
2024-03-04,147.94189073131827,Product_049,2024-03-10,Normal
2024-03-11,142.6939407443712,Product_049,2024-03-17,Normal
2024-03-18,148.05976829107783,Product_049,2024-03-24,Normal
2024-03-25,146.38154299045954,Product_049,2024-03-31,Normal
2024-04-01,150.29843760662197,Product_049,2024-04-07,Normal
2024-04-08,146.20464258837828,Product_049,2024-04-14,Normal
2024-04-15,152.530595789168,Product_049,2024-04-21,Normal
2024-04-22,145.5481547734702,Product_049,2024-04-28,Normal
2024-04-29,148.46996488844516,Product_049,2024-05-05,BOGO
2024-05-06,297.130676391781,Product_049,2024-05-12,BOGO
2024-05-13,147.4971580192858,Product_049,2024-05-19,Normal
2024-05-20,145.9213101077792,Product_049,2024-05-26,Normal
2024-05-27,145.0728053324275,Product_049,2024-06-02,Memorial Day
2024-06-03,142.54638510580986,Product_049,2024-06-09,Normal
2024-06-10,134.93381111403855,Product_049,2024-06-16,Normal
2024-06-17,137.30902099945374,Product_049,2024-06-23,Normal
2024-06-24,142.67968762657856,Product_049,2024-06-30,Normal
2024-07-01,134.8617802799411,Product_049,2024-07-07,Normal
2024-07-08,132.13582243451134,Product_049,2024-07-14,Normal
2024-07-15,124.49144116068778,Product_049,2024-07-21,Normal
2024-07-22,132.7619126464364,Product_049,2024-07-28,Normal
2024-07-29,121.7556381158409,Product_049,2024-08-04,Normal
2024-08-05,120.17687974628528,Product_049,2024-08-11,Disc_50
2024-08-12,119.52633244466293,Product_049,2024-08-18,Disc_50
2024-08-19,709.3822989819299,Product_049,2024-08-25,Normal
2024-08-26,111.39969729812944,Product_049,2024-09-01,Normal
2024-09-02,117.4355540825886,Product_049,2024-09-08,Normal
2024-09-09,112.04289817390494,Product_049,2024-09-15,Normal
2024-09-16,106.18961662449104,Product_049,2024-09-22,Normal
2024-09-23,118.20160064028548,Product_049,2024-09-29,Normal
2024-09-30,113.47159250377204,Product_049,2024-10-06,Normal
2024-10-07,110.25920070331576,Product_049,2024-10-13,Normal
2024-10-14,118.70124649866948,Product_049,2024-10-20,Normal
2024-10-21,120.4757205528032,Product_049,2024-10-27,Normal
2024-10-28,113.48936122906626,Product_049,2024-11-03,Normal
2024-11-04,125.18287143358688,Product_049,2024-11-10,Normal
2024-11-11,129.87030247577022,Product_049,2024-11-17,Normal
2024-11-18,540.2600942256688,Product_049,2024-11-24,Normal
2024-11-25,543.3943443311484,Product_049,2024-12-01,Black Friday
2024-12-02,132.2064617561393,Product_049,2024-12-08,Normal
2024-12-09,137.76672418870794,Product_049,2024-12-15,Normal
2024-12-16,142.54623173060082,Product_049,2024-12-22,Normal
2024-12-23,147.61127130295355,Product_049,2024-12-29,Normal
2024-12-30,150.6506027549294,Product_049,2025-01-05,Normal
2023-01-02,82.03594022568947,Product_050,2023-01-08,Normal
2023-01-09,85.48882561672282,Product_050,2023-01-15,Normal
2023-01-16,88.4443626198697,Product_050,2023-01-22,Normal
2023-01-23,87.86273079430173,Product_050,2023-01-29,Normal
2023-01-30,94.72037108100186,Product_050,2023-02-05,Normal
2023-02-06,93.92864244102256,Product_050,2023-02-12,Normal
2023-02-13,106.38098547758943,Product_050,2023-02-19,Normal
2023-02-20,102.09301339646096,Product_050,2023-02-26,Normal
2023-02-27,109.05182564244784,Product_050,2023-03-05,Normal
2023-03-06,115.1142015996492,Product_050,2023-03-12,Normal
2023-03-13,108.8827669715175,Product_050,2023-03-19,Normal
2023-03-20,117.78315672426722,Product_050,2023-03-26,Normal
2023-03-27,125.5135832546284,Product_050,2023-04-02,Normal
2023-04-03,114.2756064229756,Product_050,2023-04-09,Normal
2023-04-10,117.23212164321698,Product_050,2023-04-16,Normal
2023-04-17,112.81293623221616,Product_050,2023-04-23,Normal
2023-04-24,122.05896870482778,Product_050,2023-04-30,Normal
2023-05-01,119.54790542872108,Product_050,2023-05-07,Normal
2023-05-08,119.6260479846862,Product_050,2023-05-14,Normal
2023-05-15,112.47385055206584,Product_050,2023-05-21,BOGO
2023-05-22,235.2110532239327,Product_050,2023-05-28,BOGO
2023-05-29,108.77908333748736,Product_050,2023-06-04,Memorial Day
2023-06-05,104.22289129664644,Product_050,2023-06-11,Normal
2023-06-12,111.47334651924808,Product_050,2023-06-18,Normal
2023-06-19,104.15062895544104,Product_050,2023-06-25,Normal
2023-06-26,101.88023471199618,Product_050,2023-07-02,Normal
2023-07-03,102.17637752163104,Product_050,2023-07-09,Normal
2023-07-10,92.3435217540485,Product_050,2023-07-16,Normal
2023-07-17,95.0682900352772,Product_050,2023-07-23,Normal
2023-07-24,93.94253711251793,Product_050,2023-07-30,Normal
2023-07-31,4.5633085462213465,Product_050,2023-08-06,Normal
2023-08-07,89.72484829999077,Product_050,2023-08-13,Normal
2023-08-14,83.11187644717737,Product_050,2023-08-20,Normal
2023-08-21,85.47251404256862,Product_050,2023-08-27,Normal
2023-08-28,84.99556138869939,Product_050,2023-09-03,Normal
2023-09-04,87.50142516527652,Product_050,2023-09-10,Normal
2023-09-11,81.66665702956203,Product_050,2023-09-17,Normal
2023-09-18,82.69099949397773,Product_050,2023-09-24,Normal
2023-09-25,82.77407802074471,Product_050,2023-10-01,Normal
2023-10-02,82.57709575896457,Product_050,2023-10-08,Normal
2023-10-09,87.94164744131437,Product_050,2023-10-15,Normal
2023-10-16,80.33658202473151,Product_050,2023-10-22,Normal
2023-10-23,86.7688863332057,Product_050,2023-10-29,Normal
2023-10-30,81.94542620202928,Product_050,2023-11-05,Normal
2023-11-06,90.70726244347225,Product_050,2023-11-12,Normal
2023-11-13,96.84974747584944,Product_050,2023-11-19,Normal
2023-11-20,372.2218354874525,Product_050,2023-11-26,Black Friday
2023-11-27,408.29938643635734,Product_050,2023-12-03,Normal
2023-12-04,93.73086018678733,Product_050,2023-12-10,Normal
2023-12-11,113.16098861119217,Product_050,2023-12-17,Normal
2023-12-18,108.10189758681716,Product_050,2023-12-24,Normal
2023-12-25,119.87817856517675,Product_050,2023-12-31,Normal
2024-01-01,119.07443150437824,Product_050,2024-01-07,Normal
2024-01-08,121.29106443296816,Product_050,2024-01-14,Normal
2024-01-15,121.86054552792424,Product_050,2024-01-21,Normal
2024-01-22,127.09790719985072,Product_050,2024-01-28,Normal
2024-01-29,120.90521522548237,Product_050,2024-02-04,Normal
2024-02-05,130.58004941693375,Product_050,2024-02-11,Normal
2024-02-12,135.68927867038107,Product_050,2024-02-18,Normal
2024-02-19,143.81979742306046,Product_050,2024-02-25,Normal
2024-02-26,141.9588645386959,Product_050,2024-03-03,Normal
2024-03-04,140.26729549618634,Product_050,2024-03-10,Normal
2024-03-11,150.286573669688,Product_050,2024-03-17,Normal
2024-03-18,153.6071699069066,Product_050,2024-03-24,Normal
2024-03-25,150.14729406227127,Product_050,2024-03-31,Normal
2024-04-01,148.08013481754872,Product_050,2024-04-07,Normal
2024-04-08,145.5644933253944,Product_050,2024-04-14,Normal
2024-04-15,150.70291425205212,Product_050,2024-04-21,Normal
2024-04-22,151.45509907573185,Product_050,2024-04-28,Normal
2024-04-29,155.9574755977615,Product_050,2024-05-05,BOGO
2024-05-06,309.3537442733312,Product_050,2024-05-12,BOGO
2024-05-13,147.93039392987183,Product_050,2024-05-19,Normal
2024-05-20,142.29862353850123,Product_050,2024-05-26,Normal
2024-05-27,147.97055517639993,Product_050,2024-06-02,Memorial Day
2024-06-03,148.07426631260452,Product_050,2024-06-09,Normal
2024-06-10,133.44241473598328,Product_050,2024-06-16,Normal
2024-06-17,134.37167525345325,Product_050,2024-06-23,Normal
2024-06-24,134.50732491377514,Product_050,2024-06-30,Normal
2024-07-01,134.1464238483278,Product_050,2024-07-07,Normal
2024-07-08,126.85376726584865,Product_050,2024-07-14,Normal
2024-07-15,128.01362972406406,Product_050,2024-07-21,Normal
2024-07-22,131.00560836095747,Product_050,2024-07-28,Normal
2024-07-29,130.59422982760677,Product_050,2024-08-04,Normal
2024-08-05,114.03479866229904,Product_050,2024-08-11,Disc_50
2024-08-12,117.31338820942432,Product_050,2024-08-18,Disc_50
2024-08-19,716.1088148708222,Product_050,2024-08-25,Normal
2024-08-26,121.66178835623566,Product_050,2024-09-01,Normal
2024-09-02,123.98032460168612,Product_050,2024-09-08,Normal
2024-09-09,119.17158106044882,Product_050,2024-09-15,Normal
2024-09-16,118.70079988928966,Product_050,2024-09-22,Normal
2024-09-23,119.87883199616404,Product_050,2024-09-29,Normal
2024-09-30,116.81880813385888,Product_050,2024-10-06,Normal
2024-10-07,118.58451265130697,Product_050,2024-10-13,Normal
2024-10-14,117.37434243420418,Product_050,2024-10-20,Normal
2024-10-21,119.32513218211348,Product_050,2024-10-27,Normal
2024-10-28,125.16475800956113,Product_050,2024-11-03,Normal
2024-11-04,124.85497986120274,Product_050,2024-11-10,Normal
2024-11-11,127.67469298192458,Product_050,2024-11-17,Normal
2024-11-18,531.3054983738688,Product_050,2024-11-24,Normal
2024-11-25,535.2754125654229,Product_050,2024-12-01,Black Friday
2024-12-02,134.38175064543734,Product_050,2024-12-08,Normal
2024-12-09,133.37337868218074,Product_050,2024-12-15,Normal
2024-12-16,144.59092358229896,Product_050,2024-12-22,Normal
2024-12-23,145.62994318313488,Product_050,2024-12-29,Normal
2024-12-30,146.25369854084497,Product_050,2025-01-05,Normal
2023-01-02,106.35502112467545,Product_051,2023-01-08,Normal
2023-01-09,113.59262349043966,Product_051,2023-01-15,Normal
2023-01-16,119.53624946990976,Product_051,2023-01-22,Normal
2023-01-23,117.6075185165047,Product_051,2023-01-29,Normal
2023-01-30,118.16412134398672,Product_051,2023-02-05,Normal
2023-02-06,124.63124748196743,Product_051,2023-02-12,Normal
2023-02-13,125.25765166403,Product_051,2023-02-19,Normal
2023-02-20,131.19744522299214,Product_051,2023-02-26,Normal
2023-02-27,128.50671456115592,Product_051,2023-03-05,Normal
2023-03-06,133.78000779665015,Product_051,2023-03-12,Normal
2023-03-13,135.3862492463942,Product_051,2023-03-19,Normal
2023-03-20,131.18440507800634,Product_051,2023-03-26,Normal
2023-03-27,139.20801403458296,Product_051,2023-04-02,Normal
2023-04-03,139.52162567493602,Product_051,2023-04-09,Normal
2023-04-10,142.07255192864648,Product_051,2023-04-16,Normal
2023-04-17,136.3075041180261,Product_051,2023-04-23,Normal
2023-04-24,137.9971720742535,Product_051,2023-04-30,Normal
2023-05-01,140.4459695675295,Product_051,2023-05-07,Normal
2023-05-08,135.12438779755354,Product_051,2023-05-14,Normal
2023-05-15,138.00761217657734,Product_051,2023-05-21,BOGO
2023-05-22,266.8835365408321,Product_051,2023-05-28,BOGO
2023-05-29,131.0197163813412,Product_051,2023-06-04,Memorial Day
2023-06-05,126.0982558844717,Product_051,2023-06-11,Normal
2023-06-12,134.1312243821833,Product_051,2023-06-18,Normal
2023-06-19,122.76522024413968,Product_051,2023-06-25,Normal
2023-06-26,129.08171698517276,Product_051,2023-07-02,Normal
2023-07-03,113.38181448786696,Product_051,2023-07-09,Normal
2023-07-10,122.11081144948568,Product_051,2023-07-16,Normal
2023-07-17,115.21112705816375,Product_051,2023-07-23,Normal
2023-07-24,97.69458360011636,Product_051,2023-07-30,Normal
2023-07-31,5.637442442217304,Product_051,2023-08-06,Normal
2023-08-07,106.52497483471856,Product_051,2023-08-13,Normal
2023-08-14,108.00317524744273,Product_051,2023-08-20,Normal
2023-08-21,101.82172489807702,Product_051,2023-08-27,Normal
2023-08-28,106.7741523309681,Product_051,2023-09-03,Normal
2023-09-04,100.34929912408192,Product_051,2023-09-10,Normal
2023-09-11,95.0694685158539,Product_051,2023-09-17,Normal
2023-09-18,97.79675177813006,Product_051,2023-09-24,Normal
2023-09-25,95.21059801363872,Product_051,2023-10-01,Normal
2023-10-02,92.0373428696922,Product_051,2023-10-08,Normal
2023-10-09,98.247613814061,Product_051,2023-10-15,Normal
2023-10-16,102.76398609514662,Product_051,2023-10-22,Normal
2023-10-23,93.11194866197047,Product_051,2023-10-29,Normal
2023-10-30,93.41866993639934,Product_051,2023-11-05,Normal
2023-11-06,107.7718491821135,Product_051,2023-11-12,Normal
2023-11-13,104.82997141094798,Product_051,2023-11-19,Normal
2023-11-20,436.115077459838,Product_051,2023-11-26,Black Friday
2023-11-27,446.3737042099797,Product_051,2023-12-03,Normal
2023-12-04,116.64105625583508,Product_051,2023-12-10,Normal
2023-12-11,123.11932497399393,Product_051,2023-12-17,Normal
2023-12-18,129.14692267802198,Product_051,2023-12-24,Normal
2023-12-25,122.65459107074064,Product_051,2023-12-31,Normal
2024-01-01,123.31455294844984,Product_051,2024-01-07,Normal
2024-01-08,132.99012114324591,Product_051,2024-01-14,Normal
2024-01-15,133.8117917390388,Product_051,2024-01-21,Normal
2024-01-22,139.6523251808282,Product_051,2024-01-28,Normal
2024-01-29,140.19668801418013,Product_051,2024-02-04,Normal
2024-02-05,142.7440542588299,Product_051,2024-02-11,Normal
2024-02-12,149.29667818813044,Product_051,2024-02-18,Normal
2024-02-19,145.6433054642812,Product_051,2024-02-25,Normal
2024-02-26,152.89087616555437,Product_051,2024-03-03,Normal
2024-03-04,154.30876646997123,Product_051,2024-03-10,Normal
2024-03-11,159.55478381740028,Product_051,2024-03-17,Normal
2024-03-18,153.28366708763707,Product_051,2024-03-24,Normal
2024-03-25,162.98195209511476,Product_051,2024-03-31,Normal
2024-04-01,158.68269714987105,Product_051,2024-04-07,Normal
2024-04-08,154.53398810877158,Product_051,2024-04-14,Normal
2024-04-15,160.417482821354,Product_051,2024-04-21,Normal
2024-04-22,158.40385362896325,Product_051,2024-04-28,Normal
2024-04-29,161.3101604203537,Product_051,2024-05-05,BOGO
2024-05-06,325.9594672891867,Product_051,2024-05-12,BOGO
2024-05-13,155.66842624894093,Product_051,2024-05-19,Normal
2024-05-20,156.1094546615498,Product_051,2024-05-26,Normal
2024-05-27,145.9178951167853,Product_051,2024-06-02,Memorial Day
2024-06-03,145.71684707706802,Product_051,2024-06-09,Normal
2024-06-10,147.17140611028535,Product_051,2024-06-16,Normal
2024-06-17,144.6606586187866,Product_051,2024-06-23,Normal
2024-06-24,144.25998525705154,Product_051,2024-06-30,Normal
2024-07-01,142.13418223728374,Product_051,2024-07-07,Normal
2024-07-08,136.9394025446587,Product_051,2024-07-14,Normal
2024-07-15,138.5352717355676,Product_051,2024-07-21,Normal
2024-07-22,137.57213944144812,Product_051,2024-07-28,Normal
2024-07-29,128.3956832044663,Product_051,2024-08-04,Normal
2024-08-05,125.22876090192656,Product_051,2024-08-11,Disc_50
2024-08-12,124.02239729894382,Product_051,2024-08-18,Disc_50
2024-08-19,722.6771119410697,Product_051,2024-08-25,Normal
2024-08-26,128.8825145605822,Product_051,2024-09-01,Normal
2024-09-02,120.90859651295924,Product_051,2024-09-08,Normal
2024-09-09,121.26941062295036,Product_051,2024-09-15,Normal
2024-09-16,116.38964492572568,Product_051,2024-09-22,Normal
2024-09-23,124.9661259624652,Product_051,2024-09-29,Normal
2024-09-30,123.79265296652824,Product_051,2024-10-06,Normal
2024-10-07,117.1105190254353,Product_051,2024-10-13,Normal
2024-10-14,121.49363626812897,Product_051,2024-10-20,Normal
2024-10-21,117.47412698842535,Product_051,2024-10-27,Normal
2024-10-28,127.6357912569498,Product_051,2024-11-03,Normal
2024-11-04,129.66890241089607,Product_051,2024-11-10,Normal
2024-11-11,137.254423129279,Product_051,2024-11-17,Normal
2024-11-18,499.3003966214379,Product_051,2024-11-24,Normal
2024-11-25,516.794441160852,Product_051,2024-12-01,Black Friday
2024-12-02,130.7715054986459,Product_051,2024-12-08,Normal
2024-12-09,140.34669225208953,Product_051,2024-12-15,Normal
2024-12-16,147.58208775065577,Product_051,2024-12-22,Normal
2024-12-23,142.09112676562845,Product_051,2024-12-29,Normal
2024-12-30,151.953751578011,Product_051,2025-01-05,Normal
2023-01-02,98.25824472510078,Product_052,2023-01-08,Normal
2023-01-09,104.54164580069362,Product_052,2023-01-15,Normal
2023-01-16,104.06817061079376,Product_052,2023-01-22,Normal
2023-01-23,110.54572650787858,Product_052,2023-01-29,Normal
2023-01-30,112.6579005300368,Product_052,2023-02-05,Normal
2023-02-06,113.43874144176682,Product_052,2023-02-12,Normal
2023-02-13,114.44421667464428,Product_052,2023-02-19,Normal
2023-02-20,121.2217069181472,Product_052,2023-02-26,Normal
2023-02-27,124.75923502199774,Product_052,2023-03-05,Normal
2023-03-06,133.38467239328884,Product_052,2023-03-12,Normal
2023-03-13,123.25195984283694,Product_052,2023-03-19,Normal
2023-03-20,122.47146386253677,Product_052,2023-03-26,Normal
2023-03-27,119.542065542066,Product_052,2023-04-02,Normal
2023-04-03,139.67885932665214,Product_052,2023-04-09,Normal
2023-04-10,129.9170171445784,Product_052,2023-04-16,Normal
2023-04-17,132.43298628805312,Product_052,2023-04-23,Normal
2023-04-24,122.6285406426408,Product_052,2023-04-30,Normal
2023-05-01,126.43313931788452,Product_052,2023-05-07,Normal
2023-05-08,128.56776311977393,Product_052,2023-05-14,Normal
2023-05-15,120.04441847707884,Product_052,2023-05-21,BOGO
2023-05-22,240.4048443004829,Product_052,2023-05-28,BOGO
2023-05-29,118.51931654231818,Product_052,2023-06-04,Memorial Day
2023-06-05,123.00986743890546,Product_052,2023-06-11,Normal
2023-06-12,118.22936847556056,Product_052,2023-06-18,Normal
2023-06-19,113.2033369394815,Product_052,2023-06-25,Normal
2023-06-26,110.17211416001288,Product_052,2023-07-02,Normal
2023-07-03,109.84483533049114,Product_052,2023-07-09,Normal
2023-07-10,107.28928449378624,Product_052,2023-07-16,Normal
2023-07-17,111.35455818495406,Product_052,2023-07-23,Normal
2023-07-24,99.84443382424058,Product_052,2023-07-30,Normal
2023-07-31,4.4277233150988895,Product_052,2023-08-06,Normal
2023-08-07,97.55455312728512,Product_052,2023-08-13,Normal
2023-08-14,90.02446812140812,Product_052,2023-08-20,Normal
2023-08-21,104.6741805267572,Product_052,2023-08-27,Normal
2023-08-28,85.69676892906902,Product_052,2023-09-03,Normal
2023-09-04,90.22083787491567,Product_052,2023-09-10,Normal
2023-09-11,95.20209197548672,Product_052,2023-09-17,Normal
2023-09-18,100.68281474748976,Product_052,2023-09-24,Normal
2023-09-25,90.5133328078685,Product_052,2023-10-01,Normal
2023-10-02,87.21312405948545,Product_052,2023-10-08,Normal
2023-10-09,97.59923205581404,Product_052,2023-10-15,Normal
2023-10-16,95.7859584892697,Product_052,2023-10-22,Normal
2023-10-23,93.03534527530702,Product_052,2023-10-29,Normal
2023-10-30,96.56961000870722,Product_052,2023-11-05,Normal
2023-11-06,99.50301073042355,Product_052,2023-11-12,Normal
2023-11-13,101.84669239742942,Product_052,2023-11-19,Normal
2023-11-20,404.8884370110342,Product_052,2023-11-26,Black Friday
2023-11-27,408.7291253521832,Product_052,2023-12-03,Normal
2023-12-04,116.5143815573919,Product_052,2023-12-10,Normal
2023-12-11,110.02492612660352,Product_052,2023-12-17,Normal
2023-12-18,116.50738571368798,Product_052,2023-12-24,Normal
2023-12-25,119.79260631884054,Product_052,2023-12-31,Normal
2024-01-01,120.83922327045607,Product_052,2024-01-07,Normal
2024-01-08,124.0179698036426,Product_052,2024-01-14,Normal
2024-01-15,127.82352770612228,Product_052,2024-01-21,Normal
2024-01-22,139.7772338597469,Product_052,2024-01-28,Normal
2024-01-29,133.87021450090188,Product_052,2024-02-04,Normal
2024-02-05,141.96920008714204,Product_052,2024-02-11,Normal
2024-02-12,140.8295999827746,Product_052,2024-02-18,Normal
2024-02-19,144.3657218387471,Product_052,2024-02-25,Normal
2024-02-26,142.52265895513645,Product_052,2024-03-03,Normal
2024-03-04,147.18378227664408,Product_052,2024-03-10,Normal
2024-03-11,149.99141710534064,Product_052,2024-03-17,Normal
2024-03-18,161.234114143102,Product_052,2024-03-24,Normal
2024-03-25,156.19145443564747,Product_052,2024-03-31,Normal
2024-04-01,155.82535199924405,Product_052,2024-04-07,Normal
2024-04-08,154.64969518991674,Product_052,2024-04-14,Normal
2024-04-15,154.7821201135461,Product_052,2024-04-21,Normal
2024-04-22,156.72867708595567,Product_052,2024-04-28,Normal
2024-04-29,153.02091427933033,Product_052,2024-05-05,BOGO
2024-05-06,324.7241222951541,Product_052,2024-05-12,BOGO
2024-05-13,147.64902497638712,Product_052,2024-05-19,Normal
2024-05-20,149.98143463047094,Product_052,2024-05-26,Normal
2024-05-27,148.50493511132302,Product_052,2024-06-02,Memorial Day
2024-06-03,144.90583023710812,Product_052,2024-06-09,Normal
2024-06-10,144.6575732019247,Product_052,2024-06-16,Normal
2024-06-17,137.94414989877964,Product_052,2024-06-23,Normal
2024-06-24,140.58086315109506,Product_052,2024-06-30,Normal
2024-07-01,137.5430723748827,Product_052,2024-07-07,Normal
2024-07-08,136.75610215830912,Product_052,2024-07-14,Normal
2024-07-15,131.01971361174648,Product_052,2024-07-21,Normal
2024-07-22,128.12069321624688,Product_052,2024-07-28,Normal
2024-07-29,123.89224343631705,Product_052,2024-08-04,Normal
2024-08-05,124.66285764736402,Product_052,2024-08-11,Disc_50
2024-08-12,127.21736561958438,Product_052,2024-08-18,Disc_50
2024-08-19,723.794853095161,Product_052,2024-08-25,Normal
2024-08-26,116.45078625687744,Product_052,2024-09-01,Normal
2024-09-02,128.1185397995937,Product_052,2024-09-08,Normal
2024-09-09,114.07008423585924,Product_052,2024-09-15,Normal
2024-09-16,113.34211934967718,Product_052,2024-09-22,Normal
2024-09-23,123.87018757059052,Product_052,2024-09-29,Normal
2024-09-30,117.53538489559229,Product_052,2024-10-06,Normal
2024-10-07,115.9971173311201,Product_052,2024-10-13,Normal
2024-10-14,120.06379848496871,Product_052,2024-10-20,Normal
2024-10-21,114.99497390042298,Product_052,2024-10-27,Normal
2024-10-28,129.66099885360478,Product_052,2024-11-03,Normal
2024-11-04,125.32305354295318,Product_052,2024-11-10,Normal
2024-11-11,129.6366037111694,Product_052,2024-11-17,Normal
2024-11-18,524.1977657858095,Product_052,2024-11-24,Normal
2024-11-25,543.0363817051465,Product_052,2024-12-01,Black Friday
2024-12-02,135.43745571912143,Product_052,2024-12-08,Normal
2024-12-09,151.60198470907713,Product_052,2024-12-15,Normal
2024-12-16,144.90085305849718,Product_052,2024-12-22,Normal
2024-12-23,143.94662835701206,Product_052,2024-12-29,Normal
2024-12-30,149.3792573219634,Product_052,2025-01-05,Normal
2023-01-02,104.7232954834547,Product_053,2023-01-08,Normal
2023-01-09,101.7653401540171,Product_053,2023-01-15,Normal
2023-01-16,100.67107246597595,Product_053,2023-01-22,Normal
2023-01-23,103.74635904947978,Product_053,2023-01-29,Normal
2023-01-30,107.87125371350056,Product_053,2023-02-05,Normal
2023-02-06,126.67996833941812,Product_053,2023-02-12,Normal
2023-02-13,120.1665799777775,Product_053,2023-02-19,Normal
2023-02-20,113.32826023142134,Product_053,2023-02-26,Normal
2023-02-27,119.10978704867904,Product_053,2023-03-05,Normal
2023-03-06,121.12454608307593,Product_053,2023-03-12,Normal
2023-03-13,119.06481445751292,Product_053,2023-03-19,Normal
2023-03-20,131.78703374847996,Product_053,2023-03-26,Normal
2023-03-27,120.32562954164176,Product_053,2023-04-02,Normal
2023-04-03,133.03687493533366,Product_053,2023-04-09,Normal
2023-04-10,127.11011643262108,Product_053,2023-04-16,Normal
2023-04-17,132.94651601958566,Product_053,2023-04-23,Normal
2023-04-24,117.98288045073198,Product_053,2023-04-30,Normal
2023-05-01,135.14348982845198,Product_053,2023-05-07,Normal
2023-05-08,122.91184262745324,Product_053,2023-05-14,Normal
2023-05-15,131.53678722404703,Product_053,2023-05-21,BOGO
2023-05-22,246.59124794406125,Product_053,2023-05-28,BOGO
2023-05-29,131.63289222124664,Product_053,2023-06-04,Memorial Day
2023-06-05,115.75194029550448,Product_053,2023-06-11,Normal
2023-06-12,117.43482150320293,Product_053,2023-06-18,Normal
2023-06-19,112.97304909894714,Product_053,2023-06-25,Normal
2023-06-26,110.2062556106555,Product_053,2023-07-02,Normal
2023-07-03,112.11220745604236,Product_053,2023-07-09,Normal
2023-07-10,108.6348198877617,Product_053,2023-07-16,Normal
2023-07-17,99.01276614281518,Product_053,2023-07-23,Normal
2023-07-24,108.06668333962608,Product_053,2023-07-30,Normal
2023-07-31,5.074556831108374,Product_053,2023-08-06,Normal
2023-08-07,102.4400502604016,Product_053,2023-08-13,Normal
2023-08-14,99.23746130418662,Product_053,2023-08-20,Normal
2023-08-21,92.28940671574496,Product_053,2023-08-27,Normal
2023-08-28,94.0889674281629,Product_053,2023-09-03,Normal
2023-09-04,82.40283009451119,Product_053,2023-09-10,Normal
2023-09-11,96.12594114497732,Product_053,2023-09-17,Normal
2023-09-18,89.5331075387844,Product_053,2023-09-24,Normal
2023-09-25,86.55807978282792,Product_053,2023-10-01,Normal
2023-10-02,86.19194338399143,Product_053,2023-10-08,Normal
2023-10-09,85.93788964409161,Product_053,2023-10-15,Normal
2023-10-16,98.08031782844384,Product_053,2023-10-22,Normal
2023-10-23,103.13531108154346,Product_053,2023-10-29,Normal
2023-10-30,100.4310754015406,Product_053,2023-11-05,Normal
2023-11-06,100.90428787720096,Product_053,2023-11-12,Normal
2023-11-13,107.01907817729912,Product_053,2023-11-19,Normal
2023-11-20,411.6069041527022,Product_053,2023-11-26,Black Friday
2023-11-27,445.3170565842138,Product_053,2023-12-03,Normal
2023-12-04,108.21935969295016,Product_053,2023-12-10,Normal
2023-12-11,111.680707562779,Product_053,2023-12-17,Normal
2023-12-18,118.73712878564784,Product_053,2023-12-24,Normal
2023-12-25,112.75568254531832,Product_053,2023-12-31,Normal
2024-01-01,130.47042018999537,Product_053,2024-01-07,Normal
2024-01-08,134.82004213938188,Product_053,2024-01-14,Normal
2024-01-15,130.89680318924678,Product_053,2024-01-21,Normal
2024-01-22,132.99094570500034,Product_053,2024-01-28,Normal
2024-01-29,131.57615075015767,Product_053,2024-02-04,Normal
2024-02-05,144.4723655076286,Product_053,2024-02-11,Normal
2024-02-12,140.62742956623944,Product_053,2024-02-18,Normal
2024-02-19,147.7015692634526,Product_053,2024-02-25,Normal
2024-02-26,147.9325962650219,Product_053,2024-03-03,Normal
2024-03-04,153.9698768209998,Product_053,2024-03-10,Normal
2024-03-11,155.17109640899517,Product_053,2024-03-17,Normal
2024-03-18,153.20568470232092,Product_053,2024-03-24,Normal
2024-03-25,154.9516313856193,Product_053,2024-03-31,Normal
2024-04-01,153.72021554879117,Product_053,2024-04-07,Normal
2024-04-08,153.01638338627745,Product_053,2024-04-14,Normal
2024-04-15,151.8238909298578,Product_053,2024-04-21,Normal
2024-04-22,150.055206771141,Product_053,2024-04-28,Normal
2024-04-29,154.26664451155256,Product_053,2024-05-05,BOGO
2024-05-06,316.11345453097414,Product_053,2024-05-12,BOGO
2024-05-13,149.25828056085774,Product_053,2024-05-19,Normal
2024-05-20,149.40791960885946,Product_053,2024-05-26,Normal
2024-05-27,150.79951563840558,Product_053,2024-06-02,Memorial Day
2024-06-03,150.28638088843397,Product_053,2024-06-09,Normal
2024-06-10,144.32084149106376,Product_053,2024-06-16,Normal
2024-06-17,140.39932259210295,Product_053,2024-06-23,Normal
2024-06-24,145.91534519760924,Product_053,2024-06-30,Normal
2024-07-01,134.49804754371218,Product_053,2024-07-07,Normal
2024-07-08,133.58589811388643,Product_053,2024-07-14,Normal
2024-07-15,124.26755697209532,Product_053,2024-07-21,Normal
2024-07-22,128.1947504127503,Product_053,2024-07-28,Normal
2024-07-29,117.20881512295976,Product_053,2024-08-04,Normal
2024-08-05,129.427658218006,Product_053,2024-08-11,Disc_50
2024-08-12,124.03238256704444,Product_053,2024-08-18,Disc_50
2024-08-19,723.4997184880184,Product_053,2024-08-25,Normal
2024-08-26,115.0648414063448,Product_053,2024-09-01,Normal
2024-09-02,116.60432985504649,Product_053,2024-09-08,Normal
2024-09-09,119.80712736282892,Product_053,2024-09-15,Normal
2024-09-16,118.67615282808065,Product_053,2024-09-22,Normal
2024-09-23,124.46043406853995,Product_053,2024-09-29,Normal
2024-09-30,116.26807918044648,Product_053,2024-10-06,Normal
2024-10-07,113.78635454982935,Product_053,2024-10-13,Normal
2024-10-14,126.7905809134588,Product_053,2024-10-20,Normal
2024-10-21,117.52783317807494,Product_053,2024-10-27,Normal
2024-10-28,130.03485137810276,Product_053,2024-11-03,Normal
2024-11-04,132.25661403892514,Product_053,2024-11-10,Normal
2024-11-11,130.47066094565014,Product_053,2024-11-17,Normal
2024-11-18,546.4035189284145,Product_053,2024-11-24,Normal
2024-11-25,534.5500568235933,Product_053,2024-12-01,Black Friday
2024-12-02,131.44368860263978,Product_053,2024-12-08,Normal
2024-12-09,143.4726194983135,Product_053,2024-12-15,Normal
2024-12-16,142.91240662142258,Product_053,2024-12-22,Normal
2024-12-23,145.20624847155878,Product_053,2024-12-29,Normal
2024-12-30,147.72008983586883,Product_053,2025-01-05,Normal
2023-01-02,81.0176853364529,Product_054,2023-01-08,Normal
2023-01-09,83.16127693984903,Product_054,2023-01-15,Normal
2023-01-16,94.34006241100964,Product_054,2023-01-22,Normal
2023-01-23,87.47091453055691,Product_054,2023-01-29,Normal
2023-01-30,93.64509404346497,Product_054,2023-02-05,Normal
2023-02-06,96.59792895107998,Product_054,2023-02-12,Normal
2023-02-13,98.55693043755456,Product_054,2023-02-19,Normal
2023-02-20,108.55917946244465,Product_054,2023-02-26,Normal
2023-02-27,100.52895349206918,Product_054,2023-03-05,Normal
2023-03-06,109.44544366955868,Product_054,2023-03-12,Normal
2023-03-13,102.6643970494674,Product_054,2023-03-19,Normal
2023-03-20,107.9075506058411,Product_054,2023-03-26,Normal
2023-03-27,117.25018029202316,Product_054,2023-04-02,Normal
2023-04-03,109.1663684068,Product_054,2023-04-09,Normal
2023-04-10,118.26881779774077,Product_054,2023-04-16,Normal
2023-04-17,118.8688585899368,Product_054,2023-04-23,Normal
2023-04-24,110.88111014898428,Product_054,2023-04-30,Normal
2023-05-01,121.13656195833296,Product_054,2023-05-07,Normal
2023-05-08,114.29852357688628,Product_054,2023-05-14,Normal
2023-05-15,110.3839510417056,Product_054,2023-05-21,BOGO
2023-05-22,221.0396921587019,Product_054,2023-05-28,BOGO
2023-05-29,111.05927751519182,Product_054,2023-06-04,Memorial Day
2023-06-05,109.01437450384898,Product_054,2023-06-11,Normal
2023-06-12,106.52998470311066,Product_054,2023-06-18,Normal
2023-06-19,106.67877347877103,Product_054,2023-06-25,Normal
2023-06-26,99.18925878430282,Product_054,2023-07-02,Normal
2023-07-03,98.11640554963864,Product_054,2023-07-09,Normal
2023-07-10,90.47325152667597,Product_054,2023-07-16,Normal
2023-07-17,91.97740816131493,Product_054,2023-07-23,Normal
2023-07-24,92.88325922009456,Product_054,2023-07-30,Normal
2023-07-31,4.438546274439154,Product_054,2023-08-06,Normal
2023-08-07,87.45666781510965,Product_054,2023-08-13,Normal
2023-08-14,85.76860747033123,Product_054,2023-08-20,Normal
2023-08-21,85.96179808614724,Product_054,2023-08-27,Normal
2023-08-28,80.3912725857744,Product_054,2023-09-03,Normal
2023-09-04,85.52363231802583,Product_054,2023-09-10,Normal
2023-09-11,85.2801063237427,Product_054,2023-09-17,Normal
2023-09-18,85.45933837820247,Product_054,2023-09-24,Normal
2023-09-25,74.72458059395811,Product_054,2023-10-01,Normal
2023-10-02,86.67041247447726,Product_054,2023-10-08,Normal
2023-10-09,83.64956519107496,Product_054,2023-10-15,Normal
2023-10-16,86.07430402298533,Product_054,2023-10-22,Normal
2023-10-23,79.5052144319762,Product_054,2023-10-29,Normal
2023-10-30,91.50944112075346,Product_054,2023-11-05,Normal
2023-11-06,89.15104922593659,Product_054,2023-11-12,Normal
2023-11-13,91.07053946667062,Product_054,2023-11-19,Normal
2023-11-20,384.4043177484901,Product_054,2023-11-26,Black Friday
2023-11-27,418.1643757918731,Product_054,2023-12-03,Normal
2023-12-04,97.785386277547,Product_054,2023-12-10,Normal
2023-12-11,101.20105608172044,Product_054,2023-12-17,Normal
2023-12-18,103.59051562497906,Product_054,2023-12-24,Normal
2023-12-25,104.84756815116329,Product_054,2023-12-31,Normal
2024-01-01,116.89016677514276,Product_054,2024-01-07,Normal
2024-01-08,121.08203748510468,Product_054,2024-01-14,Normal
2024-01-15,122.51126563562424,Product_054,2024-01-21,Normal
2024-01-22,119.98708865597892,Product_054,2024-01-28,Normal
2024-01-29,131.26872314699003,Product_054,2024-02-04,Normal
2024-02-05,136.8573882857566,Product_054,2024-02-11,Normal
2024-02-12,139.94550168126378,Product_054,2024-02-18,Normal
2024-02-19,142.86926068160096,Product_054,2024-02-25,Normal
2024-02-26,141.98233917293015,Product_054,2024-03-03,Normal
2024-03-04,139.20837293870187,Product_054,2024-03-10,Normal
2024-03-11,147.5071920151255,Product_054,2024-03-17,Normal
2024-03-18,147.4598263176857,Product_054,2024-03-24,Normal
2024-03-25,146.87602365041386,Product_054,2024-03-31,Normal
2024-04-01,146.59646039321052,Product_054,2024-04-07,Normal
2024-04-08,145.32283953611244,Product_054,2024-04-14,Normal
2024-04-15,146.8042704475631,Product_054,2024-04-21,Normal
2024-04-22,148.1283328044732,Product_054,2024-04-28,Normal
2024-04-29,157.19818628067333,Product_054,2024-05-05,BOGO
2024-05-06,311.2259518417183,Product_054,2024-05-12,BOGO
2024-05-13,145.6356204603023,Product_054,2024-05-19,Normal
2024-05-20,154.10431969164912,Product_054,2024-05-26,Normal
2024-05-27,144.83467355942355,Product_054,2024-06-02,Memorial Day
2024-06-03,145.7860182904405,Product_054,2024-06-09,Normal
2024-06-10,143.66435532302364,Product_054,2024-06-16,Normal
2024-06-17,136.9494207475592,Product_054,2024-06-23,Normal
2024-06-24,124.20261949272982,Product_054,2024-06-30,Normal
2024-07-01,133.2158346799392,Product_054,2024-07-07,Normal
2024-07-08,131.9609147041933,Product_054,2024-07-14,Normal
2024-07-15,128.11058619716368,Product_054,2024-07-21,Normal
2024-07-22,132.900138695868,Product_054,2024-07-28,Normal
2024-07-29,122.0333796468088,Product_054,2024-08-04,Normal
2024-08-05,117.94228288670956,Product_054,2024-08-11,Disc_50
2024-08-12,123.10028431687616,Product_054,2024-08-18,Disc_50
2024-08-19,711.3718073619206,Product_054,2024-08-25,Normal
2024-08-26,115.1286672069871,Product_054,2024-09-01,Normal
2024-09-02,115.15253356690724,Product_054,2024-09-08,Normal
2024-09-09,111.37169011190844,Product_054,2024-09-15,Normal
2024-09-16,115.30501338172134,Product_054,2024-09-22,Normal
2024-09-23,117.52256959099768,Product_054,2024-09-29,Normal
2024-09-30,119.79419204926442,Product_054,2024-10-06,Normal
2024-10-07,126.1124460413869,Product_054,2024-10-13,Normal
2024-10-14,122.0024064348182,Product_054,2024-10-20,Normal
2024-10-21,117.3533119084292,Product_054,2024-10-27,Normal
2024-10-28,127.28356418512314,Product_054,2024-11-03,Normal
2024-11-04,127.98751554871356,Product_054,2024-11-10,Normal
2024-11-11,128.75235211238044,Product_054,2024-11-17,Normal
2024-11-18,511.5439654430531,Product_054,2024-11-24,Normal
2024-11-25,528.788345202841,Product_054,2024-12-01,Black Friday
2024-12-02,135.19268515604568,Product_054,2024-12-08,Normal
2024-12-09,137.26966558604911,Product_054,2024-12-15,Normal
2024-12-16,150.15872187310674,Product_054,2024-12-22,Normal
2024-12-23,152.7354912138526,Product_054,2024-12-29,Normal
2024-12-30,149.12870712629407,Product_054,2025-01-05,Normal
2023-01-02,94.94272024667458,Product_055,2023-01-08,Normal
2023-01-09,94.54414914626818,Product_055,2023-01-15,Normal
2023-01-16,101.46222921948164,Product_055,2023-01-22,Normal
2023-01-23,103.92565748863576,Product_055,2023-01-29,Normal
2023-01-30,117.28027198492636,Product_055,2023-02-05,Normal
2023-02-06,106.9067615725899,Product_055,2023-02-12,Normal
2023-02-13,115.01433631502084,Product_055,2023-02-19,Normal
2023-02-20,112.80184207123251,Product_055,2023-02-26,Normal
2023-02-27,130.5320639930268,Product_055,2023-03-05,Normal
2023-03-06,121.26249586101169,Product_055,2023-03-12,Normal
2023-03-13,126.7036027503651,Product_055,2023-03-19,Normal
2023-03-20,118.22265594409492,Product_055,2023-03-26,Normal
2023-03-27,127.36778242436836,Product_055,2023-04-02,Normal
2023-04-03,119.75089289315947,Product_055,2023-04-09,Normal
2023-04-10,125.66788731779326,Product_055,2023-04-16,Normal
2023-04-17,128.43930411337473,Product_055,2023-04-23,Normal
2023-04-24,130.42486285963076,Product_055,2023-04-30,Normal
2023-05-01,134.9304596940155,Product_055,2023-05-07,Normal
2023-05-08,129.35422505993506,Product_055,2023-05-14,Normal
2023-05-15,122.72752869612818,Product_055,2023-05-21,BOGO
2023-05-22,232.75906827125937,Product_055,2023-05-28,BOGO
2023-05-29,115.69825058519868,Product_055,2023-06-04,Memorial Day
2023-06-05,110.33485883842252,Product_055,2023-06-11,Normal
2023-06-12,113.0861160101313,Product_055,2023-06-18,Normal
2023-06-19,115.81549047409544,Product_055,2023-06-25,Normal
2023-06-26,112.69006898226124,Product_055,2023-07-02,Normal
2023-07-03,108.60548538691528,Product_055,2023-07-09,Normal
2023-07-10,103.6864373613666,Product_055,2023-07-16,Normal
2023-07-17,103.29356528781162,Product_055,2023-07-23,Normal
2023-07-24,106.57016614092647,Product_055,2023-07-30,Normal
2023-07-31,5.090724010134215,Product_055,2023-08-06,Normal
2023-08-07,98.8956114562123,Product_055,2023-08-13,Normal
2023-08-14,93.85292229827118,Product_055,2023-08-20,Normal
2023-08-21,97.44974291878636,Product_055,2023-08-27,Normal
2023-08-28,86.34096684371673,Product_055,2023-09-03,Normal
2023-09-04,93.58970915133308,Product_055,2023-09-10,Normal
2023-09-11,91.89516607888302,Product_055,2023-09-17,Normal
2023-09-18,88.76153853774755,Product_055,2023-09-24,Normal
2023-09-25,94.50104219366126,Product_055,2023-10-01,Normal
2023-10-02,87.27972346919833,Product_055,2023-10-08,Normal
2023-10-09,96.3650163734563,Product_055,2023-10-15,Normal
2023-10-16,101.42625034021242,Product_055,2023-10-22,Normal
2023-10-23,97.74676758004568,Product_055,2023-10-29,Normal
2023-10-30,93.50818026951522,Product_055,2023-11-05,Normal
2023-11-06,89.23538561345757,Product_055,2023-11-12,Normal
2023-11-13,100.96240147852814,Product_055,2023-11-19,Normal
2023-11-20,392.50584080780754,Product_055,2023-11-26,Black Friday
2023-11-27,415.5910939272947,Product_055,2023-12-03,Normal
2023-12-04,101.54348772820204,Product_055,2023-12-10,Normal
2023-12-11,111.62342457845575,Product_055,2023-12-17,Normal
2023-12-18,115.0351849094955,Product_055,2023-12-24,Normal
2023-12-25,117.36190463001184,Product_055,2023-12-31,Normal
2024-01-01,124.00496707254422,Product_055,2024-01-07,Normal
2024-01-08,128.7276970689506,Product_055,2024-01-14,Normal
2024-01-15,127.31291755654748,Product_055,2024-01-21,Normal
2024-01-22,132.4648546996975,Product_055,2024-01-28,Normal
2024-01-29,137.43673122576212,Product_055,2024-02-04,Normal
2024-02-05,135.22598624191477,Product_055,2024-02-11,Normal
2024-02-12,136.5737601404044,Product_055,2024-02-18,Normal
2024-02-19,137.70162489607134,Product_055,2024-02-25,Normal
2024-02-26,144.24191675895423,Product_055,2024-03-03,Normal
2024-03-04,150.73681277504502,Product_055,2024-03-10,Normal
2024-03-11,149.8469144113431,Product_055,2024-03-17,Normal
2024-03-18,154.8223426262089,Product_055,2024-03-24,Normal
2024-03-25,156.95416020935207,Product_055,2024-03-31,Normal
2024-04-01,158.11370612119785,Product_055,2024-04-07,Normal
2024-04-08,153.25439240505054,Product_055,2024-04-14,Normal
2024-04-15,156.64049643546358,Product_055,2024-04-21,Normal
2024-04-22,149.7989483695218,Product_055,2024-04-28,Normal
2024-04-29,154.5940127022008,Product_055,2024-05-05,BOGO
2024-05-06,310.6990583296589,Product_055,2024-05-12,BOGO
2024-05-13,147.178364723982,Product_055,2024-05-19,Normal
2024-05-20,142.23887162214592,Product_055,2024-05-26,Normal
2024-05-27,146.86695694432834,Product_055,2024-06-02,Memorial Day
2024-06-03,149.44980687052558,Product_055,2024-06-09,Normal
2024-06-10,146.17627087999057,Product_055,2024-06-16,Normal
2024-06-17,135.07725700097868,Product_055,2024-06-23,Normal
2024-06-24,145.0659292684075,Product_055,2024-06-30,Normal
2024-07-01,140.32964995150323,Product_055,2024-07-07,Normal
2024-07-08,129.85567798183868,Product_055,2024-07-14,Normal
2024-07-15,133.04845370755385,Product_055,2024-07-21,Normal
2024-07-22,136.8503876668786,Product_055,2024-07-28,Normal
2024-07-29,125.40943029371994,Product_055,2024-08-04,Normal
2024-08-05,130.69751639840388,Product_055,2024-08-11,Disc_50
2024-08-12,122.28494559583754,Product_055,2024-08-18,Disc_50
2024-08-19,720.698428089887,Product_055,2024-08-25,Normal
2024-08-26,116.28681813467844,Product_055,2024-09-01,Normal
2024-09-02,123.61151955484084,Product_055,2024-09-08,Normal
2024-09-09,113.44492299938578,Product_055,2024-09-15,Normal
2024-09-16,117.36376780769876,Product_055,2024-09-22,Normal
2024-09-23,118.41266541429484,Product_055,2024-09-29,Normal
2024-09-30,121.11650883439889,Product_055,2024-10-06,Normal
2024-10-07,118.32346957904986,Product_055,2024-10-13,Normal
2024-10-14,124.43642829463715,Product_055,2024-10-20,Normal
2024-10-21,122.02334085705508,Product_055,2024-10-27,Normal
2024-10-28,119.64804011125476,Product_055,2024-11-03,Normal
2024-11-04,120.91032668917002,Product_055,2024-11-10,Normal
2024-11-11,127.57937395418908,Product_055,2024-11-17,Normal
2024-11-18,519.7415883107442,Product_055,2024-11-24,Normal
2024-11-25,547.684177517792,Product_055,2024-12-01,Black Friday
2024-12-02,127.9776804893144,Product_055,2024-12-08,Normal
2024-12-09,143.29659524192206,Product_055,2024-12-15,Normal
2024-12-16,147.227291017899,Product_055,2024-12-22,Normal
2024-12-23,146.33221085044437,Product_055,2024-12-29,Normal
2024-12-30,154.7035131857914,Product_055,2025-01-05,Normal
2023-01-02,98.21260793556092,Product_056,2023-01-08,Normal
2023-01-09,95.09004566253888,Product_056,2023-01-15,Normal
2023-01-16,108.48641885010402,Product_056,2023-01-22,Normal
2023-01-23,113.72612250490234,Product_056,2023-01-29,Normal
2023-01-30,116.859737219723,Product_056,2023-02-05,Normal
2023-02-06,117.31696892794064,Product_056,2023-02-12,Normal
2023-02-13,125.25592946054483,Product_056,2023-02-19,Normal
2023-02-20,117.28266710347188,Product_056,2023-02-26,Normal
2023-02-27,122.45900472551172,Product_056,2023-03-05,Normal
2023-03-06,127.74487889837752,Product_056,2023-03-12,Normal
2023-03-13,129.5258256895499,Product_056,2023-03-19,Normal
2023-03-20,125.5409088667397,Product_056,2023-03-26,Normal
2023-03-27,135.86615201801683,Product_056,2023-04-02,Normal
2023-04-03,129.26845185392528,Product_056,2023-04-09,Normal
2023-04-10,130.60536316542127,Product_056,2023-04-16,Normal
2023-04-17,134.01799789453923,Product_056,2023-04-23,Normal
2023-04-24,132.88040290074753,Product_056,2023-04-30,Normal
2023-05-01,128.66539654285324,Product_056,2023-05-07,Normal
2023-05-08,129.7411769429678,Product_056,2023-05-14,Normal
2023-05-15,131.2775236033116,Product_056,2023-05-21,BOGO
2023-05-22,262.12242907575023,Product_056,2023-05-28,BOGO
2023-05-29,121.23343839920864,Product_056,2023-06-04,Memorial Day
2023-06-05,120.135560349862,Product_056,2023-06-11,Normal
2023-06-12,130.79372510684277,Product_056,2023-06-18,Normal
2023-06-19,117.76741242213625,Product_056,2023-06-25,Normal
2023-06-26,124.00678804737863,Product_056,2023-07-02,Normal
2023-07-03,120.04536308583776,Product_056,2023-07-09,Normal
2023-07-10,115.6867469105514,Product_056,2023-07-16,Normal
2023-07-17,104.58629000439517,Product_056,2023-07-23,Normal
2023-07-24,109.150524163681,Product_056,2023-07-30,Normal
2023-07-31,5.231204258589983,Product_056,2023-08-06,Normal
2023-08-07,95.3010002141354,Product_056,2023-08-13,Normal
2023-08-14,99.83569071533522,Product_056,2023-08-20,Normal
2023-08-21,93.51054860602564,Product_056,2023-08-27,Normal
2023-08-28,91.25029662610538,Product_056,2023-09-03,Normal
2023-09-04,97.61422936126284,Product_056,2023-09-10,Normal
2023-09-11,92.82269928510068,Product_056,2023-09-17,Normal
2023-09-18,95.41518721575586,Product_056,2023-09-24,Normal
2023-09-25,95.96767985108195,Product_056,2023-10-01,Normal
2023-10-02,97.12943275111397,Product_056,2023-10-08,Normal
2023-10-09,93.91634655873618,Product_056,2023-10-15,Normal
2023-10-16,94.08443456940115,Product_056,2023-10-22,Normal
2023-10-23,100.79084152149544,Product_056,2023-10-29,Normal
2023-10-30,99.06213909360233,Product_056,2023-11-05,Normal
2023-11-06,98.13053286305993,Product_056,2023-11-12,Normal
2023-11-13,101.59024437099735,Product_056,2023-11-19,Normal
2023-11-20,417.29277235170457,Product_056,2023-11-26,Black Friday
2023-11-27,407.3645018814786,Product_056,2023-12-03,Normal
2023-12-04,113.695853595827,Product_056,2023-12-10,Normal
2023-12-11,115.55428916767542,Product_056,2023-12-17,Normal
2023-12-18,110.21996968201113,Product_056,2023-12-24,Normal
2023-12-25,120.25011012756389,Product_056,2023-12-31,Normal
2024-01-01,131.03002117064648,Product_056,2024-01-07,Normal
2024-01-08,129.7070445467903,Product_056,2024-01-14,Normal
2024-01-15,128.97166319721674,Product_056,2024-01-21,Normal
2024-01-22,137.68046240784645,Product_056,2024-01-28,Normal
2024-01-29,133.1788203535582,Product_056,2024-02-04,Normal
2024-02-05,133.16770876809954,Product_056,2024-02-11,Normal
2024-02-12,144.05730973833008,Product_056,2024-02-18,Normal
2024-02-19,139.3282752985599,Product_056,2024-02-25,Normal
2024-02-26,142.12460953909994,Product_056,2024-03-03,Normal
2024-03-04,155.8129607472888,Product_056,2024-03-10,Normal
2024-03-11,148.3602751248151,Product_056,2024-03-17,Normal
2024-03-18,149.08453442615095,Product_056,2024-03-24,Normal
2024-03-25,166.0952732430037,Product_056,2024-03-31,Normal
2024-04-01,159.38694632507685,Product_056,2024-04-07,Normal
2024-04-08,162.9519702401218,Product_056,2024-04-14,Normal
2024-04-15,155.36607132826475,Product_056,2024-04-21,Normal
2024-04-22,155.5609550371157,Product_056,2024-04-28,Normal
2024-04-29,156.40746187198303,Product_056,2024-05-05,BOGO
2024-05-06,334.27592443425937,Product_056,2024-05-12,BOGO
2024-05-13,151.16038020183524,Product_056,2024-05-19,Normal
2024-05-20,149.0159299370877,Product_056,2024-05-26,Normal
2024-05-27,147.6050056234429,Product_056,2024-06-02,Memorial Day
2024-06-03,152.25256700055547,Product_056,2024-06-09,Normal
2024-06-10,140.12114121821892,Product_056,2024-06-16,Normal
2024-06-17,142.95129332136602,Product_056,2024-06-23,Normal
2024-06-24,137.8223915091529,Product_056,2024-06-30,Normal
2024-07-01,135.57737678175562,Product_056,2024-07-07,Normal
2024-07-08,140.80598740851937,Product_056,2024-07-14,Normal
2024-07-15,127.15501177324036,Product_056,2024-07-21,Normal
2024-07-22,128.8963477039705,Product_056,2024-07-28,Normal
2024-07-29,133.3418954440669,Product_056,2024-08-04,Normal
2024-08-05,122.79005457651851,Product_056,2024-08-11,Disc_50
2024-08-12,121.10778105754324,Product_056,2024-08-18,Disc_50
2024-08-19,722.4128556069898,Product_056,2024-08-25,Normal
2024-08-26,128.72548489382768,Product_056,2024-09-01,Normal
2024-09-02,116.69719830539626,Product_056,2024-09-08,Normal
2024-09-09,123.092678246314,Product_056,2024-09-15,Normal
2024-09-16,121.92308990000922,Product_056,2024-09-22,Normal
2024-09-23,119.34126697816905,Product_056,2024-09-29,Normal
2024-09-30,110.4356156938737,Product_056,2024-10-06,Normal
2024-10-07,116.79028386416276,Product_056,2024-10-13,Normal
2024-10-14,124.146989711421,Product_056,2024-10-20,Normal
2024-10-21,128.0970653792941,Product_056,2024-10-27,Normal
2024-10-28,135.0967415423995,Product_056,2024-11-03,Normal
2024-11-04,122.9928841356003,Product_056,2024-11-10,Normal
2024-11-11,133.89167872853062,Product_056,2024-11-17,Normal
2024-11-18,481.4312669779021,Product_056,2024-11-24,Normal
2024-11-25,518.2741974301953,Product_056,2024-12-01,Black Friday
2024-12-02,142.82133859656298,Product_056,2024-12-08,Normal
2024-12-09,144.62938253581763,Product_056,2024-12-15,Normal
2024-12-16,142.61571845089074,Product_056,2024-12-22,Normal
2024-12-23,141.4759493432713,Product_056,2024-12-29,Normal
2024-12-30,151.0474922166656,Product_056,2025-01-05,Normal
2023-01-02,96.983083692483,Product_057,2023-01-08,Normal
2023-01-09,92.63756324720433,Product_057,2023-01-15,Normal
2023-01-16,93.88045626762204,Product_057,2023-01-22,Normal
2023-01-23,105.57382718907114,Product_057,2023-01-29,Normal
2023-01-30,101.33305943357422,Product_057,2023-02-05,Normal
2023-02-06,107.9698163481794,Product_057,2023-02-12,Normal
2023-02-13,109.06944372377488,Product_057,2023-02-19,Normal
2023-02-20,115.21843162788588,Product_057,2023-02-26,Normal
2023-02-27,113.95005493361109,Product_057,2023-03-05,Normal
2023-03-06,114.96147490291848,Product_057,2023-03-12,Normal
2023-03-13,126.90245332438953,Product_057,2023-03-19,Normal
2023-03-20,129.0829644833188,Product_057,2023-03-26,Normal
2023-03-27,128.91496382842425,Product_057,2023-04-02,Normal
2023-04-03,131.21792992791885,Product_057,2023-04-09,Normal
2023-04-10,120.0190766732822,Product_057,2023-04-16,Normal
2023-04-17,118.6428060045144,Product_057,2023-04-23,Normal
2023-04-24,123.49275360473229,Product_057,2023-04-30,Normal
2023-05-01,128.9393646792347,Product_057,2023-05-07,Normal
2023-05-08,123.4369690169538,Product_057,2023-05-14,Normal
2023-05-15,129.23421463427138,Product_057,2023-05-21,BOGO
2023-05-22,235.78788605723196,Product_057,2023-05-28,BOGO
2023-05-29,117.0620545546678,Product_057,2023-06-04,Memorial Day
2023-06-05,119.29171582099104,Product_057,2023-06-11,Normal
2023-06-12,109.803957019585,Product_057,2023-06-18,Normal
2023-06-19,114.39999367666982,Product_057,2023-06-25,Normal
2023-06-26,109.32130638012995,Product_057,2023-07-02,Normal
2023-07-03,96.42831317392331,Product_057,2023-07-09,Normal
2023-07-10,98.0639841595575,Product_057,2023-07-16,Normal
2023-07-17,104.4782555487933,Product_057,2023-07-23,Normal
2023-07-24,99.350643628987,Product_057,2023-07-30,Normal
2023-07-31,4.970067127850331,Product_057,2023-08-06,Normal
2023-08-07,96.93506297211096,Product_057,2023-08-13,Normal
2023-08-14,95.09697672973856,Product_057,2023-08-20,Normal
2023-08-21,92.32960399059702,Product_057,2023-08-27,Normal
2023-08-28,89.96316316933816,Product_057,2023-09-03,Normal
2023-09-04,89.39899778932718,Product_057,2023-09-10,Normal
2023-09-11,91.60559006354224,Product_057,2023-09-17,Normal
2023-09-18,86.72594800012783,Product_057,2023-09-24,Normal
2023-09-25,94.99781385849568,Product_057,2023-10-01,Normal
2023-10-02,90.86131869869035,Product_057,2023-10-08,Normal
2023-10-09,86.25701996505221,Product_057,2023-10-15,Normal
2023-10-16,83.86577429731591,Product_057,2023-10-22,Normal
2023-10-23,94.45606420163875,Product_057,2023-10-29,Normal
2023-10-30,92.4036451288349,Product_057,2023-11-05,Normal
2023-11-06,87.02761957222539,Product_057,2023-11-12,Normal
2023-11-13,101.95253549848984,Product_057,2023-11-19,Normal
2023-11-20,420.02538650830775,Product_057,2023-11-26,Black Friday
2023-11-27,433.75433116473425,Product_057,2023-12-03,Normal
2023-12-04,111.40316563703384,Product_057,2023-12-10,Normal
2023-12-11,117.54137739058612,Product_057,2023-12-17,Normal
2023-12-18,115.56230850586434,Product_057,2023-12-24,Normal
2023-12-25,116.24451166901773,Product_057,2023-12-31,Normal
2024-01-01,122.02997586951552,Product_057,2024-01-07,Normal
2024-01-08,124.7592072641384,Product_057,2024-01-14,Normal
2024-01-15,122.4111197951841,Product_057,2024-01-21,Normal
2024-01-22,127.35906529753876,Product_057,2024-01-28,Normal
2024-01-29,136.04157030029424,Product_057,2024-02-04,Normal
2024-02-05,136.5442857256961,Product_057,2024-02-11,Normal
2024-02-12,143.23774052127595,Product_057,2024-02-18,Normal
2024-02-19,140.45716723025762,Product_057,2024-02-25,Normal
2024-02-26,136.87846366306266,Product_057,2024-03-03,Normal
2024-03-04,146.560812768203,Product_057,2024-03-10,Normal
2024-03-11,155.16281710046323,Product_057,2024-03-17,Normal
2024-03-18,148.3196354100638,Product_057,2024-03-24,Normal
2024-03-25,153.17651563794732,Product_057,2024-03-31,Normal
2024-04-01,149.35175322314748,Product_057,2024-04-07,Normal
2024-04-08,151.32463701269984,Product_057,2024-04-14,Normal
2024-04-15,147.89025700479482,Product_057,2024-04-21,Normal
2024-04-22,147.1983846996581,Product_057,2024-04-28,Normal
2024-04-29,150.44708010225304,Product_057,2024-05-05,BOGO
2024-05-06,312.29926892151565,Product_057,2024-05-12,BOGO
2024-05-13,151.77706905373162,Product_057,2024-05-19,Normal
2024-05-20,138.3908157728816,Product_057,2024-05-26,Normal
2024-05-27,149.67252577221518,Product_057,2024-06-02,Memorial Day
2024-06-03,147.99707737119098,Product_057,2024-06-09,Normal
2024-06-10,138.21720209535823,Product_057,2024-06-16,Normal
2024-06-17,138.80350822589548,Product_057,2024-06-23,Normal
2024-06-24,135.36420622885254,Product_057,2024-06-30,Normal
2024-07-01,135.94801179021363,Product_057,2024-07-07,Normal
2024-07-08,134.01723899289055,Product_057,2024-07-14,Normal
2024-07-15,134.8200751199876,Product_057,2024-07-21,Normal
2024-07-22,127.21253863793277,Product_057,2024-07-28,Normal
2024-07-29,123.50153310534166,Product_057,2024-08-04,Normal
2024-08-05,121.88106344478786,Product_057,2024-08-11,Disc_50
2024-08-12,130.7831027958397,Product_057,2024-08-18,Disc_50
2024-08-19,721.0827903948751,Product_057,2024-08-25,Normal
2024-08-26,114.992243638922,Product_057,2024-09-01,Normal
2024-09-02,118.20423778353592,Product_057,2024-09-08,Normal
2024-09-09,117.01716546379186,Product_057,2024-09-15,Normal
2024-09-16,114.34405078529514,Product_057,2024-09-22,Normal
2024-09-23,118.63175263850935,Product_057,2024-09-29,Normal
2024-09-30,121.02214861750112,Product_057,2024-10-06,Normal
2024-10-07,116.82131778613498,Product_057,2024-10-13,Normal
2024-10-14,114.82169511106746,Product_057,2024-10-20,Normal
2024-10-21,118.18579316997742,Product_057,2024-10-27,Normal
2024-10-28,120.99141107606007,Product_057,2024-11-03,Normal
2024-11-04,123.34558867256084,Product_057,2024-11-10,Normal
2024-11-11,121.99820705728928,Product_057,2024-11-17,Normal
2024-11-18,536.849045170464,Product_057,2024-11-24,Normal
2024-11-25,522.2543167311856,Product_057,2024-12-01,Black Friday
2024-12-02,144.02620293490446,Product_057,2024-12-08,Normal
2024-12-09,139.3191674250614,Product_057,2024-12-15,Normal
2024-12-16,138.0834648225561,Product_057,2024-12-22,Normal
2024-12-23,147.52474198690834,Product_057,2024-12-29,Normal
2024-12-30,146.66618921259098,Product_057,2025-01-05,Normal
2023-01-02,98.29522580146556,Product_058,2023-01-08,Normal
2023-01-09,99.3225250853764,Product_058,2023-01-15,Normal
2023-01-16,114.25012921721957,Product_058,2023-01-22,Normal
2023-01-23,108.00783085145044,Product_058,2023-01-29,Normal
2023-01-30,112.93579379488902,Product_058,2023-02-05,Normal
2023-02-06,111.0810594802878,Product_058,2023-02-12,Normal
2023-02-13,126.78150042578405,Product_058,2023-02-19,Normal
2023-02-20,120.35334066833865,Product_058,2023-02-26,Normal
2023-02-27,129.39566354210984,Product_058,2023-03-05,Normal
2023-03-06,127.41532599193302,Product_058,2023-03-12,Normal
2023-03-13,133.06315445171455,Product_058,2023-03-19,Normal
2023-03-20,134.00215141689495,Product_058,2023-03-26,Normal
2023-03-27,144.0533012515231,Product_058,2023-04-02,Normal
2023-04-03,131.26441882901818,Product_058,2023-04-09,Normal
2023-04-10,128.67583898684694,Product_058,2023-04-16,Normal
2023-04-17,138.43951909537654,Product_058,2023-04-23,Normal
2023-04-24,136.1170335714174,Product_058,2023-04-30,Normal
2023-05-01,127.51780531162188,Product_058,2023-05-07,Normal
2023-05-08,124.67195737229244,Product_058,2023-05-14,Normal
2023-05-15,123.4650576396238,Product_058,2023-05-21,BOGO
2023-05-22,238.17401712596953,Product_058,2023-05-28,BOGO
2023-05-29,125.10217343533871,Product_058,2023-06-04,Memorial Day
2023-06-05,119.36459683200556,Product_058,2023-06-11,Normal
2023-06-12,119.25634863641882,Product_058,2023-06-18,Normal
2023-06-19,118.83077316630964,Product_058,2023-06-25,Normal
2023-06-26,127.749346342695,Product_058,2023-07-02,Normal
2023-07-03,114.85940909254786,Product_058,2023-07-09,Normal
2023-07-10,115.88926134125148,Product_058,2023-07-16,Normal
2023-07-17,107.29042921603936,Product_058,2023-07-23,Normal
2023-07-24,111.2177785753434,Product_058,2023-07-30,Normal
2023-07-31,5.145722533858635,Product_058,2023-08-06,Normal
2023-08-07,100.23722610948997,Product_058,2023-08-13,Normal
2023-08-14,94.9725961820948,Product_058,2023-08-20,Normal
2023-08-21,99.06873043697884,Product_058,2023-08-27,Normal
2023-08-28,101.14747626922048,Product_058,2023-09-03,Normal
2023-09-04,90.95720324848872,Product_058,2023-09-10,Normal
2023-09-11,94.29689509533064,Product_058,2023-09-17,Normal
2023-09-18,101.10910886591968,Product_058,2023-09-24,Normal
2023-09-25,96.25099436503557,Product_058,2023-10-01,Normal
2023-10-02,95.81955194994812,Product_058,2023-10-08,Normal
2023-10-09,99.60089320303275,Product_058,2023-10-15,Normal
2023-10-16,98.98783564419251,Product_058,2023-10-22,Normal
2023-10-23,99.49188258858196,Product_058,2023-10-29,Normal
2023-10-30,99.60696891623834,Product_058,2023-11-05,Normal
2023-11-06,97.8484260357961,Product_058,2023-11-12,Normal
2023-11-13,109.1026773631324,Product_058,2023-11-19,Normal
2023-11-20,444.7576439275137,Product_058,2023-11-26,Black Friday
2023-11-27,437.6896223542882,Product_058,2023-12-03,Normal
2023-12-04,113.44743658153966,Product_058,2023-12-10,Normal
2023-12-11,121.3887686447361,Product_058,2023-12-17,Normal
2023-12-18,118.07984560531544,Product_058,2023-12-24,Normal
2023-12-25,119.52884044897398,Product_058,2023-12-31,Normal
2024-01-01,126.77162319940264,Product_058,2024-01-07,Normal
2024-01-08,125.4714515981408,Product_058,2024-01-14,Normal
2024-01-15,126.3851429955342,Product_058,2024-01-21,Normal
2024-01-22,133.52590574768237,Product_058,2024-01-28,Normal
2024-01-29,142.40863810211113,Product_058,2024-02-04,Normal
2024-02-05,150.42413144028006,Product_058,2024-02-11,Normal
2024-02-12,142.40959424407788,Product_058,2024-02-18,Normal
2024-02-19,148.703100280328,Product_058,2024-02-25,Normal
2024-02-26,145.53085140156648,Product_058,2024-03-03,Normal
2024-03-04,145.5499623191235,Product_058,2024-03-10,Normal
2024-03-11,155.70418875263445,Product_058,2024-03-17,Normal
2024-03-18,152.8866066175414,Product_058,2024-03-24,Normal
2024-03-25,158.56155439792397,Product_058,2024-03-31,Normal
2024-04-01,158.334732034859,Product_058,2024-04-07,Normal
2024-04-08,152.18675560494955,Product_058,2024-04-14,Normal
2024-04-15,152.68892345103563,Product_058,2024-04-21,Normal
2024-04-22,152.6608683431687,Product_058,2024-04-28,Normal
2024-04-29,156.2222825526031,Product_058,2024-05-05,BOGO
2024-05-06,338.5427495477931,Product_058,2024-05-12,BOGO
2024-05-13,160.62201001371952,Product_058,2024-05-19,Normal
2024-05-20,146.9013642516965,Product_058,2024-05-26,Normal
2024-05-27,155.04471044514628,Product_058,2024-06-02,Memorial Day
2024-06-03,149.180615293776,Product_058,2024-06-09,Normal
2024-06-10,150.78190960528772,Product_058,2024-06-16,Normal
2024-06-17,147.848259479508,Product_058,2024-06-23,Normal
2024-06-24,140.82592757734827,Product_058,2024-06-30,Normal
2024-07-01,138.52550826261012,Product_058,2024-07-07,Normal
2024-07-08,145.3286177363869,Product_058,2024-07-14,Normal
2024-07-15,130.88315566648302,Product_058,2024-07-21,Normal
2024-07-22,129.94739521527794,Product_058,2024-07-28,Normal
2024-07-29,134.24264784246253,Product_058,2024-08-04,Normal
2024-08-05,127.07618098685458,Product_058,2024-08-11,Disc_50
2024-08-12,125.6755392632866,Product_058,2024-08-18,Disc_50
2024-08-19,723.8375173161949,Product_058,2024-08-25,Normal
2024-08-26,123.2138219347969,Product_058,2024-09-01,Normal
2024-09-02,116.04238587022164,Product_058,2024-09-08,Normal
2024-09-09,119.69460144451476,Product_058,2024-09-15,Normal
2024-09-16,116.77187836892588,Product_058,2024-09-22,Normal
2024-09-23,120.3175309846798,Product_058,2024-09-29,Normal
2024-09-30,115.93614925189884,Product_058,2024-10-06,Normal
2024-10-07,115.04162281474738,Product_058,2024-10-13,Normal
2024-10-14,121.0966115667955,Product_058,2024-10-20,Normal
2024-10-21,118.16525585985153,Product_058,2024-10-27,Normal
2024-10-28,125.17684911304362,Product_058,2024-11-03,Normal
2024-11-04,125.90720210280674,Product_058,2024-11-10,Normal
2024-11-11,130.96203137689338,Product_058,2024-11-17,Normal
2024-11-18,506.9046577182776,Product_058,2024-11-24,Normal
2024-11-25,523.8340795023223,Product_058,2024-12-01,Black Friday
2024-12-02,139.0594370009183,Product_058,2024-12-08,Normal
2024-12-09,136.90847792285007,Product_058,2024-12-15,Normal
2024-12-16,134.96997610335296,Product_058,2024-12-22,Normal
2024-12-23,147.22913545481424,Product_058,2024-12-29,Normal
2024-12-30,150.4030489878759,Product_058,2025-01-05,Normal
2023-01-02,79.0239403035097,Product_059,2023-01-08,Normal
2023-01-09,89.6153443169389,Product_059,2023-01-15,Normal
2023-01-16,87.20005879730441,Product_059,2023-01-22,Normal
2023-01-23,90.94681948412692,Product_059,2023-01-29,Normal
2023-01-30,102.74474001101264,Product_059,2023-02-05,Normal
2023-02-06,101.60848193308584,Product_059,2023-02-12,Normal
2023-02-13,102.92630205399068,Product_059,2023-02-19,Normal
2023-02-20,101.38067141088402,Product_059,2023-02-26,Normal
2023-02-27,107.24902302228791,Product_059,2023-03-05,Normal
2023-03-06,111.57683880390672,Product_059,2023-03-12,Normal
2023-03-13,114.9865524833025,Product_059,2023-03-19,Normal
2023-03-20,115.86124115730988,Product_059,2023-03-26,Normal
2023-03-27,119.0650254422094,Product_059,2023-04-02,Normal
2023-04-03,116.913728412753,Product_059,2023-04-09,Normal
2023-04-10,117.76193749551,Product_059,2023-04-16,Normal
2023-04-17,116.95570078406132,Product_059,2023-04-23,Normal
2023-04-24,123.92094617118548,Product_059,2023-04-30,Normal
2023-05-01,113.24006756318909,Product_059,2023-05-07,Normal
2023-05-08,115.93093403639024,Product_059,2023-05-14,Normal
2023-05-15,113.96834000797304,Product_059,2023-05-21,BOGO
2023-05-22,239.9539230051982,Product_059,2023-05-28,BOGO
2023-05-29,117.41040621649796,Product_059,2023-06-04,Memorial Day
2023-06-05,105.55192318093576,Product_059,2023-06-11,Normal
2023-06-12,113.00805941434332,Product_059,2023-06-18,Normal
2023-06-19,104.35596238821164,Product_059,2023-06-25,Normal
2023-06-26,101.48392627096098,Product_059,2023-07-02,Normal
2023-07-03,97.2740854781088,Product_059,2023-07-09,Normal
2023-07-10,105.102589847716,Product_059,2023-07-16,Normal
2023-07-17,93.63179530267612,Product_059,2023-07-23,Normal
2023-07-24,96.07609401500967,Product_059,2023-07-30,Normal
2023-07-31,4.807275484557119,Product_059,2023-08-06,Normal
2023-08-07,84.19309169305535,Product_059,2023-08-13,Normal
2023-08-14,83.37047572613423,Product_059,2023-08-20,Normal
2023-08-21,88.17473413290254,Product_059,2023-08-27,Normal
2023-08-28,80.73590905903727,Product_059,2023-09-03,Normal
2023-09-04,88.46474871516283,Product_059,2023-09-10,Normal
2023-09-11,77.13201458209694,Product_059,2023-09-17,Normal
2023-09-18,83.79668217664926,Product_059,2023-09-24,Normal
2023-09-25,89.04278521874693,Product_059,2023-10-01,Normal
2023-10-02,82.10857920081864,Product_059,2023-10-08,Normal
2023-10-09,84.90036068903099,Product_059,2023-10-15,Normal
2023-10-16,85.5815792765991,Product_059,2023-10-22,Normal
2023-10-23,87.80423274149062,Product_059,2023-10-29,Normal
2023-10-30,88.13420362017742,Product_059,2023-11-05,Normal
2023-11-06,88.34735651604281,Product_059,2023-11-12,Normal
2023-11-13,94.5801831213558,Product_059,2023-11-19,Normal
2023-11-20,395.1971795195304,Product_059,2023-11-26,Black Friday
2023-11-27,386.2973509843859,Product_059,2023-12-03,Normal
2023-12-04,101.05905450257843,Product_059,2023-12-10,Normal
2023-12-11,99.81325029781186,Product_059,2023-12-17,Normal
2023-12-18,110.4102717126664,Product_059,2023-12-24,Normal
2023-12-25,113.64115228608316,Product_059,2023-12-31,Normal
2024-01-01,119.09567331563764,Product_059,2024-01-07,Normal
2024-01-08,130.4161113758793,Product_059,2024-01-14,Normal
2024-01-15,124.2342811595038,Product_059,2024-01-21,Normal
2024-01-22,124.50300343728787,Product_059,2024-01-28,Normal
2024-01-29,130.57618196959044,Product_059,2024-02-04,Normal
2024-02-05,129.38010149985,Product_059,2024-02-11,Normal
2024-02-12,138.21003388776876,Product_059,2024-02-18,Normal
2024-02-19,136.97085955256176,Product_059,2024-02-25,Normal
2024-02-26,140.165588780156,Product_059,2024-03-03,Normal
2024-03-04,140.43735389746612,Product_059,2024-03-10,Normal
2024-03-11,146.0229561416784,Product_059,2024-03-17,Normal
2024-03-18,145.48212292455955,Product_059,2024-03-24,Normal
2024-03-25,144.53052207933953,Product_059,2024-03-31,Normal
2024-04-01,153.29106802068426,Product_059,2024-04-07,Normal
2024-04-08,151.17838507389516,Product_059,2024-04-14,Normal
2024-04-15,145.24313921728026,Product_059,2024-04-21,Normal
2024-04-22,150.0488450227836,Product_059,2024-04-28,Normal
2024-04-29,149.37186894736146,Product_059,2024-05-05,BOGO
2024-05-06,303.2443441941138,Product_059,2024-05-12,BOGO
2024-05-13,156.62591673972778,Product_059,2024-05-19,Normal
2024-05-20,157.43932251249788,Product_059,2024-05-26,Normal
2024-05-27,147.73038561490267,Product_059,2024-06-02,Memorial Day
2024-06-03,143.81333845579837,Product_059,2024-06-09,Normal
2024-06-10,143.67152707194214,Product_059,2024-06-16,Normal
2024-06-17,132.13420984710055,Product_059,2024-06-23,Normal
2024-06-24,139.95868881771622,Product_059,2024-06-30,Normal
2024-07-01,134.45180227131817,Product_059,2024-07-07,Normal
2024-07-08,136.64885827461845,Product_059,2024-07-14,Normal
2024-07-15,123.18620574289892,Product_059,2024-07-21,Normal
2024-07-22,134.095529872076,Product_059,2024-07-28,Normal
2024-07-29,117.31777230834564,Product_059,2024-08-04,Normal
2024-08-05,120.40907459747795,Product_059,2024-08-11,Disc_50
2024-08-12,123.058792439054,Product_059,2024-08-18,Disc_50
2024-08-19,721.8463482445952,Product_059,2024-08-25,Normal
2024-08-26,118.00389157054708,Product_059,2024-09-01,Normal
2024-09-02,122.05988763393844,Product_059,2024-09-08,Normal
2024-09-09,123.02408699213343,Product_059,2024-09-15,Normal
2024-09-16,107.18759423444342,Product_059,2024-09-22,Normal
2024-09-23,116.95222408659713,Product_059,2024-09-29,Normal
2024-09-30,115.22313123063768,Product_059,2024-10-06,Normal
2024-10-07,119.09630061287592,Product_059,2024-10-13,Normal
2024-10-14,123.42886628374748,Product_059,2024-10-20,Normal
2024-10-21,121.67494424280522,Product_059,2024-10-27,Normal
2024-10-28,124.92206975409376,Product_059,2024-11-03,Normal
2024-11-04,122.11968702237894,Product_059,2024-11-10,Normal
2024-11-11,122.53099815740026,Product_059,2024-11-17,Normal
2024-11-18,505.44406472667794,Product_059,2024-11-24,Normal
2024-11-25,559.6549435376862,Product_059,2024-12-01,Black Friday
2024-12-02,135.3515279649564,Product_059,2024-12-08,Normal
2024-12-09,142.96900717628134,Product_059,2024-12-15,Normal
2024-12-16,145.04426343908813,Product_059,2024-12-22,Normal
2024-12-23,142.92964244123004,Product_059,2024-12-29,Normal
2024-12-30,149.3429198955861,Product_059,2025-01-05,Normal
2023-01-02,88.20612175880787,Product_060,2023-01-08,Normal
2023-01-09,88.20302370754621,Product_060,2023-01-15,Normal
2023-01-16,92.47017773826563,Product_060,2023-01-22,Normal
2023-01-23,94.97840489307204,Product_060,2023-01-29,Normal
2023-01-30,102.4304677084138,Product_060,2023-02-05,Normal
2023-02-06,107.0668983869883,Product_060,2023-02-12,Normal
2023-02-13,109.42483157754928,Product_060,2023-02-19,Normal
2023-02-20,105.58349358261756,Product_060,2023-02-26,Normal
2023-02-27,111.83526836603184,Product_060,2023-03-05,Normal
2023-03-06,121.36972489873789,Product_060,2023-03-12,Normal
2023-03-13,110.3889373868689,Product_060,2023-03-19,Normal
2023-03-20,118.77217591675289,Product_060,2023-03-26,Normal
2023-03-27,119.10387008740504,Product_060,2023-04-02,Normal
2023-04-03,114.52240776473704,Product_060,2023-04-09,Normal
2023-04-10,121.32265668322808,Product_060,2023-04-16,Normal
2023-04-17,121.02158150710822,Product_060,2023-04-23,Normal
2023-04-24,117.33704579924375,Product_060,2023-04-30,Normal
2023-05-01,116.04924038722342,Product_060,2023-05-07,Normal
2023-05-08,128.0579124739491,Product_060,2023-05-14,Normal
2023-05-15,115.88036499090082,Product_060,2023-05-21,BOGO
2023-05-22,235.2161343446273,Product_060,2023-05-28,BOGO
2023-05-29,113.70318847781692,Product_060,2023-06-04,Memorial Day
2023-06-05,114.39968976052468,Product_060,2023-06-11,Normal
2023-06-12,104.5017356355966,Product_060,2023-06-18,Normal
2023-06-19,112.54403726721088,Product_060,2023-06-25,Normal
2023-06-26,106.6159945308877,Product_060,2023-07-02,Normal
2023-07-03,98.43867786854702,Product_060,2023-07-09,Normal
2023-07-10,101.96629034540248,Product_060,2023-07-16,Normal
2023-07-17,98.22523415411696,Product_060,2023-07-23,Normal
2023-07-24,99.01204597594224,Product_060,2023-07-30,Normal
2023-07-31,4.792213956833784,Product_060,2023-08-06,Normal
2023-08-07,92.76365515816916,Product_060,2023-08-13,Normal
2023-08-14,82.31825065312444,Product_060,2023-08-20,Normal
2023-08-21,89.23873737975126,Product_060,2023-08-27,Normal
2023-08-28,86.70882165368364,Product_060,2023-09-03,Normal
2023-09-04,78.28604111527224,Product_060,2023-09-10,Normal
2023-09-11,87.79867665047846,Product_060,2023-09-17,Normal
2023-09-18,87.41832388312318,Product_060,2023-09-24,Normal
2023-09-25,84.16429648218057,Product_060,2023-10-01,Normal
2023-10-02,89.46050778150155,Product_060,2023-10-08,Normal
2023-10-09,83.35851544931899,Product_060,2023-10-15,Normal
2023-10-16,92.2512899886569,Product_060,2023-10-22,Normal
2023-10-23,85.5893655776459,Product_060,2023-10-29,Normal
2023-10-30,86.74295870537561,Product_060,2023-11-05,Normal
2023-11-06,90.23912366715288,Product_060,2023-11-12,Normal
2023-11-13,94.99720356823843,Product_060,2023-11-19,Normal
2023-11-20,417.7113406254584,Product_060,2023-11-26,Black Friday
2023-11-27,395.1330728134769,Product_060,2023-12-03,Normal
2023-12-04,104.83900394334265,Product_060,2023-12-10,Normal
2023-12-11,112.5931752523623,Product_060,2023-12-17,Normal
2023-12-18,115.56501026103496,Product_060,2023-12-24,Normal
2023-12-25,115.37228534565622,Product_060,2023-12-31,Normal
2024-01-01,127.77335275084342,Product_060,2024-01-07,Normal
2024-01-08,117.4858137202651,Product_060,2024-01-14,Normal
2024-01-15,119.3320549718688,Product_060,2024-01-21,Normal
2024-01-22,132.23319005769773,Product_060,2024-01-28,Normal
2024-01-29,129.83336529340892,Product_060,2024-02-04,Normal
2024-02-05,142.8507447399414,Product_060,2024-02-11,Normal
2024-02-12,137.358305087801,Product_060,2024-02-18,Normal
2024-02-19,136.20038645351923,Product_060,2024-02-25,Normal
2024-02-26,149.32004322757737,Product_060,2024-03-03,Normal
2024-03-04,146.06966095956005,Product_060,2024-03-10,Normal
2024-03-11,154.65813626119822,Product_060,2024-03-17,Normal
2024-03-18,145.97808235197004,Product_060,2024-03-24,Normal
2024-03-25,153.48717255644442,Product_060,2024-03-31,Normal
2024-04-01,153.55348247606904,Product_060,2024-04-07,Normal
2024-04-08,156.71779993057385,Product_060,2024-04-14,Normal
2024-04-15,152.38866374220373,Product_060,2024-04-21,Normal
2024-04-22,147.41831458684317,Product_060,2024-04-28,Normal
2024-04-29,150.27019022830456,Product_060,2024-05-05,BOGO
2024-05-06,316.6640200681244,Product_060,2024-05-12,BOGO
2024-05-13,152.77297250907176,Product_060,2024-05-19,Normal
2024-05-20,142.77202008870464,Product_060,2024-05-26,Normal
2024-05-27,144.39095757207352,Product_060,2024-06-02,Memorial Day
2024-06-03,138.33419139796638,Product_060,2024-06-09,Normal
2024-06-10,145.89083210710336,Product_060,2024-06-16,Normal
2024-06-17,142.60694585766518,Product_060,2024-06-23,Normal
2024-06-24,144.35461595550453,Product_060,2024-06-30,Normal
2024-07-01,140.41113360160216,Product_060,2024-07-07,Normal
2024-07-08,131.14113648791604,Product_060,2024-07-14,Normal
2024-07-15,126.92608773698514,Product_060,2024-07-21,Normal
2024-07-22,122.3607234724653,Product_060,2024-07-28,Normal
2024-07-29,123.9624227573621,Product_060,2024-08-04,Normal
2024-08-05,129.16041542657194,Product_060,2024-08-11,Disc_50
2024-08-12,116.9133801268442,Product_060,2024-08-18,Disc_50
2024-08-19,726.1181957712128,Product_060,2024-08-25,Normal
2024-08-26,121.94817608727402,Product_060,2024-09-01,Normal
2024-09-02,112.6417610037284,Product_060,2024-09-08,Normal
2024-09-09,107.68278647252524,Product_060,2024-09-15,Normal
2024-09-16,122.99818986019169,Product_060,2024-09-22,Normal
2024-09-23,120.45180262875984,Product_060,2024-09-29,Normal
2024-09-30,115.33183795555996,Product_060,2024-10-06,Normal
2024-10-07,120.76032611662713,Product_060,2024-10-13,Normal
2024-10-14,118.87248367154396,Product_060,2024-10-20,Normal
2024-10-21,112.02852245222942,Product_060,2024-10-27,Normal
2024-10-28,131.18155383062862,Product_060,2024-11-03,Normal
2024-11-04,123.12144026897649,Product_060,2024-11-10,Normal
2024-11-11,121.93001196713016,Product_060,2024-11-17,Normal
2024-11-18,518.7776035333087,Product_060,2024-11-24,Normal
2024-11-25,532.8233128631814,Product_060,2024-12-01,Black Friday
2024-12-02,139.78335660123977,Product_060,2024-12-08,Normal
2024-12-09,142.76166441855935,Product_060,2024-12-15,Normal
2024-12-16,138.87362436459424,Product_060,2024-12-22,Normal
2024-12-23,149.2307168654251,Product_060,2024-12-29,Normal
2024-12-30,150.5325972904024,Product_060,2025-01-05,Normal
2023-01-02,103.12271899395292,Product_061,2023-01-08,Normal
2023-01-09,101.18623123136854,Product_061,2023-01-15,Normal
2023-01-16,105.12769322014977,Product_061,2023-01-22,Normal
2023-01-23,109.90831225491104,Product_061,2023-01-29,Normal
2023-01-30,110.94523391893176,Product_061,2023-02-05,Normal
2023-02-06,111.57801381940462,Product_061,2023-02-12,Normal
2023-02-13,118.80855354246492,Product_061,2023-02-19,Normal
2023-02-20,121.62219279871212,Product_061,2023-02-26,Normal
2023-02-27,131.2703349578362,Product_061,2023-03-05,Normal
2023-03-06,121.21892242740184,Product_061,2023-03-12,Normal
2023-03-13,123.4763897625452,Product_061,2023-03-19,Normal
2023-03-20,127.5114418888327,Product_061,2023-03-26,Normal
2023-03-27,129.06676065847492,Product_061,2023-04-02,Normal
2023-04-03,124.1076508707118,Product_061,2023-04-09,Normal
2023-04-10,129.0609331102229,Product_061,2023-04-16,Normal
2023-04-17,133.09011983775963,Product_061,2023-04-23,Normal
2023-04-24,133.1194183410008,Product_061,2023-04-30,Normal
2023-05-01,137.69976524163224,Product_061,2023-05-07,Normal
2023-05-08,135.57547150284643,Product_061,2023-05-14,Normal
2023-05-15,130.99200282804992,Product_061,2023-05-21,BOGO
2023-05-22,248.1332595285011,Product_061,2023-05-28,BOGO
2023-05-29,122.81455791201408,Product_061,2023-06-04,Memorial Day
2023-06-05,117.22018242685134,Product_061,2023-06-11,Normal
2023-06-12,117.82576917301868,Product_061,2023-06-18,Normal
2023-06-19,120.68989266052844,Product_061,2023-06-25,Normal
2023-06-26,116.97551624956677,Product_061,2023-07-02,Normal
2023-07-03,109.8119882603244,Product_061,2023-07-09,Normal
2023-07-10,110.14872437385746,Product_061,2023-07-16,Normal
2023-07-17,104.50244775776888,Product_061,2023-07-23,Normal
2023-07-24,103.27879487346566,Product_061,2023-07-30,Normal
2023-07-31,5.153487055670174,Product_061,2023-08-06,Normal
2023-08-07,96.7169374916336,Product_061,2023-08-13,Normal
2023-08-14,103.82315374520088,Product_061,2023-08-20,Normal
2023-08-21,100.61248491963636,Product_061,2023-08-27,Normal
2023-08-28,90.8447843967068,Product_061,2023-09-03,Normal
2023-09-04,90.10939971663524,Product_061,2023-09-10,Normal
2023-09-11,91.99794543560606,Product_061,2023-09-17,Normal
2023-09-18,92.27767754704068,Product_061,2023-09-24,Normal
2023-09-25,92.51819087936592,Product_061,2023-10-01,Normal
2023-10-02,92.6331288406691,Product_061,2023-10-08,Normal
2023-10-09,92.76289378814585,Product_061,2023-10-15,Normal
2023-10-16,96.06658985663718,Product_061,2023-10-22,Normal
2023-10-23,91.93399838227492,Product_061,2023-10-29,Normal
2023-10-30,94.38171786440812,Product_061,2023-11-05,Normal
2023-11-06,101.83304866943936,Product_061,2023-11-12,Normal
2023-11-13,106.3585937522568,Product_061,2023-11-19,Normal
2023-11-20,410.7971243944778,Product_061,2023-11-26,Black Friday
2023-11-27,425.3953373801092,Product_061,2023-12-03,Normal
2023-12-04,111.04640528555798,Product_061,2023-12-10,Normal
2023-12-11,118.9145357300781,Product_061,2023-12-17,Normal
2023-12-18,121.49841207600744,Product_061,2023-12-24,Normal
2023-12-25,121.53789787440726,Product_061,2023-12-31,Normal
2024-01-01,129.3578720796011,Product_061,2024-01-07,Normal
2024-01-08,129.2737749988507,Product_061,2024-01-14,Normal
2024-01-15,138.1880514437186,Product_061,2024-01-21,Normal
2024-01-22,132.30197516338148,Product_061,2024-01-28,Normal
2024-01-29,132.74761275338565,Product_061,2024-02-04,Normal
2024-02-05,143.8304186579298,Product_061,2024-02-11,Normal
2024-02-12,146.03260763523687,Product_061,2024-02-18,Normal
2024-02-19,154.57801487496167,Product_061,2024-02-25,Normal
2024-02-26,153.17564004822538,Product_061,2024-03-03,Normal
2024-03-04,149.99042572563098,Product_061,2024-03-10,Normal
2024-03-11,148.77355878486745,Product_061,2024-03-17,Normal
2024-03-18,152.20663602131407,Product_061,2024-03-24,Normal
2024-03-25,151.81799792313714,Product_061,2024-03-31,Normal
2024-04-01,154.65951204106767,Product_061,2024-04-07,Normal
2024-04-08,155.81712002328368,Product_061,2024-04-14,Normal
2024-04-15,159.62190612450271,Product_061,2024-04-21,Normal
2024-04-22,157.419758468435,Product_061,2024-04-28,Normal
2024-04-29,160.50070148013342,Product_061,2024-05-05,BOGO
2024-05-06,316.94760966856495,Product_061,2024-05-12,BOGO
2024-05-13,151.46003198599684,Product_061,2024-05-19,Normal
2024-05-20,154.2468506880566,Product_061,2024-05-26,Normal
2024-05-27,149.91078004286717,Product_061,2024-06-02,Memorial Day
2024-06-03,144.88170425200744,Product_061,2024-06-09,Normal
2024-06-10,144.81016905114717,Product_061,2024-06-16,Normal
2024-06-17,143.45786893790077,Product_061,2024-06-23,Normal
2024-06-24,142.5011154682955,Product_061,2024-06-30,Normal
2024-07-01,135.12889441558283,Product_061,2024-07-07,Normal
2024-07-08,137.2492603676776,Product_061,2024-07-14,Normal
2024-07-15,131.88180607250314,Product_061,2024-07-21,Normal
2024-07-22,131.33666916762775,Product_061,2024-07-28,Normal
2024-07-29,131.27751785453918,Product_061,2024-08-04,Normal
2024-08-05,127.0539512110295,Product_061,2024-08-11,Disc_50
2024-08-12,124.70011253717844,Product_061,2024-08-18,Disc_50
2024-08-19,714.7965640519329,Product_061,2024-08-25,Normal
2024-08-26,117.4741879728994,Product_061,2024-09-01,Normal
2024-09-02,123.22150673867095,Product_061,2024-09-08,Normal
2024-09-09,118.64829437544562,Product_061,2024-09-15,Normal
2024-09-16,125.81669289724704,Product_061,2024-09-22,Normal
2024-09-23,122.66728144126805,Product_061,2024-09-29,Normal
2024-09-30,119.95379410252964,Product_061,2024-10-06,Normal
2024-10-07,124.74857684152438,Product_061,2024-10-13,Normal
2024-10-14,118.14361089270058,Product_061,2024-10-20,Normal
2024-10-21,128.35958286784347,Product_061,2024-10-27,Normal
2024-10-28,128.15660308016763,Product_061,2024-11-03,Normal
2024-11-04,120.28733956756824,Product_061,2024-11-10,Normal
2024-11-11,129.2158683841286,Product_061,2024-11-17,Normal
2024-11-18,532.4539957825788,Product_061,2024-11-24,Normal
2024-11-25,524.4309109537074,Product_061,2024-12-01,Black Friday
2024-12-02,137.2917037767985,Product_061,2024-12-08,Normal
2024-12-09,141.21525918613946,Product_061,2024-12-15,Normal
2024-12-16,147.4856034036904,Product_061,2024-12-22,Normal
2024-12-23,153.93360693822464,Product_061,2024-12-29,Normal
2024-12-30,148.0982261332712,Product_061,2025-01-05,Normal
2023-01-02,96.41791921782364,Product_062,2023-01-08,Normal
2023-01-09,90.42357963185336,Product_062,2023-01-15,Normal
2023-01-16,100.03423064515933,Product_062,2023-01-22,Normal
2023-01-23,95.61096524774518,Product_062,2023-01-29,Normal
2023-01-30,111.72833703835964,Product_062,2023-02-05,Normal
2023-02-06,99.95566921444656,Product_062,2023-02-12,Normal
2023-02-13,106.95846893203516,Product_062,2023-02-19,Normal
2023-02-20,109.47392210371096,Product_062,2023-02-26,Normal
2023-02-27,111.03418638979632,Product_062,2023-03-05,Normal
2023-03-06,111.56137902170413,Product_062,2023-03-12,Normal
2023-03-13,118.39777531450036,Product_062,2023-03-19,Normal
2023-03-20,123.06311907753653,Product_062,2023-03-26,Normal
2023-03-27,118.72473793768296,Product_062,2023-04-02,Normal
2023-04-03,128.90740918341405,Product_062,2023-04-09,Normal
2023-04-10,114.92458492769848,Product_062,2023-04-16,Normal
2023-04-17,117.97876694182828,Product_062,2023-04-23,Normal
2023-04-24,124.81774673550348,Product_062,2023-04-30,Normal
2023-05-01,133.06814738432837,Product_062,2023-05-07,Normal
2023-05-08,114.98854941686888,Product_062,2023-05-14,Normal
2023-05-15,121.92286603497864,Product_062,2023-05-21,BOGO
2023-05-22,231.055014674051,Product_062,2023-05-28,BOGO
2023-05-29,111.34798780921952,Product_062,2023-06-04,Memorial Day
2023-06-05,107.82944798626156,Product_062,2023-06-11,Normal
2023-06-12,107.97998161343044,Product_062,2023-06-18,Normal
2023-06-19,113.1971748336566,Product_062,2023-06-25,Normal
2023-06-26,100.57753319482542,Product_062,2023-07-02,Normal
2023-07-03,108.6127548924674,Product_062,2023-07-09,Normal
2023-07-10,96.51723264386,Product_062,2023-07-16,Normal
2023-07-17,102.24119760465254,Product_062,2023-07-23,Normal
2023-07-24,96.44087885211546,Product_062,2023-07-30,Normal
2023-07-31,4.840430154465775,Product_062,2023-08-06,Normal
2023-08-07,85.96806597704935,Product_062,2023-08-13,Normal
2023-08-14,89.27521571625337,Product_062,2023-08-20,Normal
2023-08-21,89.73787880482777,Product_062,2023-08-27,Normal
2023-08-28,88.27495996185178,Product_062,2023-09-03,Normal
2023-09-04,84.71995386428242,Product_062,2023-09-10,Normal
2023-09-11,84.0263926842566,Product_062,2023-09-17,Normal
2023-09-18,77.89827794541145,Product_062,2023-09-24,Normal
2023-09-25,86.49777060657588,Product_062,2023-10-01,Normal
2023-10-02,89.9712568830909,Product_062,2023-10-08,Normal
2023-10-09,88.24483649423863,Product_062,2023-10-15,Normal
2023-10-16,86.14069517124389,Product_062,2023-10-22,Normal
2023-10-23,92.47416202387764,Product_062,2023-10-29,Normal
2023-10-30,92.92938721150747,Product_062,2023-11-05,Normal
2023-11-06,92.91671547915632,Product_062,2023-11-12,Normal
2023-11-13,96.35529373447405,Product_062,2023-11-19,Normal
2023-11-20,357.330650511416,Product_062,2023-11-26,Black Friday
2023-11-27,381.55503302699987,Product_062,2023-12-03,Normal
2023-12-04,102.25245547663192,Product_062,2023-12-10,Normal
2023-12-11,107.24731958752793,Product_062,2023-12-17,Normal
2023-12-18,119.6452923285906,Product_062,2023-12-24,Normal
2023-12-25,117.74275953163097,Product_062,2023-12-31,Normal
2024-01-01,118.28984001141876,Product_062,2024-01-07,Normal
2024-01-08,127.58448963093656,Product_062,2024-01-14,Normal
2024-01-15,123.192722265147,Product_062,2024-01-21,Normal
2024-01-22,125.48318348258404,Product_062,2024-01-28,Normal
2024-01-29,133.67429293025145,Product_062,2024-02-04,Normal
2024-02-05,136.05709321972478,Product_062,2024-02-11,Normal
2024-02-12,137.65493321521367,Product_062,2024-02-18,Normal
2024-02-19,145.9310545197322,Product_062,2024-02-25,Normal
2024-02-26,135.0938601622317,Product_062,2024-03-03,Normal
2024-03-04,143.73835493779012,Product_062,2024-03-10,Normal
2024-03-11,154.15051209531458,Product_062,2024-03-17,Normal
2024-03-18,150.88673101263495,Product_062,2024-03-24,Normal
2024-03-25,152.2234388131951,Product_062,2024-03-31,Normal
2024-04-01,146.205758260406,Product_062,2024-04-07,Normal
2024-04-08,147.17380694161213,Product_062,2024-04-14,Normal
2024-04-15,155.14481711806155,Product_062,2024-04-21,Normal
2024-04-22,162.06420289016984,Product_062,2024-04-28,Normal
2024-04-29,147.38189616826185,Product_062,2024-05-05,BOGO
2024-05-06,315.0345301825403,Product_062,2024-05-12,BOGO
2024-05-13,150.76201465919706,Product_062,2024-05-19,Normal
2024-05-20,148.59137474126564,Product_062,2024-05-26,Normal
2024-05-27,146.6330105746991,Product_062,2024-06-02,Memorial Day
2024-06-03,144.80550534219523,Product_062,2024-06-09,Normal
2024-06-10,132.26741850845508,Product_062,2024-06-16,Normal
2024-06-17,140.77154539401795,Product_062,2024-06-23,Normal
2024-06-24,139.42165264701694,Product_062,2024-06-30,Normal
2024-07-01,140.42360450779108,Product_062,2024-07-07,Normal
2024-07-08,129.03660313715935,Product_062,2024-07-14,Normal
2024-07-15,128.5707508105339,Product_062,2024-07-21,Normal
2024-07-22,127.4372407345526,Product_062,2024-07-28,Normal
2024-07-29,127.18693857990648,Product_062,2024-08-04,Normal
2024-08-05,121.97485773663982,Product_062,2024-08-11,Disc_50
2024-08-12,124.98149918621476,Product_062,2024-08-18,Disc_50
2024-08-19,714.2567283217802,Product_062,2024-08-25,Normal
2024-08-26,117.89468575728476,Product_062,2024-09-01,Normal
2024-09-02,114.65883718304576,Product_062,2024-09-08,Normal
2024-09-09,112.00641575361234,Product_062,2024-09-15,Normal
2024-09-16,120.44573848253376,Product_062,2024-09-22,Normal
2024-09-23,116.08905019168074,Product_062,2024-09-29,Normal
2024-09-30,119.0254353561226,Product_062,2024-10-06,Normal
2024-10-07,123.01698427563488,Product_062,2024-10-13,Normal
2024-10-14,115.98379429372903,Product_062,2024-10-20,Normal
2024-10-21,125.5281392020243,Product_062,2024-10-27,Normal
2024-10-28,118.41676815282632,Product_062,2024-11-03,Normal
2024-11-04,122.60237599132664,Product_062,2024-11-10,Normal
2024-11-11,131.93060311018877,Product_062,2024-11-17,Normal
2024-11-18,529.5661772339845,Product_062,2024-11-24,Normal
2024-11-25,540.3386942030463,Product_062,2024-12-01,Black Friday
2024-12-02,141.68572621391775,Product_062,2024-12-08,Normal
2024-12-09,139.91010815731906,Product_062,2024-12-15,Normal
2024-12-16,137.8948684453244,Product_062,2024-12-22,Normal
2024-12-23,155.26476865302286,Product_062,2024-12-29,Normal
2024-12-30,152.53836564943376,Product_062,2025-01-05,Normal
2023-01-02,92.72608033215953,Product_063,2023-01-08,Normal
2023-01-09,95.54675060250202,Product_063,2023-01-15,Normal
2023-01-16,90.28376604288836,Product_063,2023-01-22,Normal
2023-01-23,94.80585523626472,Product_063,2023-01-29,Normal
2023-01-30,103.89845380367088,Product_063,2023-02-05,Normal
2023-02-06,111.73908368033526,Product_063,2023-02-12,Normal
2023-02-13,121.73487059476396,Product_063,2023-02-19,Normal
2023-02-20,116.85398305441966,Product_063,2023-02-26,Normal
2023-02-27,113.2061613834957,Product_063,2023-03-05,Normal
2023-03-06,115.97303425899956,Product_063,2023-03-12,Normal
2023-03-13,115.06814761430527,Product_063,2023-03-19,Normal
2023-03-20,119.96913717224942,Product_063,2023-03-26,Normal
2023-03-27,122.20718108474269,Product_063,2023-04-02,Normal
2023-04-03,126.54505163660204,Product_063,2023-04-09,Normal
2023-04-10,124.1589364603511,Product_063,2023-04-16,Normal
2023-04-17,116.46719316634596,Product_063,2023-04-23,Normal
2023-04-24,126.32718675664574,Product_063,2023-04-30,Normal
2023-05-01,123.58029597347368,Product_063,2023-05-07,Normal
2023-05-08,118.527345756323,Product_063,2023-05-14,Normal
2023-05-15,120.94062121561184,Product_063,2023-05-21,BOGO
2023-05-22,248.41912290081075,Product_063,2023-05-28,BOGO
2023-05-29,120.48583425564487,Product_063,2023-06-04,Memorial Day
2023-06-05,114.99451688237284,Product_063,2023-06-11,Normal
2023-06-12,122.74521558870283,Product_063,2023-06-18,Normal
2023-06-19,106.5671558532948,Product_063,2023-06-25,Normal
2023-06-26,102.54131145640191,Product_063,2023-07-02,Normal
2023-07-03,108.2727115310934,Product_063,2023-07-09,Normal
2023-07-10,100.88750884903293,Product_063,2023-07-16,Normal
2023-07-17,98.07910583013084,Product_063,2023-07-23,Normal
2023-07-24,102.58943063658688,Product_063,2023-07-30,Normal
2023-07-31,5.173881427415143,Product_063,2023-08-06,Normal
2023-08-07,92.3852578457236,Product_063,2023-08-13,Normal
2023-08-14,93.73360238527133,Product_063,2023-08-20,Normal
2023-08-21,91.0540058390756,Product_063,2023-08-27,Normal
2023-08-28,93.59073930762564,Product_063,2023-09-03,Normal
2023-09-04,90.04857673557689,Product_063,2023-09-10,Normal
2023-09-11,83.095809202019,Product_063,2023-09-17,Normal
2023-09-18,87.57148989648927,Product_063,2023-09-24,Normal
2023-09-25,86.5448805879084,Product_063,2023-10-01,Normal
2023-10-02,80.68106508786884,Product_063,2023-10-08,Normal
2023-10-09,85.71553646401617,Product_063,2023-10-15,Normal
2023-10-16,90.04168936892094,Product_063,2023-10-22,Normal
2023-10-23,89.70178585089192,Product_063,2023-10-29,Normal
2023-10-30,94.65820979993954,Product_063,2023-11-05,Normal
2023-11-06,98.49515045698116,Product_063,2023-11-12,Normal
2023-11-13,95.7681188244838,Product_063,2023-11-19,Normal
2023-11-20,401.5899358192046,Product_063,2023-11-26,Black Friday
2023-11-27,430.7549865495286,Product_063,2023-12-03,Normal
2023-12-04,108.16107360022932,Product_063,2023-12-10,Normal
2023-12-11,114.06208123032503,Product_063,2023-12-17,Normal
2023-12-18,112.67117673627476,Product_063,2023-12-24,Normal
2023-12-25,117.00127354233176,Product_063,2023-12-31,Normal
2024-01-01,117.17314371709652,Product_063,2024-01-07,Normal
2024-01-08,132.85898072261355,Product_063,2024-01-14,Normal
2024-01-15,132.93507602354043,Product_063,2024-01-21,Normal
2024-01-22,137.5853494108646,Product_063,2024-01-28,Normal
2024-01-29,135.17788150528176,Product_063,2024-02-04,Normal
2024-02-05,140.61520927224748,Product_063,2024-02-11,Normal
2024-02-12,144.9126428449912,Product_063,2024-02-18,Normal
2024-02-19,142.86915844896816,Product_063,2024-02-25,Normal
2024-02-26,144.4682379155939,Product_063,2024-03-03,Normal
2024-03-04,150.1783121024587,Product_063,2024-03-10,Normal
2024-03-11,156.87100088062917,Product_063,2024-03-17,Normal
2024-03-18,148.52018830225558,Product_063,2024-03-24,Normal
2024-03-25,157.2192316078881,Product_063,2024-03-31,Normal
2024-04-01,150.42460190582852,Product_063,2024-04-07,Normal
2024-04-08,154.2489758916535,Product_063,2024-04-14,Normal
2024-04-15,157.57354993195904,Product_063,2024-04-21,Normal
2024-04-22,154.44596631297964,Product_063,2024-04-28,Normal
2024-04-29,160.2770589249259,Product_063,2024-05-05,BOGO
2024-05-06,327.99538333276803,Product_063,2024-05-12,BOGO
2024-05-13,144.83162862598545,Product_063,2024-05-19,Normal
2024-05-20,155.57606275495337,Product_063,2024-05-26,Normal
2024-05-27,153.02828211584114,Product_063,2024-06-02,Memorial Day
2024-06-03,150.29258311203924,Product_063,2024-06-09,Normal
2024-06-10,146.940980142342,Product_063,2024-06-16,Normal
2024-06-17,136.8572183254307,Product_063,2024-06-23,Normal
2024-06-24,136.39424782519797,Product_063,2024-06-30,Normal
2024-07-01,139.4488639346517,Product_063,2024-07-07,Normal
2024-07-08,136.97711973339594,Product_063,2024-07-14,Normal
2024-07-15,124.05476454035409,Product_063,2024-07-21,Normal
2024-07-22,133.36631558209243,Product_063,2024-07-28,Normal
2024-07-29,128.06220358130466,Product_063,2024-08-04,Normal
2024-08-05,117.2724346582178,Product_063,2024-08-11,Disc_50
2024-08-12,124.9954352529127,Product_063,2024-08-18,Disc_50
2024-08-19,713.793740827119,Product_063,2024-08-25,Normal
2024-08-26,118.88989301778788,Product_063,2024-09-01,Normal
2024-09-02,118.18611815345582,Product_063,2024-09-08,Normal
2024-09-09,117.98030840061986,Product_063,2024-09-15,Normal
2024-09-16,116.00041980138175,Product_063,2024-09-22,Normal
2024-09-23,117.55542055664,Product_063,2024-09-29,Normal
2024-09-30,119.33630234779436,Product_063,2024-10-06,Normal
2024-10-07,113.09963627819754,Product_063,2024-10-13,Normal
2024-10-14,119.07937657200516,Product_063,2024-10-20,Normal
2024-10-21,122.8131389882308,Product_063,2024-10-27,Normal
2024-10-28,117.93827235188006,Product_063,2024-11-03,Normal
2024-11-04,128.4173839889387,Product_063,2024-11-10,Normal
2024-11-11,122.37461978124806,Product_063,2024-11-17,Normal
2024-11-18,524.3923185815901,Product_063,2024-11-24,Normal
2024-11-25,534.1807963052834,Product_063,2024-12-01,Black Friday
2024-12-02,138.10711364421795,Product_063,2024-12-08,Normal
2024-12-09,137.3874989285194,Product_063,2024-12-15,Normal
2024-12-16,141.20927424820877,Product_063,2024-12-22,Normal
2024-12-23,151.54742155603014,Product_063,2024-12-29,Normal
2024-12-30,145.63848551142203,Product_063,2025-01-05,Normal
2023-01-02,91.45555920542384,Product_064,2023-01-08,Normal
2023-01-09,97.84959805004196,Product_064,2023-01-15,Normal
2023-01-16,92.99613766395817,Product_064,2023-01-22,Normal
2023-01-23,98.28312536521906,Product_064,2023-01-29,Normal
2023-01-30,106.30357188519392,Product_064,2023-02-05,Normal
2023-02-06,105.65570057543438,Product_064,2023-02-12,Normal
2023-02-13,104.70714014017734,Product_064,2023-02-19,Normal
2023-02-20,113.64663510839216,Product_064,2023-02-26,Normal
2023-02-27,115.2864986517136,Product_064,2023-03-05,Normal
2023-03-06,115.15498175397728,Product_064,2023-03-12,Normal
2023-03-13,120.75689678248936,Product_064,2023-03-19,Normal
2023-03-20,117.7367930700163,Product_064,2023-03-26,Normal
2023-03-27,112.30695985849104,Product_064,2023-04-02,Normal
2023-04-03,128.82352167199588,Product_064,2023-04-09,Normal
2023-04-10,115.26643097429164,Product_064,2023-04-16,Normal
2023-04-17,124.17191815537537,Product_064,2023-04-23,Normal
2023-04-24,126.35991819291095,Product_064,2023-04-30,Normal
2023-05-01,117.80776170485488,Product_064,2023-05-07,Normal
2023-05-08,124.84214253111112,Product_064,2023-05-14,Normal
2023-05-15,121.4629590355981,Product_064,2023-05-21,BOGO
2023-05-22,233.71020805962652,Product_064,2023-05-28,BOGO
2023-05-29,123.85709313595744,Product_064,2023-06-04,Memorial Day
2023-06-05,106.2052737206998,Product_064,2023-06-11,Normal
2023-06-12,109.81048754362526,Product_064,2023-06-18,Normal
2023-06-19,102.43629443388382,Product_064,2023-06-25,Normal
2023-06-26,107.80808114999203,Product_064,2023-07-02,Normal
2023-07-03,109.533208465232,Product_064,2023-07-09,Normal
2023-07-10,99.66842562668712,Product_064,2023-07-16,Normal
2023-07-17,102.77932236708476,Product_064,2023-07-23,Normal
2023-07-24,97.94210293138178,Product_064,2023-07-30,Normal
2023-07-31,4.949039110538772,Product_064,2023-08-06,Normal
2023-08-07,85.24063047560584,Product_064,2023-08-13,Normal
2023-08-14,99.08000218073724,Product_064,2023-08-20,Normal
2023-08-21,94.0374687111751,Product_064,2023-08-27,Normal
2023-08-28,84.93198012480745,Product_064,2023-09-03,Normal
2023-09-04,90.24553677579192,Product_064,2023-09-10,Normal
2023-09-11,88.11330339175046,Product_064,2023-09-17,Normal
2023-09-18,87.0506826654159,Product_064,2023-09-24,Normal
2023-09-25,88.52141693400581,Product_064,2023-10-01,Normal
2023-10-02,90.47052499670508,Product_064,2023-10-08,Normal
2023-10-09,85.14343907402029,Product_064,2023-10-15,Normal
2023-10-16,83.55382887386173,Product_064,2023-10-22,Normal
2023-10-23,91.52506680341072,Product_064,2023-10-29,Normal
2023-10-30,90.31127034609096,Product_064,2023-11-05,Normal
2023-11-06,89.39491751973715,Product_064,2023-11-12,Normal
2023-11-13,100.26930168801373,Product_064,2023-11-19,Normal
2023-11-20,387.0805043697306,Product_064,2023-11-26,Black Friday
2023-11-27,416.0702655079541,Product_064,2023-12-03,Normal
2023-12-04,96.45910524149345,Product_064,2023-12-10,Normal
2023-12-11,110.04704893450965,Product_064,2023-12-17,Normal
2023-12-18,108.93149143453432,Product_064,2023-12-24,Normal
2023-12-25,123.73207679673185,Product_064,2023-12-31,Normal
2024-01-01,111.73776585344456,Product_064,2024-01-07,Normal
2024-01-08,121.19281538787162,Product_064,2024-01-14,Normal
2024-01-15,119.49370509690073,Product_064,2024-01-21,Normal
2024-01-22,133.18983695546126,Product_064,2024-01-28,Normal
2024-01-29,130.76745514564797,Product_064,2024-02-04,Normal
2024-02-05,129.2112587225444,Product_064,2024-02-11,Normal
2024-02-12,134.8953083871717,Product_064,2024-02-18,Normal
2024-02-19,143.03369270977322,Product_064,2024-02-25,Normal
2024-02-26,136.82544995010957,Product_064,2024-03-03,Normal
2024-03-04,142.07226941172243,Product_064,2024-03-10,Normal
2024-03-11,143.92848905711833,Product_064,2024-03-17,Normal
2024-03-18,150.48940502787303,Product_064,2024-03-24,Normal
2024-03-25,141.46576387217945,Product_064,2024-03-31,Normal
2024-04-01,144.22437775192407,Product_064,2024-04-07,Normal
2024-04-08,146.04044547003053,Product_064,2024-04-14,Normal
2024-04-15,152.51586034152805,Product_064,2024-04-21,Normal
2024-04-22,150.56879623133403,Product_064,2024-04-28,Normal
2024-04-29,158.5146353701191,Product_064,2024-05-05,BOGO
2024-05-06,322.92044971504976,Product_064,2024-05-12,BOGO
2024-05-13,141.37051092099895,Product_064,2024-05-19,Normal
2024-05-20,150.61758082081815,Product_064,2024-05-26,Normal
2024-05-27,140.3519385133676,Product_064,2024-06-02,Memorial Day
2024-06-03,140.99614193481892,Product_064,2024-06-09,Normal
2024-06-10,145.825578897238,Product_064,2024-06-16,Normal
2024-06-17,135.57377407937273,Product_064,2024-06-23,Normal
2024-06-24,137.76610762119046,Product_064,2024-06-30,Normal
2024-07-01,131.55958907058323,Product_064,2024-07-07,Normal
2024-07-08,132.6862824570167,Product_064,2024-07-14,Normal
2024-07-15,131.72181938078265,Product_064,2024-07-21,Normal
2024-07-22,124.7597452432585,Product_064,2024-07-28,Normal
2024-07-29,127.08993204709532,Product_064,2024-08-04,Normal
2024-08-05,126.44626795509625,Product_064,2024-08-11,Disc_50
2024-08-12,114.5134524300798,Product_064,2024-08-18,Disc_50
2024-08-19,718.1777980796949,Product_064,2024-08-25,Normal
2024-08-26,121.07953603030286,Product_064,2024-09-01,Normal
2024-09-02,118.45765912384522,Product_064,2024-09-08,Normal
2024-09-09,110.40664941005224,Product_064,2024-09-15,Normal
2024-09-16,118.05794808628306,Product_064,2024-09-22,Normal
2024-09-23,115.72129391949642,Product_064,2024-09-29,Normal
2024-09-30,124.6944648923128,Product_064,2024-10-06,Normal
2024-10-07,123.23109225043828,Product_064,2024-10-13,Normal
2024-10-14,117.2432616031407,Product_064,2024-10-20,Normal
2024-10-21,122.26694364229776,Product_064,2024-10-27,Normal
2024-10-28,122.17802867250232,Product_064,2024-11-03,Normal
2024-11-04,127.54082839831943,Product_064,2024-11-10,Normal
2024-11-11,127.8954724989956,Product_064,2024-11-17,Normal
2024-11-18,537.2768667915083,Product_064,2024-11-24,Normal
2024-11-25,549.5901725177079,Product_064,2024-12-01,Black Friday
2024-12-02,135.58098901602835,Product_064,2024-12-08,Normal
2024-12-09,137.08736654465795,Product_064,2024-12-15,Normal
2024-12-16,142.69987490621247,Product_064,2024-12-22,Normal
2024-12-23,142.15253795833885,Product_064,2024-12-29,Normal
2024-12-30,146.50705729109058,Product_064,2025-01-05,Normal
2023-01-02,104.4815807207886,Product_065,2023-01-08,Normal
2023-01-09,111.88598739470524,Product_065,2023-01-15,Normal
2023-01-16,113.44722711284037,Product_065,2023-01-22,Normal
2023-01-23,123.27339969572056,Product_065,2023-01-29,Normal
2023-01-30,122.163100074037,Product_065,2023-02-05,Normal
2023-02-06,125.3922206810564,Product_065,2023-02-12,Normal
2023-02-13,130.64172135579773,Product_065,2023-02-19,Normal
2023-02-20,137.80999197674623,Product_065,2023-02-26,Normal
2023-02-27,136.8444787010445,Product_065,2023-03-05,Normal
2023-03-06,140.3360551695871,Product_065,2023-03-12,Normal
2023-03-13,138.58745100614675,Product_065,2023-03-19,Normal
2023-03-20,141.77152678127598,Product_065,2023-03-26,Normal
2023-03-27,145.11452893879277,Product_065,2023-04-02,Normal
2023-04-03,135.81466307584765,Product_065,2023-04-09,Normal
2023-04-10,142.47523048791504,Product_065,2023-04-16,Normal
2023-04-17,141.39120797355156,Product_065,2023-04-23,Normal
2023-04-24,135.57894602587217,Product_065,2023-04-30,Normal
2023-05-01,139.1359536195122,Product_065,2023-05-07,Normal
2023-05-08,130.7631521268912,Product_065,2023-05-14,Normal
2023-05-15,134.77426540035617,Product_065,2023-05-21,BOGO
2023-05-22,261.2183187108006,Product_065,2023-05-28,BOGO
2023-05-29,130.19317264475688,Product_065,2023-06-04,Memorial Day
2023-06-05,128.4880006548476,Product_065,2023-06-11,Normal
2023-06-12,126.34246645693123,Product_065,2023-06-18,Normal
2023-06-19,124.1202405552591,Product_065,2023-06-25,Normal
2023-06-26,127.55174550485783,Product_065,2023-07-02,Normal
2023-07-03,120.71663595601676,Product_065,2023-07-09,Normal
2023-07-10,111.35728192721176,Product_065,2023-07-16,Normal
2023-07-17,108.95960850504451,Product_065,2023-07-23,Normal
2023-07-24,112.91148588783815,Product_065,2023-07-30,Normal
2023-07-31,5.7594547558302684,Product_065,2023-08-06,Normal
2023-08-07,107.43159206967024,Product_065,2023-08-13,Normal
2023-08-14,102.50191089622324,Product_065,2023-08-20,Normal
2023-08-21,108.05245389153475,Product_065,2023-08-27,Normal
2023-08-28,100.91208619346096,Product_065,2023-09-03,Normal
2023-09-04,106.45975242351408,Product_065,2023-09-10,Normal
2023-09-11,104.55618693989948,Product_065,2023-09-17,Normal
2023-09-18,101.09877515482094,Product_065,2023-09-24,Normal
2023-09-25,99.90295590764237,Product_065,2023-10-01,Normal
2023-10-02,102.20559341843918,Product_065,2023-10-08,Normal
2023-10-09,96.76700160546716,Product_065,2023-10-15,Normal
2023-10-16,99.71194916539584,Product_065,2023-10-22,Normal
2023-10-23,95.89925559091874,Product_065,2023-10-29,Normal
2023-10-30,106.50361484602033,Product_065,2023-11-05,Normal
2023-11-06,106.98778564791036,Product_065,2023-11-12,Normal
2023-11-13,109.15463190296516,Product_065,2023-11-19,Normal
2023-11-20,463.2621676627327,Product_065,2023-11-26,Black Friday
2023-11-27,436.2932871967659,Product_065,2023-12-03,Normal
2023-12-04,110.45080277223032,Product_065,2023-12-10,Normal
2023-12-11,114.0905979893991,Product_065,2023-12-17,Normal
2023-12-18,124.44464598568278,Product_065,2023-12-24,Normal
2023-12-25,122.15465341352008,Product_065,2023-12-31,Normal
2024-01-01,132.4250127684208,Product_065,2024-01-07,Normal
2024-01-08,132.36807091454224,Product_065,2024-01-14,Normal
2024-01-15,139.93516379095135,Product_065,2024-01-21,Normal
2024-01-22,144.59832746134003,Product_065,2024-01-28,Normal
2024-01-29,132.93082031102765,Product_065,2024-02-04,Normal
2024-02-05,143.5600908371138,Product_065,2024-02-11,Normal
2024-02-12,149.52332776789908,Product_065,2024-02-18,Normal
2024-02-19,148.34961940442773,Product_065,2024-02-25,Normal
2024-02-26,157.58699280900012,Product_065,2024-03-03,Normal
2024-03-04,158.41085173179326,Product_065,2024-03-10,Normal
2024-03-11,154.43326592071045,Product_065,2024-03-17,Normal
2024-03-18,154.30229083674595,Product_065,2024-03-24,Normal
2024-03-25,160.87914344774495,Product_065,2024-03-31,Normal
2024-04-01,157.306362910091,Product_065,2024-04-07,Normal
2024-04-08,155.8034943025643,Product_065,2024-04-14,Normal
2024-04-15,157.91378665931043,Product_065,2024-04-21,Normal
2024-04-22,155.3176062813642,Product_065,2024-04-28,Normal
2024-04-29,160.40085645203115,Product_065,2024-05-05,BOGO
2024-05-06,347.2045369881992,Product_065,2024-05-12,BOGO
2024-05-13,158.57694363877874,Product_065,2024-05-19,Normal
2024-05-20,158.6496244203258,Product_065,2024-05-26,Normal
2024-05-27,146.13068839932035,Product_065,2024-06-02,Memorial Day
2024-06-03,154.7468977123486,Product_065,2024-06-09,Normal
2024-06-10,145.11514569780823,Product_065,2024-06-16,Normal
2024-06-17,137.537592978742,Product_065,2024-06-23,Normal
2024-06-24,142.53272900238088,Product_065,2024-06-30,Normal
2024-07-01,146.89289702119174,Product_065,2024-07-07,Normal
2024-07-08,140.74875617548628,Product_065,2024-07-14,Normal
2024-07-15,129.05017927177806,Product_065,2024-07-21,Normal
2024-07-22,137.07843350922536,Product_065,2024-07-28,Normal
2024-07-29,130.58359700660066,Product_065,2024-08-04,Normal
2024-08-05,126.81333775189827,Product_065,2024-08-11,Disc_50
2024-08-12,124.39570200645188,Product_065,2024-08-18,Disc_50
2024-08-19,725.7662230578588,Product_065,2024-08-25,Normal
2024-08-26,121.3920328552428,Product_065,2024-09-01,Normal
2024-09-02,115.8226154234244,Product_065,2024-09-08,Normal
2024-09-09,116.1779243881031,Product_065,2024-09-15,Normal
2024-09-16,119.42509999569546,Product_065,2024-09-22,Normal
2024-09-23,117.81757968383404,Product_065,2024-09-29,Normal
2024-09-30,121.865600364765,Product_065,2024-10-06,Normal
2024-10-07,121.6850044057188,Product_065,2024-10-13,Normal
2024-10-14,128.45524496982506,Product_065,2024-10-20,Normal
2024-10-21,124.75239504897318,Product_065,2024-10-27,Normal
2024-10-28,120.51337145130589,Product_065,2024-11-03,Normal
2024-11-04,132.25313454282605,Product_065,2024-11-10,Normal
2024-11-11,119.93459888758606,Product_065,2024-11-17,Normal
2024-11-18,528.4131184815863,Product_065,2024-11-24,Normal
2024-11-25,530.593043769024,Product_065,2024-12-01,Black Friday
2024-12-02,136.52545372928952,Product_065,2024-12-08,Normal
2024-12-09,142.0186073926652,Product_065,2024-12-15,Normal
2024-12-16,141.9724919396224,Product_065,2024-12-22,Normal
2024-12-23,144.74942465178023,Product_065,2024-12-29,Normal
2024-12-30,144.0924934990958,Product_065,2025-01-05,Normal
2023-01-02,84.34555439187815,Product_066,2023-01-08,Normal
2023-01-09,87.60481492842827,Product_066,2023-01-15,Normal
2023-01-16,84.08446421902823,Product_066,2023-01-22,Normal
2023-01-23,102.33025292225898,Product_066,2023-01-29,Normal
2023-01-30,90.7663040550988,Product_066,2023-02-05,Normal
2023-02-06,96.03578927521532,Product_066,2023-02-12,Normal
2023-02-13,98.37520007350004,Product_066,2023-02-19,Normal
2023-02-20,107.50951526895916,Product_066,2023-02-26,Normal
2023-02-27,106.39671953631564,Product_066,2023-03-05,Normal
2023-03-06,112.5670707180338,Product_066,2023-03-12,Normal
2023-03-13,113.75368144917567,Product_066,2023-03-19,Normal
2023-03-20,114.67477698849456,Product_066,2023-03-26,Normal
2023-03-27,111.01127791443866,Product_066,2023-04-02,Normal
2023-04-03,117.13004043524208,Product_066,2023-04-09,Normal
2023-04-10,116.9157883622358,Product_066,2023-04-16,Normal
2023-04-17,118.2060039507146,Product_066,2023-04-23,Normal
2023-04-24,117.34045756316856,Product_066,2023-04-30,Normal
2023-05-01,113.0345111023991,Product_066,2023-05-07,Normal
2023-05-08,113.51713188056569,Product_066,2023-05-14,Normal
2023-05-15,111.23627520312805,Product_066,2023-05-21,BOGO
2023-05-22,215.7048448732912,Product_066,2023-05-28,BOGO
2023-05-29,108.53870695077364,Product_066,2023-06-04,Memorial Day
2023-06-05,106.64724154344684,Product_066,2023-06-11,Normal
2023-06-12,108.7342600230953,Product_066,2023-06-18,Normal
2023-06-19,105.58876574459318,Product_066,2023-06-25,Normal
2023-06-26,99.28208543622144,Product_066,2023-07-02,Normal
2023-07-03,102.48342618661232,Product_066,2023-07-09,Normal
2023-07-10,97.15639619138864,Product_066,2023-07-16,Normal
2023-07-17,98.14790624075157,Product_066,2023-07-23,Normal
2023-07-24,94.74356505476288,Product_066,2023-07-30,Normal
2023-07-31,4.449825999824533,Product_066,2023-08-06,Normal
2023-08-07,83.564954037868,Product_066,2023-08-13,Normal
2023-08-14,84.40375752194288,Product_066,2023-08-20,Normal
2023-08-21,84.16799885247787,Product_066,2023-08-27,Normal
2023-08-28,78.78977411735939,Product_066,2023-09-03,Normal
2023-09-04,75.99301724016387,Product_066,2023-09-10,Normal
2023-09-11,92.57279317606736,Product_066,2023-09-17,Normal
2023-09-18,80.85230433974571,Product_066,2023-09-24,Normal
2023-09-25,82.93702053044088,Product_066,2023-10-01,Normal
2023-10-02,83.71570328095396,Product_066,2023-10-08,Normal
2023-10-09,87.36676657320285,Product_066,2023-10-15,Normal
2023-10-16,82.127713628712,Product_066,2023-10-22,Normal
2023-10-23,86.22944798439198,Product_066,2023-10-29,Normal
2023-10-30,95.09373202656496,Product_066,2023-11-05,Normal
2023-11-06,88.96135500200481,Product_066,2023-11-12,Normal
2023-11-13,93.66856339089074,Product_066,2023-11-19,Normal
2023-11-20,409.10471379117195,Product_066,2023-11-26,Black Friday
2023-11-27,384.21734183102313,Product_066,2023-12-03,Normal
2023-12-04,103.88459468277348,Product_066,2023-12-10,Normal
2023-12-11,99.58222793228428,Product_066,2023-12-17,Normal
2023-12-18,110.16629609625087,Product_066,2023-12-24,Normal
2023-12-25,116.6141225123598,Product_066,2023-12-31,Normal
2024-01-01,122.96663115091874,Product_066,2024-01-07,Normal
2024-01-08,123.42443721975978,Product_066,2024-01-14,Normal
2024-01-15,117.03590893076506,Product_066,2024-01-21,Normal
2024-01-22,122.81806464712037,Product_066,2024-01-28,Normal
2024-01-29,131.79535469099238,Product_066,2024-02-04,Normal
2024-02-05,131.1110387133741,Product_066,2024-02-11,Normal
2024-02-12,135.2811588467377,Product_066,2024-02-18,Normal
2024-02-19,135.34575445891298,Product_066,2024-02-25,Normal
2024-02-26,147.47819574022088,Product_066,2024-03-03,Normal
2024-03-04,143.50037992933838,Product_066,2024-03-10,Normal
2024-03-11,148.41449021943785,Product_066,2024-03-17,Normal
2024-03-18,150.78992063917602,Product_066,2024-03-24,Normal
2024-03-25,147.9272675413878,Product_066,2024-03-31,Normal
2024-04-01,147.67121417874424,Product_066,2024-04-07,Normal
2024-04-08,154.17407242312095,Product_066,2024-04-14,Normal
2024-04-15,157.89489334063447,Product_066,2024-04-21,Normal
2024-04-22,154.73994202361774,Product_066,2024-04-28,Normal
2024-04-29,141.18362821362976,Product_066,2024-05-05,BOGO
2024-05-06,327.12101383678004,Product_066,2024-05-12,BOGO
2024-05-13,141.28279355393192,Product_066,2024-05-19,Normal
2024-05-20,148.5197514488703,Product_066,2024-05-26,Normal
2024-05-27,140.49141848425657,Product_066,2024-06-02,Memorial Day
2024-06-03,142.32811923597927,Product_066,2024-06-09,Normal
2024-06-10,140.34774863923184,Product_066,2024-06-16,Normal
2024-06-17,145.67578613041945,Product_066,2024-06-23,Normal
2024-06-24,130.41242630152374,Product_066,2024-06-30,Normal
2024-07-01,132.42287669007462,Product_066,2024-07-07,Normal
2024-07-08,130.73479733019806,Product_066,2024-07-14,Normal
2024-07-15,129.95833360499122,Product_066,2024-07-21,Normal
2024-07-22,124.77269838998936,Product_066,2024-07-28,Normal
2024-07-29,128.36716945569955,Product_066,2024-08-04,Normal
2024-08-05,122.38503262799692,Product_066,2024-08-11,Disc_50
2024-08-12,118.39268140170252,Product_066,2024-08-18,Disc_50
2024-08-19,724.0753528361158,Product_066,2024-08-25,Normal
2024-08-26,112.4407346872766,Product_066,2024-09-01,Normal
2024-09-02,115.93751923814108,Product_066,2024-09-08,Normal
2024-09-09,115.08889463809984,Product_066,2024-09-15,Normal
2024-09-16,109.55624567158196,Product_066,2024-09-22,Normal
2024-09-23,116.73305350274248,Product_066,2024-09-29,Normal
2024-09-30,111.637461469766,Product_066,2024-10-06,Normal
2024-10-07,113.44566464367855,Product_066,2024-10-13,Normal
2024-10-14,114.33859529456434,Product_066,2024-10-20,Normal
2024-10-21,116.59518639174324,Product_066,2024-10-27,Normal
2024-10-28,120.43126949921444,Product_066,2024-11-03,Normal
2024-11-04,129.27890411249558,Product_066,2024-11-10,Normal
2024-11-11,128.98216607200797,Product_066,2024-11-17,Normal
2024-11-18,531.5415351194331,Product_066,2024-11-24,Normal
2024-11-25,534.2527294048214,Product_066,2024-12-01,Black Friday
2024-12-02,135.9295836233624,Product_066,2024-12-08,Normal
2024-12-09,141.40483346165013,Product_066,2024-12-15,Normal
2024-12-16,132.0445923209235,Product_066,2024-12-22,Normal
2024-12-23,143.74743776469782,Product_066,2024-12-29,Normal
2024-12-30,148.02242369956167,Product_066,2025-01-05,Normal
2023-01-02,114.34784388154272,Product_067,2023-01-08,Normal
2023-01-09,113.80554784955582,Product_067,2023-01-15,Normal
2023-01-16,121.69349806823064,Product_067,2023-01-22,Normal
2023-01-23,116.8020846740077,Product_067,2023-01-29,Normal
2023-01-30,123.29788852182818,Product_067,2023-02-05,Normal
2023-02-06,128.69740796239455,Product_067,2023-02-12,Normal
2023-02-13,133.94519811923453,Product_067,2023-02-19,Normal
2023-02-20,134.76027282834664,Product_067,2023-02-26,Normal
2023-02-27,139.89429714465874,Product_067,2023-03-05,Normal
2023-03-06,136.96995328394542,Product_067,2023-03-12,Normal
2023-03-13,144.36013200704454,Product_067,2023-03-19,Normal
2023-03-20,135.62608071664965,Product_067,2023-03-26,Normal
2023-03-27,139.71104008022616,Product_067,2023-04-02,Normal
2023-04-03,141.2016500641202,Product_067,2023-04-09,Normal
2023-04-10,140.97753139550366,Product_067,2023-04-16,Normal
2023-04-17,140.85299131038843,Product_067,2023-04-23,Normal
2023-04-24,137.6847265325752,Product_067,2023-04-30,Normal
2023-05-01,140.08526271447127,Product_067,2023-05-07,Normal
2023-05-08,135.94986766445757,Product_067,2023-05-14,Normal
2023-05-15,142.9383919705502,Product_067,2023-05-21,BOGO
2023-05-22,287.3792462687782,Product_067,2023-05-28,BOGO
2023-05-29,129.98301669937558,Product_067,2023-06-04,Memorial Day
2023-06-05,124.0071598454512,Product_067,2023-06-11,Normal
2023-06-12,127.72481269872053,Product_067,2023-06-18,Normal
2023-06-19,131.44666965719554,Product_067,2023-06-25,Normal
2023-06-26,120.33857117723704,Product_067,2023-07-02,Normal
2023-07-03,123.83738544161378,Product_067,2023-07-09,Normal
2023-07-10,117.42695606086308,Product_067,2023-07-16,Normal
2023-07-17,117.650670487388,Product_067,2023-07-23,Normal
2023-07-24,112.86353140993565,Product_067,2023-07-30,Normal
2023-07-31,5.490189977485809,Product_067,2023-08-06,Normal
2023-08-07,107.18719409445396,Product_067,2023-08-13,Normal
2023-08-14,108.4569312312828,Product_067,2023-08-20,Normal
2023-08-21,104.98745570102696,Product_067,2023-08-27,Normal
2023-08-28,103.95542901361242,Product_067,2023-09-03,Normal
2023-09-04,103.7522908774212,Product_067,2023-09-10,Normal
2023-09-11,100.77352446670908,Product_067,2023-09-17,Normal
2023-09-18,104.2942924251787,Product_067,2023-09-24,Normal
2023-09-25,96.54574779143944,Product_067,2023-10-01,Normal
2023-10-02,106.924967335383,Product_067,2023-10-08,Normal
2023-10-09,99.00059790328812,Product_067,2023-10-15,Normal
2023-10-16,105.8997955833046,Product_067,2023-10-22,Normal
2023-10-23,105.04440206410706,Product_067,2023-10-29,Normal
2023-10-30,104.56066520847808,Product_067,2023-11-05,Normal
2023-11-06,98.80241917583837,Product_067,2023-11-12,Normal
2023-11-13,106.2303933150224,Product_067,2023-11-19,Normal
2023-11-20,457.4038597715544,Product_067,2023-11-26,Black Friday
2023-11-27,460.6354096396172,Product_067,2023-12-03,Normal
2023-12-04,121.76190917079002,Product_067,2023-12-10,Normal
2023-12-11,120.31313604588205,Product_067,2023-12-17,Normal
2023-12-18,119.32399519465828,Product_067,2023-12-24,Normal
2023-12-25,131.69628017267527,Product_067,2023-12-31,Normal
2024-01-01,125.50342441787544,Product_067,2024-01-07,Normal
2024-01-08,139.04430453598968,Product_067,2024-01-14,Normal
2024-01-15,137.38400819226086,Product_067,2024-01-21,Normal
2024-01-22,138.8609422566129,Product_067,2024-01-28,Normal
2024-01-29,147.8681464839828,Product_067,2024-02-04,Normal
2024-02-05,150.08535935656744,Product_067,2024-02-11,Normal
2024-02-12,151.13247273394884,Product_067,2024-02-18,Normal
2024-02-19,152.4304499606259,Product_067,2024-02-25,Normal
2024-02-26,149.45097298083687,Product_067,2024-03-03,Normal
2024-03-04,155.54799852239697,Product_067,2024-03-10,Normal
2024-03-11,158.05996289964975,Product_067,2024-03-17,Normal
2024-03-18,160.07446758696696,Product_067,2024-03-24,Normal
2024-03-25,157.3569406522329,Product_067,2024-03-31,Normal
2024-04-01,164.9900478741863,Product_067,2024-04-07,Normal
2024-04-08,150.50926819636214,Product_067,2024-04-14,Normal
2024-04-15,160.13273812756526,Product_067,2024-04-21,Normal
2024-04-22,163.38124206617752,Product_067,2024-04-28,Normal
2024-04-29,152.36183675393204,Product_067,2024-05-05,BOGO
2024-05-06,326.7290389659351,Product_067,2024-05-12,BOGO
2024-05-13,158.57038968595438,Product_067,2024-05-19,Normal
2024-05-20,152.2118141050432,Product_067,2024-05-26,Normal
2024-05-27,152.54068096155655,Product_067,2024-06-02,Memorial Day
2024-06-03,143.77546533768873,Product_067,2024-06-09,Normal
2024-06-10,152.870042933347,Product_067,2024-06-16,Normal
2024-06-17,144.21981713360606,Product_067,2024-06-23,Normal
2024-06-24,147.31084302121516,Product_067,2024-06-30,Normal
2024-07-01,131.66167019745478,Product_067,2024-07-07,Normal
2024-07-08,140.2929164514482,Product_067,2024-07-14,Normal
2024-07-15,136.6552342327358,Product_067,2024-07-21,Normal
2024-07-22,141.0354391645402,Product_067,2024-07-28,Normal
2024-07-29,136.58401234444833,Product_067,2024-08-04,Normal
2024-08-05,124.15719601910996,Product_067,2024-08-11,Disc_50
2024-08-12,122.75993039092556,Product_067,2024-08-18,Disc_50
2024-08-19,730.7480563422112,Product_067,2024-08-25,Normal
2024-08-26,124.1050017119966,Product_067,2024-09-01,Normal
2024-09-02,118.50662539628996,Product_067,2024-09-08,Normal
2024-09-09,122.7370660022322,Product_067,2024-09-15,Normal
2024-09-16,116.44810034516784,Product_067,2024-09-22,Normal
2024-09-23,121.78300162937568,Product_067,2024-09-29,Normal
2024-09-30,122.55542155318514,Product_067,2024-10-06,Normal
2024-10-07,120.7155263949977,Product_067,2024-10-13,Normal
2024-10-14,122.14591588773624,Product_067,2024-10-20,Normal
2024-10-21,113.67517041840786,Product_067,2024-10-27,Normal
2024-10-28,120.29783063758909,Product_067,2024-11-03,Normal
2024-11-04,141.8327838378362,Product_067,2024-11-10,Normal
2024-11-11,130.00177277757243,Product_067,2024-11-17,Normal
2024-11-18,500.83072011476577,Product_067,2024-11-24,Normal
2024-11-25,529.2463993323989,Product_067,2024-12-01,Black Friday
2024-12-02,133.93534035636782,Product_067,2024-12-08,Normal
2024-12-09,141.58433063282777,Product_067,2024-12-15,Normal
2024-12-16,140.79625400376435,Product_067,2024-12-22,Normal
2024-12-23,147.2521525460543,Product_067,2024-12-29,Normal
2024-12-30,151.12241385851323,Product_067,2025-01-05,Normal
2023-01-02,90.58891554310668,Product_068,2023-01-08,Normal
2023-01-09,79.16772275303751,Product_068,2023-01-15,Normal
2023-01-16,95.0605710756441,Product_068,2023-01-22,Normal
2023-01-23,91.18309483574282,Product_068,2023-01-29,Normal
2023-01-30,97.55899704684296,Product_068,2023-02-05,Normal
2023-02-06,106.24735675763152,Product_068,2023-02-12,Normal
2023-02-13,108.33876080701872,Product_068,2023-02-19,Normal
2023-02-20,106.14198305301166,Product_068,2023-02-26,Normal
2023-02-27,112.01655996698416,Product_068,2023-03-05,Normal
2023-03-06,110.74060815537575,Product_068,2023-03-12,Normal
2023-03-13,117.97569999791584,Product_068,2023-03-19,Normal
2023-03-20,119.3970584687764,Product_068,2023-03-26,Normal
2023-03-27,113.5607824772231,Product_068,2023-04-02,Normal
2023-04-03,118.70742179691028,Product_068,2023-04-09,Normal
2023-04-10,116.8165762100998,Product_068,2023-04-16,Normal
2023-04-17,120.14194295495464,Product_068,2023-04-23,Normal
2023-04-24,118.22196515740023,Product_068,2023-04-30,Normal
2023-05-01,117.57076141632314,Product_068,2023-05-07,Normal
2023-05-08,119.11436379044028,Product_068,2023-05-14,Normal
2023-05-15,118.74107549898508,Product_068,2023-05-21,BOGO
2023-05-22,224.7067522624083,Product_068,2023-05-28,BOGO
2023-05-29,112.9281346572862,Product_068,2023-06-04,Memorial Day
2023-06-05,119.0037549496267,Product_068,2023-06-11,Normal
2023-06-12,110.0924501295108,Product_068,2023-06-18,Normal
2023-06-19,108.21551667958218,Product_068,2023-06-25,Normal
2023-06-26,107.42669340564152,Product_068,2023-07-02,Normal
2023-07-03,103.64686590369313,Product_068,2023-07-09,Normal
2023-07-10,99.23117039191236,Product_068,2023-07-16,Normal
2023-07-17,99.3811911694192,Product_068,2023-07-23,Normal
2023-07-24,100.59831118244443,Product_068,2023-07-30,Normal
2023-07-31,4.69962442039247,Product_068,2023-08-06,Normal
2023-08-07,93.24112854490625,Product_068,2023-08-13,Normal
2023-08-14,86.52981768231543,Product_068,2023-08-20,Normal
2023-08-21,89.45517941318855,Product_068,2023-08-27,Normal
2023-08-28,83.44091699139132,Product_068,2023-09-03,Normal
2023-09-04,83.488828114064,Product_068,2023-09-10,Normal
2023-09-11,79.80549886900178,Product_068,2023-09-17,Normal
2023-09-18,85.09869046193153,Product_068,2023-09-24,Normal
2023-09-25,87.22248217898812,Product_068,2023-10-01,Normal
2023-10-02,88.04566754210062,Product_068,2023-10-08,Normal
2023-10-09,80.40177247513334,Product_068,2023-10-15,Normal
2023-10-16,82.92320138636529,Product_068,2023-10-22,Normal
2023-10-23,83.90919641147399,Product_068,2023-10-29,Normal
2023-10-30,85.20828462567621,Product_068,2023-11-05,Normal
2023-11-06,87.7923832708162,Product_068,2023-11-12,Normal
2023-11-13,102.1069768412026,Product_068,2023-11-19,Normal
2023-11-20,378.37976072293776,Product_068,2023-11-26,Black Friday
2023-11-27,388.2532979803064,Product_068,2023-12-03,Normal
2023-12-04,101.38992444536252,Product_068,2023-12-10,Normal
2023-12-11,104.90169202069328,Product_068,2023-12-17,Normal
2023-12-18,113.40647664085787,Product_068,2023-12-24,Normal
2023-12-25,111.7353055192853,Product_068,2023-12-31,Normal
2024-01-01,116.6852691917721,Product_068,2024-01-07,Normal
2024-01-08,121.30592153445484,Product_068,2024-01-14,Normal
2024-01-15,124.82822551361237,Product_068,2024-01-21,Normal
2024-01-22,126.4460100755036,Product_068,2024-01-28,Normal
2024-01-29,129.45559665966633,Product_068,2024-02-04,Normal
2024-02-05,133.64270143983796,Product_068,2024-02-11,Normal
2024-02-12,140.21241270910343,Product_068,2024-02-18,Normal
2024-02-19,140.6175104443897,Product_068,2024-02-25,Normal
2024-02-26,139.36235855666638,Product_068,2024-03-03,Normal
2024-03-04,149.51632877152988,Product_068,2024-03-10,Normal
2024-03-11,148.86621526794167,Product_068,2024-03-17,Normal
2024-03-18,148.50605504403035,Product_068,2024-03-24,Normal
2024-03-25,152.8671588255827,Product_068,2024-03-31,Normal
2024-04-01,156.40919013107643,Product_068,2024-04-07,Normal
2024-04-08,141.54553649339354,Product_068,2024-04-14,Normal
2024-04-15,146.4971265968413,Product_068,2024-04-21,Normal
2024-04-22,159.8681455047792,Product_068,2024-04-28,Normal
2024-04-29,146.85106589367376,Product_068,2024-05-05,BOGO
2024-05-06,319.11517102403093,Product_068,2024-05-12,BOGO
2024-05-13,145.25107473078836,Product_068,2024-05-19,Normal
2024-05-20,142.10075854051772,Product_068,2024-05-26,Normal
2024-05-27,151.4969848980196,Product_068,2024-06-02,Memorial Day
2024-06-03,138.76968072310646,Product_068,2024-06-09,Normal
2024-06-10,140.61647781121684,Product_068,2024-06-16,Normal
2024-06-17,132.59190681188147,Product_068,2024-06-23,Normal
2024-06-24,135.18972917134346,Product_068,2024-06-30,Normal
2024-07-01,134.55644370434223,Product_068,2024-07-07,Normal
2024-07-08,128.42754147721132,Product_068,2024-07-14,Normal
2024-07-15,128.2690445906087,Product_068,2024-07-21,Normal
2024-07-22,123.50688727262146,Product_068,2024-07-28,Normal
2024-07-29,123.03789619884874,Product_068,2024-08-04,Normal
2024-08-05,122.04156421502272,Product_068,2024-08-11,Disc_50
2024-08-12,123.42928668122894,Product_068,2024-08-18,Disc_50
2024-08-19,720.0397745689314,Product_068,2024-08-25,Normal
2024-08-26,122.03581741054538,Product_068,2024-09-01,Normal
2024-09-02,124.11549277837516,Product_068,2024-09-08,Normal
2024-09-09,121.482628304486,Product_068,2024-09-15,Normal
2024-09-16,112.5177466986443,Product_068,2024-09-22,Normal
2024-09-23,121.91626828783812,Product_068,2024-09-29,Normal
2024-09-30,121.35795676911098,Product_068,2024-10-06,Normal
2024-10-07,122.84098915107823,Product_068,2024-10-13,Normal
2024-10-14,117.34640654601915,Product_068,2024-10-20,Normal
2024-10-21,114.20714802378576,Product_068,2024-10-27,Normal
2024-10-28,124.36578276378926,Product_068,2024-11-03,Normal
2024-11-04,129.7977613542429,Product_068,2024-11-10,Normal
2024-11-11,126.81315432796882,Product_068,2024-11-17,Normal
2024-11-18,538.0333779073528,Product_068,2024-11-24,Normal
2024-11-25,540.7097876076524,Product_068,2024-12-01,Black Friday
2024-12-02,135.98489813620526,Product_068,2024-12-08,Normal
2024-12-09,136.12907499180153,Product_068,2024-12-15,Normal
2024-12-16,147.0368948899935,Product_068,2024-12-22,Normal
2024-12-23,145.9050072451829,Product_068,2024-12-29,Normal
2024-12-30,155.65076894682502,Product_068,2025-01-05,Normal
2023-01-02,99.82996047792692,Product_069,2023-01-08,Normal
2023-01-09,104.10138107812216,Product_069,2023-01-15,Normal
2023-01-16,107.26267805270456,Product_069,2023-01-22,Normal
2023-01-23,113.84507288527342,Product_069,2023-01-29,Normal
2023-01-30,110.3952585287726,Product_069,2023-02-05,Normal
2023-02-06,121.90402981415528,Product_069,2023-02-12,Normal
2023-02-13,120.49531895490784,Product_069,2023-02-19,Normal
2023-02-20,117.94195995783208,Product_069,2023-02-26,Normal
2023-02-27,120.98074045348106,Product_069,2023-03-05,Normal
2023-03-06,126.58070399376244,Product_069,2023-03-12,Normal
2023-03-13,132.0259305069214,Product_069,2023-03-19,Normal
2023-03-20,130.2272489183687,Product_069,2023-03-26,Normal
2023-03-27,128.080886039042,Product_069,2023-04-02,Normal
2023-04-03,133.36252482460176,Product_069,2023-04-09,Normal
2023-04-10,135.39804360720106,Product_069,2023-04-16,Normal
2023-04-17,138.25412034684487,Product_069,2023-04-23,Normal
2023-04-24,136.7202222664688,Product_069,2023-04-30,Normal
2023-05-01,133.2375573618801,Product_069,2023-05-07,Normal
2023-05-08,131.00763594737154,Product_069,2023-05-14,Normal
2023-05-15,135.48186768271552,Product_069,2023-05-21,BOGO
2023-05-22,250.02221221618757,Product_069,2023-05-28,BOGO
2023-05-29,119.98881840088232,Product_069,2023-06-04,Memorial Day
2023-06-05,123.8971982079288,Product_069,2023-06-11,Normal
2023-06-12,118.5488448672321,Product_069,2023-06-18,Normal
2023-06-19,115.81008196841503,Product_069,2023-06-25,Normal
2023-06-26,120.56505948448142,Product_069,2023-07-02,Normal
2023-07-03,110.35523186949058,Product_069,2023-07-09,Normal
2023-07-10,113.566080228577,Product_069,2023-07-16,Normal
2023-07-17,116.43755038373337,Product_069,2023-07-23,Normal
2023-07-24,110.12662940108508,Product_069,2023-07-30,Normal
2023-07-31,5.11045891177082,Product_069,2023-08-06,Normal
2023-08-07,110.7220203131879,Product_069,2023-08-13,Normal
2023-08-14,101.07117656801132,Product_069,2023-08-20,Normal
2023-08-21,105.38093625342611,Product_069,2023-08-27,Normal
2023-08-28,106.5102419339179,Product_069,2023-09-03,Normal
2023-09-04,100.63782440115064,Product_069,2023-09-10,Normal
2023-09-11,97.9579812355949,Product_069,2023-09-17,Normal
2023-09-18,95.9109311028288,Product_069,2023-09-24,Normal
2023-09-25,98.93130328178584,Product_069,2023-10-01,Normal
2023-10-02,98.39934195157606,Product_069,2023-10-08,Normal
2023-10-09,94.58429934699204,Product_069,2023-10-15,Normal
2023-10-16,95.03740640150438,Product_069,2023-10-22,Normal
2023-10-23,99.6167850631274,Product_069,2023-10-29,Normal
2023-10-30,101.46809562624362,Product_069,2023-11-05,Normal
2023-11-06,104.79022405646263,Product_069,2023-11-12,Normal
2023-11-13,95.68204613969526,Product_069,2023-11-19,Normal
2023-11-20,420.7714322397107,Product_069,2023-11-26,Black Friday
2023-11-27,454.4474085084763,Product_069,2023-12-03,Normal
2023-12-04,114.70325918320948,Product_069,2023-12-10,Normal
2023-12-11,110.10676265453746,Product_069,2023-12-17,Normal
2023-12-18,115.51149948087452,Product_069,2023-12-24,Normal
2023-12-25,121.17370671294525,Product_069,2023-12-31,Normal
2024-01-01,126.62066724560596,Product_069,2024-01-07,Normal
2024-01-08,133.75233475428342,Product_069,2024-01-14,Normal
2024-01-15,131.368992625946,Product_069,2024-01-21,Normal
2024-01-22,130.94124778300358,Product_069,2024-01-28,Normal
2024-01-29,140.78199293003664,Product_069,2024-02-04,Normal
2024-02-05,146.21266977888214,Product_069,2024-02-11,Normal
2024-02-12,143.8913365994563,Product_069,2024-02-18,Normal
2024-02-19,150.185516699984,Product_069,2024-02-25,Normal
2024-02-26,152.10908606120122,Product_069,2024-03-03,Normal
2024-03-04,144.6184843171517,Product_069,2024-03-10,Normal
2024-03-11,153.90896268592945,Product_069,2024-03-17,Normal
2024-03-18,155.04319411993134,Product_069,2024-03-24,Normal
2024-03-25,161.64047956002247,Product_069,2024-03-31,Normal
2024-04-01,159.38704854139505,Product_069,2024-04-07,Normal
2024-04-08,155.64506484547454,Product_069,2024-04-14,Normal
2024-04-15,159.5120689781573,Product_069,2024-04-21,Normal
2024-04-22,158.0411368824913,Product_069,2024-04-28,Normal
2024-04-29,159.10060659975113,Product_069,2024-05-05,BOGO
2024-05-06,320.7567208150503,Product_069,2024-05-12,BOGO
2024-05-13,155.199713823158,Product_069,2024-05-19,Normal
2024-05-20,151.6861434823154,Product_069,2024-05-26,Normal
2024-05-27,149.85699449254358,Product_069,2024-06-02,Memorial Day
2024-06-03,149.17344429201745,Product_069,2024-06-09,Normal
2024-06-10,141.63970062086074,Product_069,2024-06-16,Normal
2024-06-17,147.8743553317393,Product_069,2024-06-23,Normal
2024-06-24,142.1299469881835,Product_069,2024-06-30,Normal
2024-07-01,147.84407265124423,Product_069,2024-07-07,Normal
2024-07-08,137.96430708668925,Product_069,2024-07-14,Normal
2024-07-15,130.02786054537498,Product_069,2024-07-21,Normal
2024-07-22,129.05038291304757,Product_069,2024-07-28,Normal
2024-07-29,123.2326206487079,Product_069,2024-08-04,Normal
2024-08-05,125.71023610497498,Product_069,2024-08-11,Disc_50
2024-08-12,122.1362803967911,Product_069,2024-08-18,Disc_50
2024-08-19,723.9514240191,Product_069,2024-08-25,Normal
2024-08-26,119.20492548720703,Product_069,2024-09-01,Normal
2024-09-02,123.68735253135014,Product_069,2024-09-08,Normal
2024-09-09,117.66118764633632,Product_069,2024-09-15,Normal
2024-09-16,116.06682925014924,Product_069,2024-09-22,Normal
2024-09-23,113.6661871946753,Product_069,2024-09-29,Normal
2024-09-30,108.0341533203894,Product_069,2024-10-06,Normal
2024-10-07,113.4579113128368,Product_069,2024-10-13,Normal
2024-10-14,126.0190019872986,Product_069,2024-10-20,Normal
2024-10-21,123.13388900482776,Product_069,2024-10-27,Normal
2024-10-28,122.37806816092404,Product_069,2024-11-03,Normal
2024-11-04,129.7055989254383,Product_069,2024-11-10,Normal
2024-11-11,128.66114853687066,Product_069,2024-11-17,Normal
2024-11-18,539.8363385026662,Product_069,2024-11-24,Normal
2024-11-25,533.4441214762419,Product_069,2024-12-01,Black Friday
2024-12-02,135.763819282848,Product_069,2024-12-08,Normal
2024-12-09,137.25577551701068,Product_069,2024-12-15,Normal
2024-12-16,145.00132490784657,Product_069,2024-12-22,Normal
2024-12-23,149.84771809304314,Product_069,2024-12-29,Normal
2024-12-30,144.26798986204986,Product_069,2025-01-05,Normal
2023-01-02,106.48660411239628,Product_070,2023-01-08,Normal
2023-01-09,102.93716851152664,Product_070,2023-01-15,Normal
2023-01-16,107.6859717390618,Product_070,2023-01-22,Normal
2023-01-23,112.15853547458552,Product_070,2023-01-29,Normal
2023-01-30,110.32206447819804,Product_070,2023-02-05,Normal
2023-02-06,123.22533482410928,Product_070,2023-02-12,Normal
2023-02-13,116.38817103214558,Product_070,2023-02-19,Normal
2023-02-20,123.5353836561558,Product_070,2023-02-26,Normal
2023-02-27,124.47177804966192,Product_070,2023-03-05,Normal
2023-03-06,123.29620286383675,Product_070,2023-03-12,Normal
2023-03-13,121.56835252350008,Product_070,2023-03-19,Normal
2023-03-20,135.24484350877043,Product_070,2023-03-26,Normal
2023-03-27,131.53267796801947,Product_070,2023-04-02,Normal
2023-04-03,132.36882354426805,Product_070,2023-04-09,Normal
2023-04-10,130.01845713764783,Product_070,2023-04-16,Normal
2023-04-17,128.59589855060506,Product_070,2023-04-23,Normal
2023-04-24,128.66933499788612,Product_070,2023-04-30,Normal
2023-05-01,127.08904528514748,Product_070,2023-05-07,Normal
2023-05-08,132.63238434263872,Product_070,2023-05-14,Normal
2023-05-15,127.89280479973112,Product_070,2023-05-21,BOGO
2023-05-22,255.19149462843177,Product_070,2023-05-28,BOGO
2023-05-29,125.92941239295725,Product_070,2023-06-04,Memorial Day
2023-06-05,127.26468521724584,Product_070,2023-06-11,Normal
2023-06-12,122.02687136785327,Product_070,2023-06-18,Normal
2023-06-19,117.30211467499396,Product_070,2023-06-25,Normal
2023-06-26,118.07751641240311,Product_070,2023-07-02,Normal
2023-07-03,112.01308312666796,Product_070,2023-07-09,Normal
2023-07-10,117.55830431315152,Product_070,2023-07-16,Normal
2023-07-17,111.80949411906086,Product_070,2023-07-23,Normal
2023-07-24,105.41705504132284,Product_070,2023-07-30,Normal
2023-07-31,5.2551318552027,Product_070,2023-08-06,Normal
2023-08-07,100.771876762558,Product_070,2023-08-13,Normal
2023-08-14,103.9742632344673,Product_070,2023-08-20,Normal
2023-08-21,98.24840497097924,Product_070,2023-08-27,Normal
2023-08-28,96.39528524844243,Product_070,2023-09-03,Normal
2023-09-04,97.41115140051852,Product_070,2023-09-10,Normal
2023-09-11,94.267116671132,Product_070,2023-09-17,Normal
2023-09-18,95.76696116086272,Product_070,2023-09-24,Normal
2023-09-25,98.1663650142344,Product_070,2023-10-01,Normal
2023-10-02,95.12350313259236,Product_070,2023-10-08,Normal
2023-10-09,102.5053203689886,Product_070,2023-10-15,Normal
2023-10-16,95.79195004761382,Product_070,2023-10-22,Normal
2023-10-23,99.66207957181348,Product_070,2023-10-29,Normal
2023-10-30,97.8637686802156,Product_070,2023-11-05,Normal
2023-11-06,95.83146068527384,Product_070,2023-11-12,Normal
2023-11-13,106.66139466891096,Product_070,2023-11-19,Normal
2023-11-20,391.67443143224,Product_070,2023-11-26,Black Friday
2023-11-27,434.26949944539393,Product_070,2023-12-03,Normal
2023-12-04,110.36642555393573,Product_070,2023-12-10,Normal
2023-12-11,113.36211138935468,Product_070,2023-12-17,Normal
2023-12-18,112.71850757004404,Product_070,2023-12-24,Normal
2023-12-25,124.25649475335014,Product_070,2023-12-31,Normal
2024-01-01,122.49266947920589,Product_070,2024-01-07,Normal
2024-01-08,129.15214400379412,Product_070,2024-01-14,Normal
2024-01-15,133.36219006383038,Product_070,2024-01-21,Normal
2024-01-22,136.9941755097912,Product_070,2024-01-28,Normal
2024-01-29,136.74318274679356,Product_070,2024-02-04,Normal
2024-02-05,139.2170943513408,Product_070,2024-02-11,Normal
2024-02-12,143.05077178501023,Product_070,2024-02-18,Normal
2024-02-19,144.30658411782687,Product_070,2024-02-25,Normal
2024-02-26,152.31060835909253,Product_070,2024-03-03,Normal
2024-03-04,150.35160791804134,Product_070,2024-03-10,Normal
2024-03-11,153.1886570170491,Product_070,2024-03-17,Normal
2024-03-18,148.57771409825637,Product_070,2024-03-24,Normal
2024-03-25,155.85651216533353,Product_070,2024-03-31,Normal
2024-04-01,162.37496786221286,Product_070,2024-04-07,Normal
2024-04-08,149.93489804228065,Product_070,2024-04-14,Normal
2024-04-15,156.00883695390178,Product_070,2024-04-21,Normal
2024-04-22,150.07294086759177,Product_070,2024-04-28,Normal
2024-04-29,156.132699110839,Product_070,2024-05-05,BOGO
2024-05-06,320.4477567268414,Product_070,2024-05-12,BOGO
2024-05-13,154.67172906618092,Product_070,2024-05-19,Normal
2024-05-20,153.60726523920962,Product_070,2024-05-26,Normal
2024-05-27,147.77747835585248,Product_070,2024-06-02,Memorial Day
2024-06-03,140.02569548842806,Product_070,2024-06-09,Normal
2024-06-10,140.858376622261,Product_070,2024-06-16,Normal
2024-06-17,138.61015575495546,Product_070,2024-06-23,Normal
2024-06-24,142.82882440320896,Product_070,2024-06-30,Normal
2024-07-01,132.7142510480837,Product_070,2024-07-07,Normal
2024-07-08,134.95567775809678,Product_070,2024-07-14,Normal
2024-07-15,139.5030362989967,Product_070,2024-07-21,Normal
2024-07-22,132.01755141802417,Product_070,2024-07-28,Normal
2024-07-29,127.23755794255662,Product_070,2024-08-04,Normal
2024-08-05,129.3335016670658,Product_070,2024-08-11,Disc_50
2024-08-12,127.70322230878294,Product_070,2024-08-18,Disc_50
2024-08-19,729.1897141930872,Product_070,2024-08-25,Normal
2024-08-26,122.91590694121057,Product_070,2024-09-01,Normal
2024-09-02,116.13584112311938,Product_070,2024-09-08,Normal
2024-09-09,119.16922698423916,Product_070,2024-09-15,Normal
2024-09-16,120.63335253001291,Product_070,2024-09-22,Normal
2024-09-23,119.65936760123766,Product_070,2024-09-29,Normal
2024-09-30,124.14031946157095,Product_070,2024-10-06,Normal
2024-10-07,116.9323441309689,Product_070,2024-10-13,Normal
2024-10-14,118.23570061934092,Product_070,2024-10-20,Normal
2024-10-21,120.67005866994876,Product_070,2024-10-27,Normal
2024-10-28,127.27784818889444,Product_070,2024-11-03,Normal
2024-11-04,123.06015082189158,Product_070,2024-11-10,Normal
2024-11-11,128.35215853640045,Product_070,2024-11-17,Normal
2024-11-18,522.5876484180093,Product_070,2024-11-24,Normal
2024-11-25,510.5917096934218,Product_070,2024-12-01,Black Friday
2024-12-02,134.2522974256953,Product_070,2024-12-08,Normal
2024-12-09,144.7697973077876,Product_070,2024-12-15,Normal
2024-12-16,143.016544697624,Product_070,2024-12-22,Normal
2024-12-23,143.0007372245117,Product_070,2024-12-29,Normal
2024-12-30,145.3697499079802,Product_070,2025-01-05,Normal
2023-01-02,101.70316483202456,Product_071,2023-01-08,Normal
2023-01-09,99.9346144748804,Product_071,2023-01-15,Normal
2023-01-16,103.5446602762258,Product_071,2023-01-22,Normal
2023-01-23,111.87617371016452,Product_071,2023-01-29,Normal
2023-01-30,120.9446295933876,Product_071,2023-02-05,Normal
2023-02-06,111.45472553807856,Product_071,2023-02-12,Normal
2023-02-13,119.04792488786262,Product_071,2023-02-19,Normal
2023-02-20,122.8120962666449,Product_071,2023-02-26,Normal
2023-02-27,117.30039980117664,Product_071,2023-03-05,Normal
2023-03-06,127.61765803820566,Product_071,2023-03-12,Normal
2023-03-13,133.47472365696223,Product_071,2023-03-19,Normal
2023-03-20,136.16118011152395,Product_071,2023-03-26,Normal
2023-03-27,138.6601718406451,Product_071,2023-04-02,Normal
2023-04-03,134.93297839678723,Product_071,2023-04-09,Normal
2023-04-10,135.3687943537816,Product_071,2023-04-16,Normal
2023-04-17,130.0670167348204,Product_071,2023-04-23,Normal
2023-04-24,130.94404130089504,Product_071,2023-04-30,Normal
2023-05-01,129.78785706730946,Product_071,2023-05-07,Normal
2023-05-08,130.41777779111203,Product_071,2023-05-14,Normal
2023-05-15,122.23479188880532,Product_071,2023-05-21,BOGO
2023-05-22,239.4826838739794,Product_071,2023-05-28,BOGO
2023-05-29,123.77191704484444,Product_071,2023-06-04,Memorial Day
2023-06-05,120.87019203945444,Product_071,2023-06-11,Normal
2023-06-12,112.95910605983872,Product_071,2023-06-18,Normal
2023-06-19,119.902788331617,Product_071,2023-06-25,Normal
2023-06-26,113.96573480782558,Product_071,2023-07-02,Normal
2023-07-03,114.92126957267824,Product_071,2023-07-09,Normal
2023-07-10,115.65847571859364,Product_071,2023-07-16,Normal
2023-07-17,101.35051127337924,Product_071,2023-07-23,Normal
2023-07-24,108.1329978742922,Product_071,2023-07-30,Normal
2023-07-31,5.267289011084688,Product_071,2023-08-06,Normal
2023-08-07,99.76525729517424,Product_071,2023-08-13,Normal
2023-08-14,96.7634902325491,Product_071,2023-08-20,Normal
2023-08-21,96.3536922261512,Product_071,2023-08-27,Normal
2023-08-28,95.68683892494744,Product_071,2023-09-03,Normal
2023-09-04,100.52787199010672,Product_071,2023-09-10,Normal
2023-09-11,81.85124197877735,Product_071,2023-09-17,Normal
2023-09-18,95.6894760148842,Product_071,2023-09-24,Normal
2023-09-25,91.71090766603784,Product_071,2023-10-01,Normal
2023-10-02,97.2336117314685,Product_071,2023-10-08,Normal
2023-10-09,93.1531371861506,Product_071,2023-10-15,Normal
2023-10-16,87.82757210015724,Product_071,2023-10-22,Normal
2023-10-23,91.82869652628676,Product_071,2023-10-29,Normal
2023-10-30,94.40575248715534,Product_071,2023-11-05,Normal
2023-11-06,104.84868601488752,Product_071,2023-11-12,Normal
2023-11-13,100.2416278697031,Product_071,2023-11-19,Normal
2023-11-20,417.1865625998399,Product_071,2023-11-26,Black Friday
2023-11-27,433.53214827377985,Product_071,2023-12-03,Normal
2023-12-04,114.04730423151511,Product_071,2023-12-10,Normal
2023-12-11,118.78305206933344,Product_071,2023-12-17,Normal
2023-12-18,117.85556337239694,Product_071,2023-12-24,Normal
2023-12-25,124.09160297857797,Product_071,2023-12-31,Normal
2024-01-01,133.40088938310598,Product_071,2024-01-07,Normal
2024-01-08,128.24604704379965,Product_071,2024-01-14,Normal
2024-01-15,126.99305263010817,Product_071,2024-01-21,Normal
2024-01-22,133.1540391718808,Product_071,2024-01-28,Normal
2024-01-29,138.28453881363689,Product_071,2024-02-04,Normal
2024-02-05,143.14948386270746,Product_071,2024-02-11,Normal
2024-02-12,146.11313744703295,Product_071,2024-02-18,Normal
2024-02-19,144.73975738236393,Product_071,2024-02-25,Normal
2024-02-26,148.7075570225624,Product_071,2024-03-03,Normal
2024-03-04,152.72445740770567,Product_071,2024-03-10,Normal
2024-03-11,148.2684859312566,Product_071,2024-03-17,Normal
2024-03-18,155.46096885038514,Product_071,2024-03-24,Normal
2024-03-25,145.5403661160629,Product_071,2024-03-31,Normal
2024-04-01,162.6526914931053,Product_071,2024-04-07,Normal
2024-04-08,156.80543458422815,Product_071,2024-04-14,Normal
2024-04-15,155.31960322781396,Product_071,2024-04-21,Normal
2024-04-22,155.2432537756012,Product_071,2024-04-28,Normal
2024-04-29,151.45126311712966,Product_071,2024-05-05,BOGO
2024-05-06,336.50846822154523,Product_071,2024-05-12,BOGO
2024-05-13,149.361362469736,Product_071,2024-05-19,Normal
2024-05-20,147.23529254732685,Product_071,2024-05-26,Normal
2024-05-27,143.5253040902495,Product_071,2024-06-02,Memorial Day
2024-06-03,151.16254775446794,Product_071,2024-06-09,Normal
2024-06-10,149.18843000762124,Product_071,2024-06-16,Normal
2024-06-17,136.55001745521133,Product_071,2024-06-23,Normal
2024-06-24,129.762740174163,Product_071,2024-06-30,Normal
2024-07-01,138.042228630849,Product_071,2024-07-07,Normal
2024-07-08,130.42888348912447,Product_071,2024-07-14,Normal
2024-07-15,136.43731226938925,Product_071,2024-07-21,Normal
2024-07-22,127.5355359151323,Product_071,2024-07-28,Normal
2024-07-29,133.1916646942637,Product_071,2024-08-04,Normal
2024-08-05,123.21447556458426,Product_071,2024-08-11,Disc_50
2024-08-12,131.00781923093703,Product_071,2024-08-18,Disc_50
2024-08-19,717.5575044082832,Product_071,2024-08-25,Normal
2024-08-26,118.96374727103829,Product_071,2024-09-01,Normal
2024-09-02,114.70065714887136,Product_071,2024-09-08,Normal
2024-09-09,126.61480135759858,Product_071,2024-09-15,Normal
2024-09-16,121.35269872605556,Product_071,2024-09-22,Normal
2024-09-23,121.68581412543163,Product_071,2024-09-29,Normal
2024-09-30,122.14064319180892,Product_071,2024-10-06,Normal
2024-10-07,113.92209680244795,Product_071,2024-10-13,Normal
2024-10-14,125.56843928438124,Product_071,2024-10-20,Normal
2024-10-21,115.79327200486593,Product_071,2024-10-27,Normal
2024-10-28,125.5688791818166,Product_071,2024-11-03,Normal
2024-11-04,117.84011591819365,Product_071,2024-11-10,Normal
2024-11-11,128.21210111250448,Product_071,2024-11-17,Normal
2024-11-18,520.0874963498591,Product_071,2024-11-24,Normal
2024-11-25,528.123718520353,Product_071,2024-12-01,Black Friday
2024-12-02,136.53733306099343,Product_071,2024-12-08,Normal
2024-12-09,145.27288998303786,Product_071,2024-12-15,Normal
2024-12-16,143.9233689588175,Product_071,2024-12-22,Normal
2024-12-23,145.3135566832839,Product_071,2024-12-29,Normal
2024-12-30,144.10573748475358,Product_071,2025-01-05,Normal
2023-01-02,99.45040690142034,Product_072,2023-01-08,Normal
2023-01-09,115.77178188937482,Product_072,2023-01-15,Normal
2023-01-16,111.22095915762787,Product_072,2023-01-22,Normal
2023-01-23,112.35179174301312,Product_072,2023-01-29,Normal
2023-01-30,116.87325936664917,Product_072,2023-02-05,Normal
2023-02-06,119.80032741862132,Product_072,2023-02-12,Normal
2023-02-13,120.64435390583586,Product_072,2023-02-19,Normal
2023-02-20,128.91868976833007,Product_072,2023-02-26,Normal
2023-02-27,129.3689478796939,Product_072,2023-03-05,Normal
2023-03-06,131.78612235775637,Product_072,2023-03-12,Normal
2023-03-13,129.2429272762746,Product_072,2023-03-19,Normal
2023-03-20,128.37142915054068,Product_072,2023-03-26,Normal
2023-03-27,133.73593826197128,Product_072,2023-04-02,Normal
2023-04-03,136.79199625529188,Product_072,2023-04-09,Normal
2023-04-10,137.70485864507555,Product_072,2023-04-16,Normal
2023-04-17,141.4423064832705,Product_072,2023-04-23,Normal
2023-04-24,142.14385329215796,Product_072,2023-04-30,Normal
2023-05-01,127.96505490694491,Product_072,2023-05-07,Normal
2023-05-08,132.85483914941076,Product_072,2023-05-14,Normal
2023-05-15,130.26710508052685,Product_072,2023-05-21,BOGO
2023-05-22,263.34835243069836,Product_072,2023-05-28,BOGO
2023-05-29,131.87234989638492,Product_072,2023-06-04,Memorial Day
2023-06-05,134.28846824303685,Product_072,2023-06-11,Normal
2023-06-12,128.2788939595199,Product_072,2023-06-18,Normal
2023-06-19,116.36287955500018,Product_072,2023-06-25,Normal
2023-06-26,115.19053284230198,Product_072,2023-07-02,Normal
2023-07-03,114.14948474088044,Product_072,2023-07-09,Normal
2023-07-10,109.28100215789622,Product_072,2023-07-16,Normal
2023-07-17,103.78917098264183,Product_072,2023-07-23,Normal
2023-07-24,107.28912602107263,Product_072,2023-07-30,Normal
2023-07-31,5.063953082521813,Product_072,2023-08-06,Normal
2023-08-07,98.9749331861654,Product_072,2023-08-13,Normal
2023-08-14,104.8646161662209,Product_072,2023-08-20,Normal
2023-08-21,102.70733876342294,Product_072,2023-08-27,Normal
2023-08-28,98.32077177780045,Product_072,2023-09-03,Normal
2023-09-04,98.2258320772453,Product_072,2023-09-10,Normal
2023-09-11,101.1201918846844,Product_072,2023-09-17,Normal
2023-09-18,87.25293829140733,Product_072,2023-09-24,Normal
2023-09-25,93.81760394446836,Product_072,2023-10-01,Normal
2023-10-02,97.26294178738418,Product_072,2023-10-08,Normal
2023-10-09,91.60325946879271,Product_072,2023-10-15,Normal
2023-10-16,96.02683737358352,Product_072,2023-10-22,Normal
2023-10-23,104.37475069299514,Product_072,2023-10-29,Normal
2023-10-30,102.04760261502054,Product_072,2023-11-05,Normal
2023-11-06,103.04426835722472,Product_072,2023-11-12,Normal
2023-11-13,107.89213740156232,Product_072,2023-11-19,Normal
2023-11-20,439.10065800047494,Product_072,2023-11-26,Black Friday
2023-11-27,449.31309065395294,Product_072,2023-12-03,Normal
2023-12-04,106.62006677633744,Product_072,2023-12-10,Normal
2023-12-11,120.21835291068498,Product_072,2023-12-17,Normal
2023-12-18,121.21413414608952,Product_072,2023-12-24,Normal
2023-12-25,123.91670672414334,Product_072,2023-12-31,Normal
2024-01-01,125.1067337886382,Product_072,2024-01-07,Normal
2024-01-08,126.17028771420377,Product_072,2024-01-14,Normal
2024-01-15,128.71854428528414,Product_072,2024-01-21,Normal
2024-01-22,138.59486294452253,Product_072,2024-01-28,Normal
2024-01-29,138.0456748291083,Product_072,2024-02-04,Normal
2024-02-05,137.87155948493077,Product_072,2024-02-11,Normal
2024-02-12,136.4335460211426,Product_072,2024-02-18,Normal
2024-02-19,144.01455755022852,Product_072,2024-02-25,Normal
2024-02-26,153.02352896275056,Product_072,2024-03-03,Normal
2024-03-04,162.18270997719418,Product_072,2024-03-10,Normal
2024-03-11,160.60360964698702,Product_072,2024-03-17,Normal
2024-03-18,149.888645830734,Product_072,2024-03-24,Normal
2024-03-25,155.47443917770556,Product_072,2024-03-31,Normal
2024-04-01,158.2267755922377,Product_072,2024-04-07,Normal
2024-04-08,162.0414442465181,Product_072,2024-04-14,Normal
2024-04-15,153.82277215548504,Product_072,2024-04-21,Normal
2024-04-22,161.4441827146948,Product_072,2024-04-28,Normal
2024-04-29,154.73473953516378,Product_072,2024-05-05,BOGO
2024-05-06,340.1242147681183,Product_072,2024-05-12,BOGO
2024-05-13,151.28535454037564,Product_072,2024-05-19,Normal
2024-05-20,155.55650688215414,Product_072,2024-05-26,Normal
2024-05-27,155.5294823755484,Product_072,2024-06-02,Memorial Day
2024-06-03,145.0433436700908,Product_072,2024-06-09,Normal
2024-06-10,145.1412520178345,Product_072,2024-06-16,Normal
2024-06-17,138.93469904228297,Product_072,2024-06-23,Normal
2024-06-24,140.2735424890223,Product_072,2024-06-30,Normal
2024-07-01,133.18179483024494,Product_072,2024-07-07,Normal
2024-07-08,141.4713949759347,Product_072,2024-07-14,Normal
2024-07-15,135.7140729303527,Product_072,2024-07-21,Normal
2024-07-22,131.28483484341834,Product_072,2024-07-28,Normal
2024-07-29,128.40406525568525,Product_072,2024-08-04,Normal
2024-08-05,116.5971294708535,Product_072,2024-08-11,Disc_50
2024-08-12,121.83518031196336,Product_072,2024-08-18,Disc_50
2024-08-19,727.5469526716605,Product_072,2024-08-25,Normal
2024-08-26,124.29822387653556,Product_072,2024-09-01,Normal
2024-09-02,120.71167655045689,Product_072,2024-09-08,Normal
2024-09-09,123.39440882604288,Product_072,2024-09-15,Normal
2024-09-16,119.35631482353809,Product_072,2024-09-22,Normal
2024-09-23,120.23356983270388,Product_072,2024-09-29,Normal
2024-09-30,122.00127330461083,Product_072,2024-10-06,Normal
2024-10-07,119.83578395678816,Product_072,2024-10-13,Normal
2024-10-14,124.36669032803762,Product_072,2024-10-20,Normal
2024-10-21,120.54798925837396,Product_072,2024-10-27,Normal
2024-10-28,129.27408332494784,Product_072,2024-11-03,Normal
2024-11-04,127.08524793150428,Product_072,2024-11-10,Normal
2024-11-11,121.57002039378156,Product_072,2024-11-17,Normal
2024-11-18,511.8012995106094,Product_072,2024-11-24,Normal
2024-11-25,517.4202535858036,Product_072,2024-12-01,Black Friday
2024-12-02,138.32055629454274,Product_072,2024-12-08,Normal
2024-12-09,139.0626421451829,Product_072,2024-12-15,Normal
2024-12-16,143.69661469427592,Product_072,2024-12-22,Normal
2024-12-23,143.37505763205928,Product_072,2024-12-29,Normal
2024-12-30,148.4610296005809,Product_072,2025-01-05,Normal
2023-01-02,104.12969021627784,Product_073,2023-01-08,Normal
2023-01-09,107.40955326746622,Product_073,2023-01-15,Normal
2023-01-16,117.47989401788314,Product_073,2023-01-22,Normal
2023-01-23,109.26164790542948,Product_073,2023-01-29,Normal
2023-01-30,114.06670361662891,Product_073,2023-02-05,Normal
2023-02-06,122.60285577887616,Product_073,2023-02-12,Normal
2023-02-13,125.96441814904418,Product_073,2023-02-19,Normal
2023-02-20,127.36474727094954,Product_073,2023-02-26,Normal
2023-02-27,126.67576388145967,Product_073,2023-03-05,Normal
2023-03-06,124.44754603961114,Product_073,2023-03-12,Normal
2023-03-13,127.24982557419786,Product_073,2023-03-19,Normal
2023-03-20,129.20578289230534,Product_073,2023-03-26,Normal
2023-03-27,121.5173747556554,Product_073,2023-04-02,Normal
2023-04-03,140.28512692670083,Product_073,2023-04-09,Normal
2023-04-10,131.16633836334682,Product_073,2023-04-16,Normal
2023-04-17,133.46980775975197,Product_073,2023-04-23,Normal
2023-04-24,131.28265369280402,Product_073,2023-04-30,Normal
2023-05-01,132.90943961595286,Product_073,2023-05-07,Normal
2023-05-08,128.78351775964612,Product_073,2023-05-14,Normal
2023-05-15,124.83754270774824,Product_073,2023-05-21,BOGO
2023-05-22,251.39741345490975,Product_073,2023-05-28,BOGO
2023-05-29,129.741932470989,Product_073,2023-06-04,Memorial Day
2023-06-05,117.7087461284816,Product_073,2023-06-11,Normal
2023-06-12,122.92399122255144,Product_073,2023-06-18,Normal
2023-06-19,119.05761610708706,Product_073,2023-06-25,Normal
2023-06-26,112.59159555957362,Product_073,2023-07-02,Normal
2023-07-03,106.81492706166544,Product_073,2023-07-09,Normal
2023-07-10,110.68006274098026,Product_073,2023-07-16,Normal
2023-07-17,105.868509384976,Product_073,2023-07-23,Normal
2023-07-24,109.18455729749785,Product_073,2023-07-30,Normal
2023-07-31,5.138399002853349,Product_073,2023-08-06,Normal
2023-08-07,97.5953056707259,Product_073,2023-08-13,Normal
2023-08-14,101.97207061663973,Product_073,2023-08-20,Normal
2023-08-21,98.65265090237698,Product_073,2023-08-27,Normal
2023-08-28,97.96522783681544,Product_073,2023-09-03,Normal
2023-09-04,92.15439964393528,Product_073,2023-09-10,Normal
2023-09-11,93.44016097878232,Product_073,2023-09-17,Normal
2023-09-18,84.16954886675049,Product_073,2023-09-24,Normal
2023-09-25,98.11504928896969,Product_073,2023-10-01,Normal
2023-10-02,98.3091068574053,Product_073,2023-10-08,Normal
2023-10-09,100.06258599216775,Product_073,2023-10-15,Normal
2023-10-16,97.9727854300086,Product_073,2023-10-22,Normal
2023-10-23,102.69487609632212,Product_073,2023-10-29,Normal
2023-10-30,101.7034967930928,Product_073,2023-11-05,Normal
2023-11-06,98.8705448748094,Product_073,2023-11-12,Normal
2023-11-13,104.5676464126744,Product_073,2023-11-19,Normal
2023-11-20,421.3194923245064,Product_073,2023-11-26,Black Friday
2023-11-27,440.76798447024134,Product_073,2023-12-03,Normal
2023-12-04,114.98032824147953,Product_073,2023-12-10,Normal
2023-12-11,110.92335975034511,Product_073,2023-12-17,Normal
2023-12-18,125.48411330105505,Product_073,2023-12-24,Normal
2023-12-25,118.50915645073054,Product_073,2023-12-31,Normal
2024-01-01,121.5390380299722,Product_073,2024-01-07,Normal
2024-01-08,130.73192360629838,Product_073,2024-01-14,Normal
2024-01-15,138.81944976986904,Product_073,2024-01-21,Normal
2024-01-22,134.9381446782354,Product_073,2024-01-28,Normal
2024-01-29,131.30945828706862,Product_073,2024-02-04,Normal
2024-02-05,144.44996739580992,Product_073,2024-02-11,Normal
2024-02-12,141.1479249155716,Product_073,2024-02-18,Normal
2024-02-19,146.4911944681976,Product_073,2024-02-25,Normal
2024-02-26,151.23904676326922,Product_073,2024-03-03,Normal
2024-03-04,152.96033863180048,Product_073,2024-03-10,Normal
2024-03-11,153.17697255565724,Product_073,2024-03-17,Normal
2024-03-18,159.77827314823824,Product_073,2024-03-24,Normal
2024-03-25,155.28605091732734,Product_073,2024-03-31,Normal
2024-04-01,162.80913011814215,Product_073,2024-04-07,Normal
2024-04-08,156.53777207252216,Product_073,2024-04-14,Normal
2024-04-15,151.78309916224282,Product_073,2024-04-21,Normal
2024-04-22,161.27327198625918,Product_073,2024-04-28,Normal
2024-04-29,155.1444243180057,Product_073,2024-05-05,BOGO
2024-05-06,322.711234476246,Product_073,2024-05-12,BOGO
2024-05-13,154.22602851772712,Product_073,2024-05-19,Normal
2024-05-20,150.08917119767264,Product_073,2024-05-26,Normal
2024-05-27,154.8807032076324,Product_073,2024-06-02,Memorial Day
2024-06-03,145.19216262972984,Product_073,2024-06-09,Normal
2024-06-10,143.35760202780156,Product_073,2024-06-16,Normal
2024-06-17,135.92464769103464,Product_073,2024-06-23,Normal
2024-06-24,141.36392041044493,Product_073,2024-06-30,Normal
2024-07-01,139.28474482302877,Product_073,2024-07-07,Normal
2024-07-08,136.420947649091,Product_073,2024-07-14,Normal
2024-07-15,130.77796894491132,Product_073,2024-07-21,Normal
2024-07-22,131.20834223531935,Product_073,2024-07-28,Normal
2024-07-29,125.39315115547352,Product_073,2024-08-04,Normal
2024-08-05,129.59297748545035,Product_073,2024-08-11,Disc_50
2024-08-12,125.0128278345174,Product_073,2024-08-18,Disc_50
2024-08-19,718.8237538751262,Product_073,2024-08-25,Normal
2024-08-26,119.80851292676408,Product_073,2024-09-01,Normal
2024-09-02,126.63957356942828,Product_073,2024-09-08,Normal
2024-09-09,122.85533794128104,Product_073,2024-09-15,Normal
2024-09-16,110.0114886607446,Product_073,2024-09-22,Normal
2024-09-23,115.99276300858205,Product_073,2024-09-29,Normal
2024-09-30,119.31718826855936,Product_073,2024-10-06,Normal
2024-10-07,116.6184215260656,Product_073,2024-10-13,Normal
2024-10-14,118.17967892812275,Product_073,2024-10-20,Normal
2024-10-21,120.1568742509333,Product_073,2024-10-27,Normal
2024-10-28,127.07760390382076,Product_073,2024-11-03,Normal
2024-11-04,125.59777598693724,Product_073,2024-11-10,Normal
2024-11-11,131.39758665781056,Product_073,2024-11-17,Normal
2024-11-18,512.7597927233558,Product_073,2024-11-24,Normal
2024-11-25,519.7789781697655,Product_073,2024-12-01,Black Friday
2024-12-02,129.92380315300997,Product_073,2024-12-08,Normal
2024-12-09,141.9700282922991,Product_073,2024-12-15,Normal
2024-12-16,140.1965215936533,Product_073,2024-12-22,Normal
2024-12-23,153.0719825250014,Product_073,2024-12-29,Normal
2024-12-30,149.46865503747162,Product_073,2025-01-05,Normal
2023-01-02,108.6556287370708,Product_074,2023-01-08,Normal
2023-01-09,110.20175755583882,Product_074,2023-01-15,Normal
2023-01-16,116.74653688579956,Product_074,2023-01-22,Normal
2023-01-23,124.04271363362663,Product_074,2023-01-29,Normal
2023-01-30,124.20851566685953,Product_074,2023-02-05,Normal
2023-02-06,127.7378218333604,Product_074,2023-02-12,Normal
2023-02-13,120.65530899047992,Product_074,2023-02-19,Normal
2023-02-20,126.2145614763827,Product_074,2023-02-26,Normal
2023-02-27,133.928728102438,Product_074,2023-03-05,Normal
2023-03-06,134.12035541431337,Product_074,2023-03-12,Normal
2023-03-13,135.45753958605266,Product_074,2023-03-19,Normal
2023-03-20,134.00206562600022,Product_074,2023-03-26,Normal
2023-03-27,127.97469851241335,Product_074,2023-04-02,Normal
2023-04-03,139.76303586216838,Product_074,2023-04-09,Normal
2023-04-10,143.06525047899905,Product_074,2023-04-16,Normal
2023-04-17,139.0440409614574,Product_074,2023-04-23,Normal
2023-04-24,140.98727488101537,Product_074,2023-04-30,Normal
2023-05-01,135.37211438139923,Product_074,2023-05-07,Normal
2023-05-08,146.32867642541254,Product_074,2023-05-14,Normal
2023-05-15,139.54715671800358,Product_074,2023-05-21,BOGO
2023-05-22,269.76140704413115,Product_074,2023-05-28,BOGO
2023-05-29,121.22682534389052,Product_074,2023-06-04,Memorial Day
2023-06-05,130.76250286605125,Product_074,2023-06-11,Normal
2023-06-12,121.77480592373962,Product_074,2023-06-18,Normal
2023-06-19,129.9935269152442,Product_074,2023-06-25,Normal
2023-06-26,118.1672353427411,Product_074,2023-07-02,Normal
2023-07-03,123.00178385095228,Product_074,2023-07-09,Normal
2023-07-10,108.33859452835542,Product_074,2023-07-16,Normal
2023-07-17,106.4827772381832,Product_074,2023-07-23,Normal
2023-07-24,105.0711539639243,Product_074,2023-07-30,Normal
2023-07-31,5.47695764778551,Product_074,2023-08-06,Normal
2023-08-07,103.72540407071158,Product_074,2023-08-13,Normal
2023-08-14,99.55274373456852,Product_074,2023-08-20,Normal
2023-08-21,105.95741081197946,Product_074,2023-08-27,Normal
2023-08-28,99.99831121116414,Product_074,2023-09-03,Normal
2023-09-04,98.1791737127612,Product_074,2023-09-10,Normal
2023-09-11,102.08545696386513,Product_074,2023-09-17,Normal
2023-09-18,94.4752033061306,Product_074,2023-09-24,Normal
2023-09-25,97.50438076100193,Product_074,2023-10-01,Normal
2023-10-02,98.9731405521799,Product_074,2023-10-08,Normal
2023-10-09,98.85933470112498,Product_074,2023-10-15,Normal
2023-10-16,99.9010884576334,Product_074,2023-10-22,Normal
2023-10-23,98.98147228485216,Product_074,2023-10-29,Normal
2023-10-30,107.75653830732573,Product_074,2023-11-05,Normal
2023-11-06,100.00510651329482,Product_074,2023-11-12,Normal
2023-11-13,111.27686860082062,Product_074,2023-11-19,Normal
2023-11-20,457.8794777234962,Product_074,2023-11-26,Black Friday
2023-11-27,448.8504620815084,Product_074,2023-12-03,Normal
2023-12-04,116.85958398720712,Product_074,2023-12-10,Normal
2023-12-11,118.90867758544368,Product_074,2023-12-17,Normal
2023-12-18,122.61193955517304,Product_074,2023-12-24,Normal
2023-12-25,130.19566881184923,Product_074,2023-12-31,Normal
2024-01-01,128.33169054398783,Product_074,2024-01-07,Normal
2024-01-08,130.49692294945862,Product_074,2024-01-14,Normal
2024-01-15,132.9511935203275,Product_074,2024-01-21,Normal
2024-01-22,134.25223100241,Product_074,2024-01-28,Normal
2024-01-29,143.2792096151816,Product_074,2024-02-04,Normal
2024-02-05,151.5892842350236,Product_074,2024-02-11,Normal
2024-02-12,148.98163889379398,Product_074,2024-02-18,Normal
2024-02-19,153.2896787269425,Product_074,2024-02-25,Normal
2024-02-26,158.7136250808001,Product_074,2024-03-03,Normal
2024-03-04,159.59088973001684,Product_074,2024-03-10,Normal
2024-03-11,156.80387195573985,Product_074,2024-03-17,Normal
2024-03-18,159.33358702333203,Product_074,2024-03-24,Normal
2024-03-25,151.5894671603957,Product_074,2024-03-31,Normal
2024-04-01,153.16203874161346,Product_074,2024-04-07,Normal
2024-04-08,155.0281059179235,Product_074,2024-04-14,Normal
2024-04-15,163.86168119763676,Product_074,2024-04-21,Normal
2024-04-22,159.14853922535477,Product_074,2024-04-28,Normal
2024-04-29,158.94413224467942,Product_074,2024-05-05,BOGO
2024-05-06,323.3775399108911,Product_074,2024-05-12,BOGO
2024-05-13,155.90240060015927,Product_074,2024-05-19,Normal
2024-05-20,149.87682015684754,Product_074,2024-05-26,Normal
2024-05-27,161.09121418106264,Product_074,2024-06-02,Memorial Day
2024-06-03,157.11228666107013,Product_074,2024-06-09,Normal
2024-06-10,150.20059803905284,Product_074,2024-06-16,Normal
2024-06-17,145.84417432405365,Product_074,2024-06-23,Normal
2024-06-24,141.2900511437943,Product_074,2024-06-30,Normal
2024-07-01,137.50628068818423,Product_074,2024-07-07,Normal
2024-07-08,136.8604481468614,Product_074,2024-07-14,Normal
2024-07-15,129.91231435774924,Product_074,2024-07-21,Normal
2024-07-22,135.4685365417849,Product_074,2024-07-28,Normal
2024-07-29,128.10616230319192,Product_074,2024-08-04,Normal
2024-08-05,128.92192483695337,Product_074,2024-08-11,Disc_50
2024-08-12,124.4238060095862,Product_074,2024-08-18,Disc_50
2024-08-19,725.7845158184749,Product_074,2024-08-25,Normal
2024-08-26,114.7932736167012,Product_074,2024-09-01,Normal
2024-09-02,122.82481466214384,Product_074,2024-09-08,Normal
2024-09-09,122.11761494328354,Product_074,2024-09-15,Normal
2024-09-16,123.07254273978003,Product_074,2024-09-22,Normal
2024-09-23,117.51256597141833,Product_074,2024-09-29,Normal
2024-09-30,123.5698166562889,Product_074,2024-10-06,Normal
2024-10-07,126.04730216727653,Product_074,2024-10-13,Normal
2024-10-14,113.71155354622042,Product_074,2024-10-20,Normal
2024-10-21,124.07822802909524,Product_074,2024-10-27,Normal
2024-10-28,124.24122655272468,Product_074,2024-11-03,Normal
2024-11-04,129.13441436018002,Product_074,2024-11-10,Normal
2024-11-11,130.44296295611318,Product_074,2024-11-17,Normal
2024-11-18,540.933597990008,Product_074,2024-11-24,Normal
2024-11-25,514.3874574799776,Product_074,2024-12-01,Black Friday
2024-12-02,129.9921642549636,Product_074,2024-12-08,Normal
2024-12-09,139.70992196458212,Product_074,2024-12-15,Normal
2024-12-16,145.72351140951685,Product_074,2024-12-22,Normal
2024-12-23,142.61528762054678,Product_074,2024-12-29,Normal
2024-12-30,146.946841520085,Product_074,2025-01-05,Normal
2023-01-02,96.1272681758362,Product_075,2023-01-08,Normal
2023-01-09,97.8035520148776,Product_075,2023-01-15,Normal
2023-01-16,107.26965295533962,Product_075,2023-01-22,Normal
2023-01-23,115.342227778896,Product_075,2023-01-29,Normal
2023-01-30,111.62564892111764,Product_075,2023-02-05,Normal
2023-02-06,116.8037522719705,Product_075,2023-02-12,Normal
2023-02-13,117.05337474323316,Product_075,2023-02-19,Normal
2023-02-20,123.00648389925784,Product_075,2023-02-26,Normal
2023-02-27,125.48583583117382,Product_075,2023-03-05,Normal
2023-03-06,128.3336685296805,Product_075,2023-03-12,Normal
2023-03-13,124.40450149887636,Product_075,2023-03-19,Normal
2023-03-20,120.48060418566897,Product_075,2023-03-26,Normal
2023-03-27,132.5382430750268,Product_075,2023-04-02,Normal
2023-04-03,133.059481998932,Product_075,2023-04-09,Normal
2023-04-10,133.13495262180888,Product_075,2023-04-16,Normal
2023-04-17,130.2839328674325,Product_075,2023-04-23,Normal
2023-04-24,138.7282927812229,Product_075,2023-04-30,Normal
2023-05-01,132.47176370752405,Product_075,2023-05-07,Normal
2023-05-08,127.38053874255104,Product_075,2023-05-14,Normal
2023-05-15,129.3043169885733,Product_075,2023-05-21,BOGO
2023-05-22,248.98105347724885,Product_075,2023-05-28,BOGO
2023-05-29,127.56386116945028,Product_075,2023-06-04,Memorial Day
2023-06-05,121.4758735112856,Product_075,2023-06-11,Normal
2023-06-12,116.50489795321204,Product_075,2023-06-18,Normal
2023-06-19,122.75658606694256,Product_075,2023-06-25,Normal
2023-06-26,118.939948701053,Product_075,2023-07-02,Normal
2023-07-03,110.52768074869466,Product_075,2023-07-09,Normal
2023-07-10,113.39203485504513,Product_075,2023-07-16,Normal
2023-07-17,106.76048591312365,Product_075,2023-07-23,Normal
2023-07-24,102.00618872369871,Product_075,2023-07-30,Normal
2023-07-31,5.17893662645074,Product_075,2023-08-06,Normal
2023-08-07,101.99055346208574,Product_075,2023-08-13,Normal
2023-08-14,99.05624881910364,Product_075,2023-08-20,Normal
2023-08-21,106.29990464442544,Product_075,2023-08-27,Normal
2023-08-28,100.46108557990692,Product_075,2023-09-03,Normal
2023-09-04,93.44131928750252,Product_075,2023-09-10,Normal
2023-09-11,93.83982541190524,Product_075,2023-09-17,Normal
2023-09-18,86.29308456045305,Product_075,2023-09-24,Normal
2023-09-25,95.98525364126655,Product_075,2023-10-01,Normal
2023-10-02,97.66395419405464,Product_075,2023-10-08,Normal
2023-10-09,92.57323644274204,Product_075,2023-10-15,Normal
2023-10-16,88.33779628594041,Product_075,2023-10-22,Normal
2023-10-23,92.12593475953396,Product_075,2023-10-29,Normal
2023-10-30,102.81474775204528,Product_075,2023-11-05,Normal
2023-11-06,96.53078570578693,Product_075,2023-11-12,Normal
2023-11-13,103.64175907386948,Product_075,2023-11-19,Normal
2023-11-20,426.22805622726,Product_075,2023-11-26,Black Friday
2023-11-27,425.71476697302177,Product_075,2023-12-03,Normal
2023-12-04,109.51352686873123,Product_075,2023-12-10,Normal
2023-12-11,115.11353412858124,Product_075,2023-12-17,Normal
2023-12-18,112.52541168094898,Product_075,2023-12-24,Normal
2023-12-25,114.16614870429032,Product_075,2023-12-31,Normal
2024-01-01,121.9103158487417,Product_075,2024-01-07,Normal
2024-01-08,133.88654576071687,Product_075,2024-01-14,Normal
2024-01-15,135.7039494643327,Product_075,2024-01-21,Normal
2024-01-22,132.6531173008867,Product_075,2024-01-28,Normal
2024-01-29,136.24181811811007,Product_075,2024-02-04,Normal
2024-02-05,143.62324613150307,Product_075,2024-02-11,Normal
2024-02-12,146.16809479247732,Product_075,2024-02-18,Normal
2024-02-19,146.41736740144793,Product_075,2024-02-25,Normal
2024-02-26,147.74082447090132,Product_075,2024-03-03,Normal
2024-03-04,150.799604810415,Product_075,2024-03-10,Normal
2024-03-11,153.11724181317422,Product_075,2024-03-17,Normal
2024-03-18,147.62861130494807,Product_075,2024-03-24,Normal
2024-03-25,154.01122578437352,Product_075,2024-03-31,Normal
2024-04-01,151.61339639190527,Product_075,2024-04-07,Normal
2024-04-08,155.31487729936893,Product_075,2024-04-14,Normal
2024-04-15,158.23283312265988,Product_075,2024-04-21,Normal
2024-04-22,160.40107300811354,Product_075,2024-04-28,Normal
2024-04-29,148.34726108084615,Product_075,2024-05-05,BOGO
2024-05-06,323.5093358445221,Product_075,2024-05-12,BOGO
2024-05-13,154.77423418382813,Product_075,2024-05-19,Normal
2024-05-20,157.11924469716465,Product_075,2024-05-26,Normal
2024-05-27,144.07032487023264,Product_075,2024-06-02,Memorial Day
2024-06-03,151.65055911665408,Product_075,2024-06-09,Normal
2024-06-10,147.06867905510995,Product_075,2024-06-16,Normal
2024-06-17,148.3925054659727,Product_075,2024-06-23,Normal
2024-06-24,140.61525147850188,Product_075,2024-06-30,Normal
2024-07-01,137.266297280981,Product_075,2024-07-07,Normal
2024-07-08,132.7744437530639,Product_075,2024-07-14,Normal
2024-07-15,132.03536989844076,Product_075,2024-07-21,Normal
2024-07-22,135.5805789196776,Product_075,2024-07-28,Normal
2024-07-29,123.03426947307084,Product_075,2024-08-04,Normal
2024-08-05,126.58735822024342,Product_075,2024-08-11,Disc_50
2024-08-12,125.80126747947445,Product_075,2024-08-18,Disc_50
2024-08-19,722.4552690100575,Product_075,2024-08-25,Normal
2024-08-26,120.69000494602396,Product_075,2024-09-01,Normal
2024-09-02,116.73522354187668,Product_075,2024-09-08,Normal
2024-09-09,117.48557438910365,Product_075,2024-09-15,Normal
2024-09-16,118.8762467932618,Product_075,2024-09-22,Normal
2024-09-23,115.83375977109644,Product_075,2024-09-29,Normal
2024-09-30,117.55554552568424,Product_075,2024-10-06,Normal
2024-10-07,114.09988421451096,Product_075,2024-10-13,Normal
2024-10-14,118.11348587311006,Product_075,2024-10-20,Normal
2024-10-21,125.51618362301608,Product_075,2024-10-27,Normal
2024-10-28,129.29628852489498,Product_075,2024-11-03,Normal
2024-11-04,124.20041775661774,Product_075,2024-11-10,Normal
2024-11-11,123.03994833623132,Product_075,2024-11-17,Normal
2024-11-18,528.9207542812111,Product_075,2024-11-24,Normal
2024-11-25,527.0775097315978,Product_075,2024-12-01,Black Friday
2024-12-02,141.0103414210184,Product_075,2024-12-08,Normal
2024-12-09,141.81119199681325,Product_075,2024-12-15,Normal
2024-12-16,142.18724519031838,Product_075,2024-12-22,Normal
2024-12-23,154.96402962218906,Product_075,2024-12-29,Normal
2024-12-30,142.29394563712432,Product_075,2025-01-05,Normal
2023-01-02,118.17987466184468,Product_076,2023-01-08,Normal
2023-01-09,131.1322235158906,Product_076,2023-01-15,Normal
2023-01-16,126.28803908015064,Product_076,2023-01-22,Normal
2023-01-23,131.94344431275584,Product_076,2023-01-29,Normal
2023-01-30,134.73911429010323,Product_076,2023-02-05,Normal
2023-02-06,139.7013792441659,Product_076,2023-02-12,Normal
2023-02-13,132.39124222744826,Product_076,2023-02-19,Normal
2023-02-20,141.56010514635997,Product_076,2023-02-26,Normal
2023-02-27,141.35284206446752,Product_076,2023-03-05,Normal
2023-03-06,139.23631482231494,Product_076,2023-03-12,Normal
2023-03-13,138.98266289363346,Product_076,2023-03-19,Normal
2023-03-20,148.65794971249218,Product_076,2023-03-26,Normal
2023-03-27,148.79971392256235,Product_076,2023-04-02,Normal
2023-04-03,154.70736804527576,Product_076,2023-04-09,Normal
2023-04-10,157.01727356963173,Product_076,2023-04-16,Normal
2023-04-17,150.41872029438275,Product_076,2023-04-23,Normal
2023-04-24,142.55742813421955,Product_076,2023-04-30,Normal
2023-05-01,149.9636805412028,Product_076,2023-05-07,Normal
2023-05-08,149.17191833560508,Product_076,2023-05-14,Normal
2023-05-15,150.68447186734647,Product_076,2023-05-21,BOGO
2023-05-22,292.4818669788922,Product_076,2023-05-28,BOGO
2023-05-29,145.8662336291516,Product_076,2023-06-04,Memorial Day
2023-06-05,144.09445306091192,Product_076,2023-06-11,Normal
2023-06-12,133.6478422224984,Product_076,2023-06-18,Normal
2023-06-19,133.35483694335687,Product_076,2023-06-25,Normal
2023-06-26,129.4429155353281,Product_076,2023-07-02,Normal
2023-07-03,121.70317488884504,Product_076,2023-07-09,Normal
2023-07-10,117.53915520232589,Product_076,2023-07-16,Normal
2023-07-17,118.988909804404,Product_076,2023-07-23,Normal
2023-07-24,117.150348554805,Product_076,2023-07-30,Normal
2023-07-31,5.745053180523969,Product_076,2023-08-06,Normal
2023-08-07,106.77359160034436,Product_076,2023-08-13,Normal
2023-08-14,116.6505199109495,Product_076,2023-08-20,Normal
2023-08-21,113.05336167649726,Product_076,2023-08-27,Normal
2023-08-28,112.07884630809794,Product_076,2023-09-03,Normal
2023-09-04,109.0724223498346,Product_076,2023-09-10,Normal
2023-09-11,103.67006172612788,Product_076,2023-09-17,Normal
2023-09-18,109.21498456105742,Product_076,2023-09-24,Normal
2023-09-25,99.36541088058952,Product_076,2023-10-01,Normal
2023-10-02,105.2717048658166,Product_076,2023-10-08,Normal
2023-10-09,108.77786964312592,Product_076,2023-10-15,Normal
2023-10-16,105.92828008232924,Product_076,2023-10-22,Normal
2023-10-23,107.88537994029448,Product_076,2023-10-29,Normal
2023-10-30,109.39771060243008,Product_076,2023-11-05,Normal
2023-11-06,108.8286896357351,Product_076,2023-11-12,Normal
2023-11-13,117.11518640468267,Product_076,2023-11-19,Normal
2023-11-20,445.547305033727,Product_076,2023-11-26,Black Friday
2023-11-27,468.6811825048616,Product_076,2023-12-03,Normal
2023-12-04,117.67697386578648,Product_076,2023-12-10,Normal
2023-12-11,130.12746530386167,Product_076,2023-12-17,Normal
2023-12-18,122.0109792818457,Product_076,2023-12-24,Normal
2023-12-25,130.27513182282578,Product_076,2023-12-31,Normal
2024-01-01,132.0831026187185,Product_076,2024-01-07,Normal
2024-01-08,132.2005125576105,Product_076,2024-01-14,Normal
2024-01-15,144.1413809732539,Product_076,2024-01-21,Normal
2024-01-22,149.46206508059194,Product_076,2024-01-28,Normal
2024-01-29,146.36433959496645,Product_076,2024-02-04,Normal
2024-02-05,154.23760948073092,Product_076,2024-02-11,Normal
2024-02-12,155.33698122117545,Product_076,2024-02-18,Normal
2024-02-19,147.65018299179368,Product_076,2024-02-25,Normal
2024-02-26,156.08128318403337,Product_076,2024-03-03,Normal
2024-03-04,155.53617007680398,Product_076,2024-03-10,Normal
2024-03-11,161.15138998267875,Product_076,2024-03-17,Normal
2024-03-18,154.33315654117905,Product_076,2024-03-24,Normal
2024-03-25,155.55695132813807,Product_076,2024-03-31,Normal
2024-04-01,165.5025510142645,Product_076,2024-04-07,Normal
2024-04-08,156.5751300705149,Product_076,2024-04-14,Normal
2024-04-15,161.77125880259038,Product_076,2024-04-21,Normal
2024-04-22,167.2601052646087,Product_076,2024-04-28,Normal
2024-04-29,161.995552769723,Product_076,2024-05-05,BOGO
2024-05-06,327.7055972783046,Product_076,2024-05-12,BOGO
2024-05-13,156.45603723795924,Product_076,2024-05-19,Normal
2024-05-20,155.7593079860252,Product_076,2024-05-26,Normal
2024-05-27,148.08102889191863,Product_076,2024-06-02,Memorial Day
2024-06-03,154.70844968321688,Product_076,2024-06-09,Normal
2024-06-10,149.54377446747682,Product_076,2024-06-16,Normal
2024-06-17,143.58689880740187,Product_076,2024-06-23,Normal
2024-06-24,143.75787567341857,Product_076,2024-06-30,Normal
2024-07-01,139.6748311726221,Product_076,2024-07-07,Normal
2024-07-08,144.24657225275882,Product_076,2024-07-14,Normal
2024-07-15,140.3819243145635,Product_076,2024-07-21,Normal
2024-07-22,135.54198046823478,Product_076,2024-07-28,Normal
2024-07-29,119.9975028433842,Product_076,2024-08-04,Normal
2024-08-05,132.10094154738866,Product_076,2024-08-11,Disc_50
2024-08-12,137.20402836895104,Product_076,2024-08-18,Disc_50
2024-08-19,723.0050992735369,Product_076,2024-08-25,Normal
2024-08-26,119.73080273216452,Product_076,2024-09-01,Normal
2024-09-02,129.24863712270644,Product_076,2024-09-08,Normal
2024-09-09,126.97275518066364,Product_076,2024-09-15,Normal
2024-09-16,128.1194880455379,Product_076,2024-09-22,Normal
2024-09-23,119.75326222809716,Product_076,2024-09-29,Normal
2024-09-30,130.99364145865087,Product_076,2024-10-06,Normal
2024-10-07,119.66369130686148,Product_076,2024-10-13,Normal
2024-10-14,126.96189969734188,Product_076,2024-10-20,Normal
2024-10-21,124.28950162152246,Product_076,2024-10-27,Normal
2024-10-28,124.1235377345475,Product_076,2024-11-03,Normal
2024-11-04,123.382728381412,Product_076,2024-11-10,Normal
2024-11-11,126.4119890676092,Product_076,2024-11-17,Normal
2024-11-18,547.0660295840298,Product_076,2024-11-24,Normal
2024-11-25,541.3366199811117,Product_076,2024-12-01,Black Friday
2024-12-02,139.19317620746753,Product_076,2024-12-08,Normal
2024-12-09,144.74897463888826,Product_076,2024-12-15,Normal
2024-12-16,145.43956924241593,Product_076,2024-12-22,Normal
2024-12-23,145.7650398761763,Product_076,2024-12-29,Normal
2024-12-30,151.77923278010223,Product_076,2025-01-05,Normal
2023-01-02,75.90789727365802,Product_077,2023-01-08,Normal
2023-01-09,84.89832067256111,Product_077,2023-01-15,Normal
2023-01-16,86.20843793072854,Product_077,2023-01-22,Normal
2023-01-23,100.25542956953664,Product_077,2023-01-29,Normal
2023-01-30,96.51375061612724,Product_077,2023-02-05,Normal
2023-02-06,110.51058928274932,Product_077,2023-02-12,Normal
2023-02-13,105.19379135139437,Product_077,2023-02-19,Normal
2023-02-20,104.60323013396444,Product_077,2023-02-26,Normal
2023-02-27,105.55582487613196,Product_077,2023-03-05,Normal
2023-03-06,107.64037684445364,Product_077,2023-03-12,Normal
2023-03-13,114.97528709694924,Product_077,2023-03-19,Normal
2023-03-20,114.3075805264394,Product_077,2023-03-26,Normal
2023-03-27,116.42803608643158,Product_077,2023-04-02,Normal
2023-04-03,118.0135823964814,Product_077,2023-04-09,Normal
2023-04-10,120.46561472626108,Product_077,2023-04-16,Normal
2023-04-17,116.40975230805874,Product_077,2023-04-23,Normal
2023-04-24,119.4307975763477,Product_077,2023-04-30,Normal
2023-05-01,117.68672614483656,Product_077,2023-05-07,Normal
2023-05-08,115.44246948777756,Product_077,2023-05-14,Normal
2023-05-15,113.36895923751966,Product_077,2023-05-21,BOGO
2023-05-22,228.9471780166011,Product_077,2023-05-28,BOGO
2023-05-29,106.36310563358496,Product_077,2023-06-04,Memorial Day
2023-06-05,113.00552689597455,Product_077,2023-06-11,Normal
2023-06-12,117.82503207725946,Product_077,2023-06-18,Normal
2023-06-19,101.3585640923513,Product_077,2023-06-25,Normal
2023-06-26,99.753782234925,Product_077,2023-07-02,Normal
2023-07-03,97.6549684770914,Product_077,2023-07-09,Normal
2023-07-10,93.10280368002095,Product_077,2023-07-16,Normal
2023-07-17,92.55499529191069,Product_077,2023-07-23,Normal
2023-07-24,89.01184689489948,Product_077,2023-07-30,Normal
2023-07-31,4.553566169848868,Product_077,2023-08-06,Normal
2023-08-07,90.05287581696476,Product_077,2023-08-13,Normal
2023-08-14,92.49795780846628,Product_077,2023-08-20,Normal
2023-08-21,93.16050788369772,Product_077,2023-08-27,Normal
2023-08-28,80.59836188094586,Product_077,2023-09-03,Normal
2023-09-04,86.19027073699918,Product_077,2023-09-10,Normal
2023-09-11,85.974237452396,Product_077,2023-09-17,Normal
2023-09-18,80.11297808813794,Product_077,2023-09-24,Normal
2023-09-25,85.48557011311362,Product_077,2023-10-01,Normal
2023-10-02,81.62954181336947,Product_077,2023-10-08,Normal
2023-10-09,82.72945029148168,Product_077,2023-10-15,Normal
2023-10-16,85.7633549903113,Product_077,2023-10-22,Normal
2023-10-23,92.20110903679937,Product_077,2023-10-29,Normal
2023-10-30,92.03647209796624,Product_077,2023-11-05,Normal
2023-11-06,91.40512971318012,Product_077,2023-11-12,Normal
2023-11-13,104.79601806931235,Product_077,2023-11-19,Normal
2023-11-20,382.4588108312245,Product_077,2023-11-26,Black Friday
2023-11-27,399.9824400979461,Product_077,2023-12-03,Normal
2023-12-04,102.09108782600327,Product_077,2023-12-10,Normal
2023-12-11,102.7206506670788,Product_077,2023-12-17,Normal
2023-12-18,107.04290045947438,Product_077,2023-12-24,Normal
2023-12-25,113.76430299168844,Product_077,2023-12-31,Normal
2024-01-01,109.80769253257688,Product_077,2024-01-07,Normal
2024-01-08,114.24508619516368,Product_077,2024-01-14,Normal
2024-01-15,121.75121448288232,Product_077,2024-01-21,Normal
2024-01-22,129.52363486490742,Product_077,2024-01-28,Normal
2024-01-29,128.65734614874523,Product_077,2024-02-04,Normal
2024-02-05,135.8361306013193,Product_077,2024-02-11,Normal
2024-02-12,133.1126975472676,Product_077,2024-02-18,Normal
2024-02-19,139.46190863838996,Product_077,2024-02-25,Normal
2024-02-26,144.31848104766323,Product_077,2024-03-03,Normal
2024-03-04,139.96408276234223,Product_077,2024-03-10,Normal
2024-03-11,147.3351417956619,Product_077,2024-03-17,Normal
2024-03-18,144.2715427122478,Product_077,2024-03-24,Normal
2024-03-25,142.97931627087473,Product_077,2024-03-31,Normal
2024-04-01,149.30674981529128,Product_077,2024-04-07,Normal
2024-04-08,156.5198508571329,Product_077,2024-04-14,Normal
2024-04-15,147.73030641607372,Product_077,2024-04-21,Normal
2024-04-22,151.40901852948136,Product_077,2024-04-28,Normal
2024-04-29,150.08630782713016,Product_077,2024-05-05,BOGO
2024-05-06,312.0453631356286,Product_077,2024-05-12,BOGO
2024-05-13,141.9180913876206,Product_077,2024-05-19,Normal
2024-05-20,146.6259533890862,Product_077,2024-05-26,Normal
2024-05-27,144.8011801648075,Product_077,2024-06-02,Memorial Day
2024-06-03,150.37532838436715,Product_077,2024-06-09,Normal
2024-06-10,137.1329481211893,Product_077,2024-06-16,Normal
2024-06-17,138.60572783744917,Product_077,2024-06-23,Normal
2024-06-24,133.31173511891052,Product_077,2024-06-30,Normal
2024-07-01,125.65167071663735,Product_077,2024-07-07,Normal
2024-07-08,131.33428982988409,Product_077,2024-07-14,Normal
2024-07-15,134.66538215245163,Product_077,2024-07-21,Normal
2024-07-22,126.95435890692374,Product_077,2024-07-28,Normal
2024-07-29,124.23457322072257,Product_077,2024-08-04,Normal
2024-08-05,119.22070459457863,Product_077,2024-08-11,Disc_50
2024-08-12,121.39905570568382,Product_077,2024-08-18,Disc_50
2024-08-19,725.6143207575021,Product_077,2024-08-25,Normal
2024-08-26,119.30547103646884,Product_077,2024-09-01,Normal
2024-09-02,120.35996419763698,Product_077,2024-09-08,Normal
2024-09-09,119.20735420452463,Product_077,2024-09-15,Normal
2024-09-16,114.73548789352068,Product_077,2024-09-22,Normal
2024-09-23,122.1154256501527,Product_077,2024-09-29,Normal
2024-09-30,115.41621043775974,Product_077,2024-10-06,Normal
2024-10-07,107.92604714109872,Product_077,2024-10-13,Normal
2024-10-14,115.97274293915127,Product_077,2024-10-20,Normal
2024-10-21,118.24363181600258,Product_077,2024-10-27,Normal
2024-10-28,125.09568365772635,Product_077,2024-11-03,Normal
2024-11-04,117.35225037731126,Product_077,2024-11-10,Normal
2024-11-11,133.18325284903645,Product_077,2024-11-17,Normal
2024-11-18,543.6458354026599,Product_077,2024-11-24,Normal
2024-11-25,547.7157159168851,Product_077,2024-12-01,Black Friday
2024-12-02,138.70879381590555,Product_077,2024-12-08,Normal
2024-12-09,136.67864697463588,Product_077,2024-12-15,Normal
2024-12-16,141.53305959269437,Product_077,2024-12-22,Normal
2024-12-23,146.05625491376412,Product_077,2024-12-29,Normal
2024-12-30,144.0079911994446,Product_077,2025-01-05,Normal
2023-01-02,97.89459919084564,Product_078,2023-01-08,Normal
2023-01-09,108.68538535070088,Product_078,2023-01-15,Normal
2023-01-16,106.42449217745563,Product_078,2023-01-22,Normal
2023-01-23,111.28127095222914,Product_078,2023-01-29,Normal
2023-01-30,115.1168929626327,Product_078,2023-02-05,Normal
2023-02-06,116.26206265412436,Product_078,2023-02-12,Normal
2023-02-13,123.56893839772064,Product_078,2023-02-19,Normal
2023-02-20,125.39091956582766,Product_078,2023-02-26,Normal
2023-02-27,123.68262336736998,Product_078,2023-03-05,Normal
2023-03-06,126.65688741633222,Product_078,2023-03-12,Normal
2023-03-13,125.88319081410962,Product_078,2023-03-19,Normal
2023-03-20,133.53341924555232,Product_078,2023-03-26,Normal
2023-03-27,133.60334862863414,Product_078,2023-04-02,Normal
2023-04-03,134.68627848690485,Product_078,2023-04-09,Normal
2023-04-10,127.43537795864748,Product_078,2023-04-16,Normal
2023-04-17,136.98774175979185,Product_078,2023-04-23,Normal
2023-04-24,135.5102862476045,Product_078,2023-04-30,Normal
2023-05-01,138.415664932625,Product_078,2023-05-07,Normal
2023-05-08,130.8362652799461,Product_078,2023-05-14,Normal
2023-05-15,128.24367654514606,Product_078,2023-05-21,BOGO
2023-05-22,255.5072030362955,Product_078,2023-05-28,BOGO
2023-05-29,128.11882175764956,Product_078,2023-06-04,Memorial Day
2023-06-05,126.98116629357172,Product_078,2023-06-11,Normal
2023-06-12,123.63883075900516,Product_078,2023-06-18,Normal
2023-06-19,116.1567122585797,Product_078,2023-06-25,Normal
2023-06-26,118.57303437599812,Product_078,2023-07-02,Normal
2023-07-03,112.60398800094742,Product_078,2023-07-09,Normal
2023-07-10,117.20651818889068,Product_078,2023-07-16,Normal
2023-07-17,100.39921154892195,Product_078,2023-07-23,Normal
2023-07-24,99.73814757194287,Product_078,2023-07-30,Normal
2023-07-31,5.293291569504741,Product_078,2023-08-06,Normal
2023-08-07,103.05702949455184,Product_078,2023-08-13,Normal
2023-08-14,94.21163706259124,Product_078,2023-08-20,Normal
2023-08-21,97.1619232392326,Product_078,2023-08-27,Normal
2023-08-28,85.58950860823384,Product_078,2023-09-03,Normal
2023-09-04,93.70345598962903,Product_078,2023-09-10,Normal
2023-09-11,90.3336508862332,Product_078,2023-09-17,Normal
2023-09-18,89.8826280022997,Product_078,2023-09-24,Normal
2023-09-25,98.47298360813596,Product_078,2023-10-01,Normal
2023-10-02,97.613853784478,Product_078,2023-10-08,Normal
2023-10-09,92.53718217356548,Product_078,2023-10-15,Normal
2023-10-16,93.73099719828672,Product_078,2023-10-22,Normal
2023-10-23,96.26358362112197,Product_078,2023-10-29,Normal
2023-10-30,94.37829919319547,Product_078,2023-11-05,Normal
2023-11-06,96.87441170701874,Product_078,2023-11-12,Normal
2023-11-13,95.22125299980158,Product_078,2023-11-19,Normal
2023-11-20,405.9706943587741,Product_078,2023-11-26,Black Friday
2023-11-27,433.8874227397805,Product_078,2023-12-03,Normal
2023-12-04,106.1394214871512,Product_078,2023-12-10,Normal
2023-12-11,116.26769414483624,Product_078,2023-12-17,Normal
2023-12-18,119.59716199451782,Product_078,2023-12-24,Normal
2023-12-25,121.85802660133623,Product_078,2023-12-31,Normal
2024-01-01,120.9711182266794,Product_078,2024-01-07,Normal
2024-01-08,127.29846574494196,Product_078,2024-01-14,Normal
2024-01-15,128.2569551697182,Product_078,2024-01-21,Normal
2024-01-22,145.18779153791326,Product_078,2024-01-28,Normal
2024-01-29,136.64200941887316,Product_078,2024-02-04,Normal
2024-02-05,136.4843816247232,Product_078,2024-02-11,Normal
2024-02-12,148.0706578599915,Product_078,2024-02-18,Normal
2024-02-19,154.25977078394374,Product_078,2024-02-25,Normal
2024-02-26,153.8927702536358,Product_078,2024-03-03,Normal
2024-03-04,152.14469458911572,Product_078,2024-03-10,Normal
2024-03-11,156.95774255466858,Product_078,2024-03-17,Normal
2024-03-18,150.75332581646165,Product_078,2024-03-24,Normal
2024-03-25,155.79364322555574,Product_078,2024-03-31,Normal
2024-04-01,162.04418619549077,Product_078,2024-04-07,Normal
2024-04-08,156.13092474478944,Product_078,2024-04-14,Normal
2024-04-15,156.35892371544804,Product_078,2024-04-21,Normal
2024-04-22,155.6988763521579,Product_078,2024-04-28,Normal
2024-04-29,161.09298135712132,Product_078,2024-05-05,BOGO
2024-05-06,326.07237649127774,Product_078,2024-05-12,BOGO
2024-05-13,158.9743044110453,Product_078,2024-05-19,Normal
2024-05-20,142.78871989824069,Product_078,2024-05-26,Normal
2024-05-27,152.5389107512385,Product_078,2024-06-02,Memorial Day
2024-06-03,140.41681122555843,Product_078,2024-06-09,Normal
2024-06-10,147.5223665497353,Product_078,2024-06-16,Normal
2024-06-17,143.8283067486758,Product_078,2024-06-23,Normal
2024-06-24,137.42496672564255,Product_078,2024-06-30,Normal
2024-07-01,144.4827605902462,Product_078,2024-07-07,Normal
2024-07-08,135.17740368672574,Product_078,2024-07-14,Normal
2024-07-15,134.3003246328054,Product_078,2024-07-21,Normal
2024-07-22,130.10327369333464,Product_078,2024-07-28,Normal
2024-07-29,133.9764639896588,Product_078,2024-08-04,Normal
2024-08-05,125.63318142884754,Product_078,2024-08-11,Disc_50
2024-08-12,122.10576359612276,Product_078,2024-08-18,Disc_50
2024-08-19,730.3667784015191,Product_078,2024-08-25,Normal
2024-08-26,125.21953469586433,Product_078,2024-09-01,Normal
2024-09-02,119.68166784922062,Product_078,2024-09-08,Normal
2024-09-09,118.76240468277231,Product_078,2024-09-15,Normal
2024-09-16,113.4821801623279,Product_078,2024-09-22,Normal
2024-09-23,114.322671193085,Product_078,2024-09-29,Normal
2024-09-30,122.44980479456969,Product_078,2024-10-06,Normal
2024-10-07,127.77989543557976,Product_078,2024-10-13,Normal
2024-10-14,126.5069639998,Product_078,2024-10-20,Normal
2024-10-21,120.81454533054524,Product_078,2024-10-27,Normal
2024-10-28,125.49311027914818,Product_078,2024-11-03,Normal
2024-11-04,128.62088493459945,Product_078,2024-11-10,Normal
2024-11-11,133.3594919557648,Product_078,2024-11-17,Normal
2024-11-18,525.9689326380375,Product_078,2024-11-24,Normal
2024-11-25,550.6312095148763,Product_078,2024-12-01,Black Friday
2024-12-02,133.26853964208408,Product_078,2024-12-08,Normal
2024-12-09,131.03451887938687,Product_078,2024-12-15,Normal
2024-12-16,143.63767967531228,Product_078,2024-12-22,Normal
2024-12-23,144.70685406055625,Product_078,2024-12-29,Normal
2024-12-30,152.05969475956826,Product_078,2025-01-05,Normal
2023-01-02,98.6909804059424,Product_079,2023-01-08,Normal
2023-01-09,95.249846950521,Product_079,2023-01-15,Normal
2023-01-16,98.98218050446846,Product_079,2023-01-22,Normal
2023-01-23,108.3683195240644,Product_079,2023-01-29,Normal
2023-01-30,101.48984148295956,Product_079,2023-02-05,Normal
2023-02-06,115.26218731961866,Product_079,2023-02-12,Normal
2023-02-13,112.7746203941674,Product_079,2023-02-19,Normal
2023-02-20,114.1577319756781,Product_079,2023-02-26,Normal
2023-02-27,118.01385862434634,Product_079,2023-03-05,Normal
2023-03-06,123.61607200364654,Product_079,2023-03-12,Normal
2023-03-13,119.5401288158178,Product_079,2023-03-19,Normal
2023-03-20,125.56001053631589,Product_079,2023-03-26,Normal
2023-03-27,120.29130061597932,Product_079,2023-04-02,Normal
2023-04-03,132.6610262549101,Product_079,2023-04-09,Normal
2023-04-10,120.26471343819688,Product_079,2023-04-16,Normal
2023-04-17,123.54068176145724,Product_079,2023-04-23,Normal
2023-04-24,123.31963828304042,Product_079,2023-04-30,Normal
2023-05-01,119.87660209664834,Product_079,2023-05-07,Normal
2023-05-08,124.24099186532062,Product_079,2023-05-14,Normal
2023-05-15,122.80901293721364,Product_079,2023-05-21,BOGO
2023-05-22,248.47389784206504,Product_079,2023-05-28,BOGO
2023-05-29,124.87866573390887,Product_079,2023-06-04,Memorial Day
2023-06-05,115.71690489495208,Product_079,2023-06-11,Normal
2023-06-12,120.11995702987343,Product_079,2023-06-18,Normal
2023-06-19,120.25571931832816,Product_079,2023-06-25,Normal
2023-06-26,110.15251345018258,Product_079,2023-07-02,Normal
2023-07-03,107.0902919461118,Product_079,2023-07-09,Normal
2023-07-10,110.04436680566604,Product_079,2023-07-16,Normal
2023-07-17,106.00238896307096,Product_079,2023-07-23,Normal
2023-07-24,93.8421993463198,Product_079,2023-07-30,Normal
2023-07-31,5.167143173314848,Product_079,2023-08-06,Normal
2023-08-07,96.36963282333738,Product_079,2023-08-13,Normal
2023-08-14,94.71558769778684,Product_079,2023-08-20,Normal
2023-08-21,94.70810200473608,Product_079,2023-08-27,Normal
2023-08-28,94.09187442835058,Product_079,2023-09-03,Normal
2023-09-04,84.78773816437275,Product_079,2023-09-10,Normal
2023-09-11,92.15712120219558,Product_079,2023-09-17,Normal
2023-09-18,88.72531926654985,Product_079,2023-09-24,Normal
2023-09-25,87.40724951573945,Product_079,2023-10-01,Normal
2023-10-02,86.77662665351211,Product_079,2023-10-08,Normal
2023-10-09,89.73236568911129,Product_079,2023-10-15,Normal
2023-10-16,97.78527802129,Product_079,2023-10-22,Normal
2023-10-23,84.86354622868423,Product_079,2023-10-29,Normal
2023-10-30,87.95658075469123,Product_079,2023-11-05,Normal
2023-11-06,99.18764264406194,Product_079,2023-11-12,Normal
2023-11-13,98.08437205890496,Product_079,2023-11-19,Normal
2023-11-20,369.4630543612632,Product_079,2023-11-26,Black Friday
2023-11-27,419.95134699525585,Product_079,2023-12-03,Normal
2023-12-04,109.56747502032027,Product_079,2023-12-10,Normal
2023-12-11,114.0824913114625,Product_079,2023-12-17,Normal
2023-12-18,117.3290521045701,Product_079,2023-12-24,Normal
2023-12-25,117.5667109855223,Product_079,2023-12-31,Normal
2024-01-01,114.70642814082689,Product_079,2024-01-07,Normal
2024-01-08,128.17434066891812,Product_079,2024-01-14,Normal
2024-01-15,131.96141915976807,Product_079,2024-01-21,Normal
2024-01-22,129.1654932282603,Product_079,2024-01-28,Normal
2024-01-29,136.79997416403276,Product_079,2024-02-04,Normal
2024-02-05,140.65789318567542,Product_079,2024-02-11,Normal
2024-02-12,138.81297667298608,Product_079,2024-02-18,Normal
2024-02-19,143.50608403194164,Product_079,2024-02-25,Normal
2024-02-26,147.3175804806569,Product_079,2024-03-03,Normal
2024-03-04,146.40659883861926,Product_079,2024-03-10,Normal
2024-03-11,152.17314920149323,Product_079,2024-03-17,Normal
2024-03-18,154.5796607576904,Product_079,2024-03-24,Normal
2024-03-25,139.86590894722812,Product_079,2024-03-31,Normal
2024-04-01,151.74637104764665,Product_079,2024-04-07,Normal
2024-04-08,158.03424927917675,Product_079,2024-04-14,Normal
2024-04-15,151.6364651013292,Product_079,2024-04-21,Normal
2024-04-22,155.48995180197272,Product_079,2024-04-28,Normal
2024-04-29,154.8882782831518,Product_079,2024-05-05,BOGO
2024-05-06,332.6910691200409,Product_079,2024-05-12,BOGO
2024-05-13,152.03506919461242,Product_079,2024-05-19,Normal
2024-05-20,148.50878390942842,Product_079,2024-05-26,Normal
2024-05-27,147.80613094828968,Product_079,2024-06-02,Memorial Day
2024-06-03,147.2652895318433,Product_079,2024-06-09,Normal
2024-06-10,144.06074147922422,Product_079,2024-06-16,Normal
2024-06-17,136.41543606628002,Product_079,2024-06-23,Normal
2024-06-24,133.2200785171815,Product_079,2024-06-30,Normal
2024-07-01,144.20850671100234,Product_079,2024-07-07,Normal
2024-07-08,134.15994842060044,Product_079,2024-07-14,Normal
2024-07-15,129.6558133893572,Product_079,2024-07-21,Normal
2024-07-22,130.75530939210338,Product_079,2024-07-28,Normal
2024-07-29,129.35009907154793,Product_079,2024-08-04,Normal
2024-08-05,127.74752479939416,Product_079,2024-08-11,Disc_50
2024-08-12,124.95519701174577,Product_079,2024-08-18,Disc_50
2024-08-19,721.3144645663316,Product_079,2024-08-25,Normal
2024-08-26,112.91368741522338,Product_079,2024-09-01,Normal
2024-09-02,122.2766352229895,Product_079,2024-09-08,Normal
2024-09-09,116.1590212525455,Product_079,2024-09-15,Normal
2024-09-16,118.0590310458266,Product_079,2024-09-22,Normal
2024-09-23,124.44380244065808,Product_079,2024-09-29,Normal
2024-09-30,119.50568104900246,Product_079,2024-10-06,Normal
2024-10-07,119.69484830138632,Product_079,2024-10-13,Normal
2024-10-14,118.33602209620162,Product_079,2024-10-20,Normal
2024-10-21,123.06524660378408,Product_079,2024-10-27,Normal
2024-10-28,123.57663868642274,Product_079,2024-11-03,Normal
2024-11-04,127.64762923437009,Product_079,2024-11-10,Normal
2024-11-11,129.58369878907732,Product_079,2024-11-17,Normal
2024-11-18,516.5707015613093,Product_079,2024-11-24,Normal
2024-11-25,535.7528319173683,Product_079,2024-12-01,Black Friday
2024-12-02,131.22521455090927,Product_079,2024-12-08,Normal
2024-12-09,141.56044637402866,Product_079,2024-12-15,Normal
2024-12-16,134.48541027566074,Product_079,2024-12-22,Normal
2024-12-23,145.5213325432714,Product_079,2024-12-29,Normal
2024-12-30,149.43017724586545,Product_079,2025-01-05,Normal
2023-01-02,108.25275711707604,Product_080,2023-01-08,Normal
2023-01-09,110.38085617347384,Product_080,2023-01-15,Normal
2023-01-16,96.45001264029924,Product_080,2023-01-22,Normal
2023-01-23,114.71558741757336,Product_080,2023-01-29,Normal
2023-01-30,109.89342399644204,Product_080,2023-02-05,Normal
2023-02-06,117.56436586254767,Product_080,2023-02-12,Normal
2023-02-13,120.35375271349255,Product_080,2023-02-19,Normal
2023-02-20,123.80709514805324,Product_080,2023-02-26,Normal
2023-02-27,124.400658422663,Product_080,2023-03-05,Normal
2023-03-06,131.27035799493748,Product_080,2023-03-12,Normal
2023-03-13,128.00336261218635,Product_080,2023-03-19,Normal
2023-03-20,136.37402900141805,Product_080,2023-03-26,Normal
2023-03-27,134.19662171305615,Product_080,2023-04-02,Normal
2023-04-03,128.47059387985516,Product_080,2023-04-09,Normal
2023-04-10,127.65649908610312,Product_080,2023-04-16,Normal
2023-04-17,134.09989450928222,Product_080,2023-04-23,Normal
2023-04-24,134.44869203245494,Product_080,2023-04-30,Normal
2023-05-01,129.95916809096104,Product_080,2023-05-07,Normal
2023-05-08,132.2488526723852,Product_080,2023-05-14,Normal
2023-05-15,126.19425267551804,Product_080,2023-05-21,BOGO
2023-05-22,257.4557369491381,Product_080,2023-05-28,BOGO
2023-05-29,120.06569142063572,Product_080,2023-06-04,Memorial Day
2023-06-05,120.1669917600039,Product_080,2023-06-11,Normal
2023-06-12,114.87103163332144,Product_080,2023-06-18,Normal
2023-06-19,114.03843498570052,Product_080,2023-06-25,Normal
2023-06-26,114.58656497772684,Product_080,2023-07-02,Normal
2023-07-03,118.72861888380464,Product_080,2023-07-09,Normal
2023-07-10,108.11321213886282,Product_080,2023-07-16,Normal
2023-07-17,108.19017043995557,Product_080,2023-07-23,Normal
2023-07-24,109.48177316225474,Product_080,2023-07-30,Normal
2023-07-31,5.362466864979183,Product_080,2023-08-06,Normal
2023-08-07,102.90693711851527,Product_080,2023-08-13,Normal
2023-08-14,99.6624565449149,Product_080,2023-08-20,Normal
2023-08-21,94.7597040189356,Product_080,2023-08-27,Normal
2023-08-28,103.82890809953808,Product_080,2023-09-03,Normal
2023-09-04,97.56196502974518,Product_080,2023-09-10,Normal
2023-09-11,98.19601381783448,Product_080,2023-09-17,Normal
2023-09-18,96.43521525499848,Product_080,2023-09-24,Normal
2023-09-25,90.96481982165068,Product_080,2023-10-01,Normal
2023-10-02,100.9320613208543,Product_080,2023-10-08,Normal
2023-10-09,98.10910496901867,Product_080,2023-10-15,Normal
2023-10-16,94.54722887790592,Product_080,2023-10-22,Normal
2023-10-23,96.89792806595354,Product_080,2023-10-29,Normal
2023-10-30,102.21130586934066,Product_080,2023-11-05,Normal
2023-11-06,104.58701441706116,Product_080,2023-11-12,Normal
2023-11-13,99.14467851566268,Product_080,2023-11-19,Normal
2023-11-20,412.400370149542,Product_080,2023-11-26,Black Friday
2023-11-27,423.46420669067834,Product_080,2023-12-03,Normal
2023-12-04,116.79781204381943,Product_080,2023-12-10,Normal
2023-12-11,119.97220163628272,Product_080,2023-12-17,Normal
2023-12-18,120.37075953164272,Product_080,2023-12-24,Normal
2023-12-25,121.60525201327869,Product_080,2023-12-31,Normal
2024-01-01,124.25756435384451,Product_080,2024-01-07,Normal
2024-01-08,128.52061328849402,Product_080,2024-01-14,Normal
2024-01-15,130.27397885413595,Product_080,2024-01-21,Normal
2024-01-22,148.20245142901734,Product_080,2024-01-28,Normal
2024-01-29,141.59145878262356,Product_080,2024-02-04,Normal
2024-02-05,144.99769204506504,Product_080,2024-02-11,Normal
2024-02-12,142.09185256708383,Product_080,2024-02-18,Normal
2024-02-19,150.3219977329656,Product_080,2024-02-25,Normal
2024-02-26,146.17310399738923,Product_080,2024-03-03,Normal
2024-03-04,160.31471329554043,Product_080,2024-03-10,Normal
2024-03-11,150.22648974848832,Product_080,2024-03-17,Normal
2024-03-18,152.7097093411006,Product_080,2024-03-24,Normal
2024-03-25,153.8492325756815,Product_080,2024-03-31,Normal
2024-04-01,161.74193592689898,Product_080,2024-04-07,Normal
2024-04-08,160.48778353131206,Product_080,2024-04-14,Normal
2024-04-15,156.05000876722974,Product_080,2024-04-21,Normal
2024-04-22,157.14404298289656,Product_080,2024-04-28,Normal
2024-04-29,158.20204883821745,Product_080,2024-05-05,BOGO
2024-05-06,331.7846783592927,Product_080,2024-05-12,BOGO
2024-05-13,148.5578410043477,Product_080,2024-05-19,Normal
2024-05-20,153.56462797615637,Product_080,2024-05-26,Normal
2024-05-27,147.9460012089105,Product_080,2024-06-02,Memorial Day
2024-06-03,149.7830093575128,Product_080,2024-06-09,Normal
2024-06-10,146.33740659056613,Product_080,2024-06-16,Normal
2024-06-17,147.54362820620648,Product_080,2024-06-23,Normal
2024-06-24,139.7935626141115,Product_080,2024-06-30,Normal
2024-07-01,137.1475489655957,Product_080,2024-07-07,Normal
2024-07-08,137.49106048362037,Product_080,2024-07-14,Normal
2024-07-15,128.4862137790298,Product_080,2024-07-21,Normal
2024-07-22,132.9667446908374,Product_080,2024-07-28,Normal
2024-07-29,127.86670745733277,Product_080,2024-08-04,Normal
2024-08-05,120.7539058472617,Product_080,2024-08-11,Disc_50
2024-08-12,129.01246413554273,Product_080,2024-08-18,Disc_50
2024-08-19,737.8367590453856,Product_080,2024-08-25,Normal
2024-08-26,116.0170108254272,Product_080,2024-09-01,Normal
2024-09-02,118.1928139022186,Product_080,2024-09-08,Normal
2024-09-09,117.86917656370156,Product_080,2024-09-15,Normal
2024-09-16,116.32262935282012,Product_080,2024-09-22,Normal
2024-09-23,115.9623014042963,Product_080,2024-09-29,Normal
2024-09-30,115.80861821197418,Product_080,2024-10-06,Normal
2024-10-07,122.61540690144231,Product_080,2024-10-13,Normal
2024-10-14,125.38955225978611,Product_080,2024-10-20,Normal
2024-10-21,121.80754521163284,Product_080,2024-10-27,Normal
2024-10-28,133.2708857736255,Product_080,2024-11-03,Normal
2024-11-04,125.78020345610928,Product_080,2024-11-10,Normal
2024-11-11,130.40778866458257,Product_080,2024-11-17,Normal
2024-11-18,534.4899909085378,Product_080,2024-11-24,Normal
2024-11-25,546.4101653629239,Product_080,2024-12-01,Black Friday
2024-12-02,130.42391959516058,Product_080,2024-12-08,Normal
2024-12-09,143.01979573535317,Product_080,2024-12-15,Normal
2024-12-16,137.5993057709313,Product_080,2024-12-22,Normal
2024-12-23,144.76374074294094,Product_080,2024-12-29,Normal
2024-12-30,151.78395375203374,Product_080,2025-01-05,Normal
2023-01-02,92.87162275866258,Product_081,2023-01-08,Normal
2023-01-09,101.0138788628882,Product_081,2023-01-15,Normal
2023-01-16,100.41568389797764,Product_081,2023-01-22,Normal
2023-01-23,109.84832899980016,Product_081,2023-01-29,Normal
2023-01-30,109.55767216094854,Product_081,2023-02-05,Normal
2023-02-06,107.51841069219287,Product_081,2023-02-12,Normal
2023-02-13,118.99810785677133,Product_081,2023-02-19,Normal
2023-02-20,116.55072735062792,Product_081,2023-02-26,Normal
2023-02-27,124.65075193344424,Product_081,2023-03-05,Normal
2023-03-06,124.15362154274068,Product_081,2023-03-12,Normal
2023-03-13,120.86770909940404,Product_081,2023-03-19,Normal
2023-03-20,127.25080895393836,Product_081,2023-03-26,Normal
2023-03-27,130.59865550153384,Product_081,2023-04-02,Normal
2023-04-03,128.73221582884432,Product_081,2023-04-09,Normal
2023-04-10,128.1465873160953,Product_081,2023-04-16,Normal
2023-04-17,122.74935490525132,Product_081,2023-04-23,Normal
2023-04-24,131.40944724797467,Product_081,2023-04-30,Normal
2023-05-01,123.84261286739516,Product_081,2023-05-07,Normal
2023-05-08,125.90181516885286,Product_081,2023-05-14,Normal
2023-05-15,125.5980082625363,Product_081,2023-05-21,BOGO
2023-05-22,249.60331857765337,Product_081,2023-05-28,BOGO
2023-05-29,117.89605790094907,Product_081,2023-06-04,Memorial Day
2023-06-05,117.49576140705332,Product_081,2023-06-11,Normal
2023-06-12,121.99233818570583,Product_081,2023-06-18,Normal
2023-06-19,111.41080570941368,Product_081,2023-06-25,Normal
2023-06-26,114.08174658426404,Product_081,2023-07-02,Normal
2023-07-03,111.03749354493516,Product_081,2023-07-09,Normal
2023-07-10,101.4526910483214,Product_081,2023-07-16,Normal
2023-07-17,105.46471626487444,Product_081,2023-07-23,Normal
2023-07-24,96.03790190978091,Product_081,2023-07-30,Normal
2023-07-31,5.266679516931458,Product_081,2023-08-06,Normal
2023-08-07,100.39314053834418,Product_081,2023-08-13,Normal
2023-08-14,103.06425993136182,Product_081,2023-08-20,Normal
2023-08-21,91.43947477670896,Product_081,2023-08-27,Normal
2023-08-28,87.10689208270969,Product_081,2023-09-03,Normal
2023-09-04,92.90314685530956,Product_081,2023-09-10,Normal
2023-09-11,93.7550358168809,Product_081,2023-09-17,Normal
2023-09-18,94.33817439395798,Product_081,2023-09-24,Normal
2023-09-25,94.54435705276312,Product_081,2023-10-01,Normal
2023-10-02,88.66341851946294,Product_081,2023-10-08,Normal
2023-10-09,94.12799354172614,Product_081,2023-10-15,Normal
2023-10-16,97.37052231407948,Product_081,2023-10-22,Normal
2023-10-23,94.33213301039358,Product_081,2023-10-29,Normal
2023-10-30,95.39617273900116,Product_081,2023-11-05,Normal
2023-11-06,100.49624938771218,Product_081,2023-11-12,Normal
2023-11-13,100.13607395965508,Product_081,2023-11-19,Normal
2023-11-20,456.3567067960589,Product_081,2023-11-26,Black Friday
2023-11-27,450.54476931145587,Product_081,2023-12-03,Normal
2023-12-04,108.14041749506674,Product_081,2023-12-10,Normal
2023-12-11,110.21524753795045,Product_081,2023-12-17,Normal
2023-12-18,122.45843317473992,Product_081,2023-12-24,Normal
2023-12-25,124.65701796367928,Product_081,2023-12-31,Normal
2024-01-01,119.39651800799138,Product_081,2024-01-07,Normal
2024-01-08,127.92038764796034,Product_081,2024-01-14,Normal
2024-01-15,130.669838934734,Product_081,2024-01-21,Normal
2024-01-22,136.70621414720608,Product_081,2024-01-28,Normal
2024-01-29,133.61578221716633,Product_081,2024-02-04,Normal
2024-02-05,133.29388869856402,Product_081,2024-02-11,Normal
2024-02-12,145.1313652572246,Product_081,2024-02-18,Normal
2024-02-19,143.36815677552843,Product_081,2024-02-25,Normal
2024-02-26,151.46894536355623,Product_081,2024-03-03,Normal
2024-03-04,152.29020403014204,Product_081,2024-03-10,Normal
2024-03-11,149.25390307018472,Product_081,2024-03-17,Normal
2024-03-18,160.87284090809072,Product_081,2024-03-24,Normal
2024-03-25,156.50441801668785,Product_081,2024-03-31,Normal
2024-04-01,153.6453492781568,Product_081,2024-04-07,Normal
2024-04-08,148.71956192824751,Product_081,2024-04-14,Normal
2024-04-15,157.99548751521013,Product_081,2024-04-21,Normal
2024-04-22,142.48085661486382,Product_081,2024-04-28,Normal
2024-04-29,154.95299668390905,Product_081,2024-05-05,BOGO
2024-05-06,317.28360694659006,Product_081,2024-05-12,BOGO
2024-05-13,153.01235654801286,Product_081,2024-05-19,Normal
2024-05-20,149.91016508697552,Product_081,2024-05-26,Normal
2024-05-27,154.3012099990033,Product_081,2024-06-02,Memorial Day
2024-06-03,144.59849955274018,Product_081,2024-06-09,Normal
2024-06-10,141.98155598157493,Product_081,2024-06-16,Normal
2024-06-17,145.38995761795104,Product_081,2024-06-23,Normal
2024-06-24,136.92586787706537,Product_081,2024-06-30,Normal
2024-07-01,134.0982272228507,Product_081,2024-07-07,Normal
2024-07-08,129.90706049917196,Product_081,2024-07-14,Normal
2024-07-15,130.66778310107594,Product_081,2024-07-21,Normal
2024-07-22,125.59073017663084,Product_081,2024-07-28,Normal
2024-07-29,124.63363104959248,Product_081,2024-08-04,Normal
2024-08-05,130.1051257235999,Product_081,2024-08-11,Disc_50
2024-08-12,124.09690825613129,Product_081,2024-08-18,Disc_50
2024-08-19,720.2670779411465,Product_081,2024-08-25,Normal
2024-08-26,128.5592693760806,Product_081,2024-09-01,Normal
2024-09-02,115.38594393082226,Product_081,2024-09-08,Normal
2024-09-09,115.0559473181469,Product_081,2024-09-15,Normal
2024-09-16,119.44198285286616,Product_081,2024-09-22,Normal
2024-09-23,113.8959973804952,Product_081,2024-09-29,Normal
2024-09-30,113.86240494451216,Product_081,2024-10-06,Normal
2024-10-07,119.51099306746246,Product_081,2024-10-13,Normal
2024-10-14,128.26945094711525,Product_081,2024-10-20,Normal
2024-10-21,127.65826748378348,Product_081,2024-10-27,Normal
2024-10-28,123.91306563438124,Product_081,2024-11-03,Normal
2024-11-04,123.40542928005604,Product_081,2024-11-10,Normal
2024-11-11,127.7811523112649,Product_081,2024-11-17,Normal
2024-11-18,532.7305841977845,Product_081,2024-11-24,Normal
2024-11-25,554.5288421378715,Product_081,2024-12-01,Black Friday
2024-12-02,134.2570095788981,Product_081,2024-12-08,Normal
2024-12-09,147.31826037600078,Product_081,2024-12-15,Normal
2024-12-16,138.77670211233104,Product_081,2024-12-22,Normal
2024-12-23,146.1063452276165,Product_081,2024-12-29,Normal
2024-12-30,152.51936575849408,Product_081,2025-01-05,Normal
2023-01-02,102.21366199291812,Product_082,2023-01-08,Normal
2023-01-09,100.77196037901656,Product_082,2023-01-15,Normal
2023-01-16,101.08570830602928,Product_082,2023-01-22,Normal
2023-01-23,104.90269974104532,Product_082,2023-01-29,Normal
2023-01-30,120.5743348264504,Product_082,2023-02-05,Normal
2023-02-06,112.21030938401252,Product_082,2023-02-12,Normal
2023-02-13,110.6722719563436,Product_082,2023-02-19,Normal
2023-02-20,121.38773129030044,Product_082,2023-02-26,Normal
2023-02-27,118.64277383282749,Product_082,2023-03-05,Normal
2023-03-06,128.054112416414,Product_082,2023-03-12,Normal
2023-03-13,128.02798216470336,Product_082,2023-03-19,Normal
2023-03-20,124.66810395172855,Product_082,2023-03-26,Normal
2023-03-27,124.7467923761438,Product_082,2023-04-02,Normal
2023-04-03,134.12611053581685,Product_082,2023-04-09,Normal
2023-04-10,133.34666671060506,Product_082,2023-04-16,Normal
2023-04-17,134.34229780479652,Product_082,2023-04-23,Normal
2023-04-24,129.43737618631084,Product_082,2023-04-30,Normal
2023-05-01,126.41640393033882,Product_082,2023-05-07,Normal
2023-05-08,122.726583539154,Product_082,2023-05-14,Normal
2023-05-15,127.76435120626138,Product_082,2023-05-21,BOGO
2023-05-22,256.56750257325075,Product_082,2023-05-28,BOGO
2023-05-29,121.21170670225004,Product_082,2023-06-04,Memorial Day
2023-06-05,118.77755858038113,Product_082,2023-06-11,Normal
2023-06-12,118.55795834756896,Product_082,2023-06-18,Normal
2023-06-19,116.40663702336174,Product_082,2023-06-25,Normal
2023-06-26,111.42916871114596,Product_082,2023-07-02,Normal
2023-07-03,109.0799954824318,Product_082,2023-07-09,Normal
2023-07-10,107.18497477737512,Product_082,2023-07-16,Normal
2023-07-17,102.66507568738174,Product_082,2023-07-23,Normal
2023-07-24,101.17134823422305,Product_082,2023-07-30,Normal
2023-07-31,5.060489852801455,Product_082,2023-08-06,Normal
2023-08-07,94.52603114760691,Product_082,2023-08-13,Normal
2023-08-14,93.76078582481654,Product_082,2023-08-20,Normal
2023-08-21,92.34357073749514,Product_082,2023-08-27,Normal
2023-08-28,96.99735815332276,Product_082,2023-09-03,Normal
2023-09-04,90.75057911112748,Product_082,2023-09-10,Normal
2023-09-11,84.8476636167273,Product_082,2023-09-17,Normal
2023-09-18,88.39881563826661,Product_082,2023-09-24,Normal
2023-09-25,92.29575088746512,Product_082,2023-10-01,Normal
2023-10-02,93.96053509957464,Product_082,2023-10-08,Normal
2023-10-09,100.28982839915162,Product_082,2023-10-15,Normal
2023-10-16,94.45973239047618,Product_082,2023-10-22,Normal
2023-10-23,93.2573868260015,Product_082,2023-10-29,Normal
2023-10-30,96.7631956569678,Product_082,2023-11-05,Normal
2023-11-06,91.02819704282491,Product_082,2023-11-12,Normal
2023-11-13,105.20061263828715,Product_082,2023-11-19,Normal
2023-11-20,434.16006611647,Product_082,2023-11-26,Black Friday
2023-11-27,403.9211226028639,Product_082,2023-12-03,Normal
2023-12-04,107.93733824800871,Product_082,2023-12-10,Normal
2023-12-11,102.02574722452589,Product_082,2023-12-17,Normal
2023-12-18,121.68696919745906,Product_082,2023-12-24,Normal
2023-12-25,116.8987242330898,Product_082,2023-12-31,Normal
2024-01-01,124.96158725629851,Product_082,2024-01-07,Normal
2024-01-08,124.40361795169906,Product_082,2024-01-14,Normal
2024-01-15,129.1439118348706,Product_082,2024-01-21,Normal
2024-01-22,133.8783176442691,Product_082,2024-01-28,Normal
2024-01-29,136.88527024942212,Product_082,2024-02-04,Normal
2024-02-05,140.22446031592145,Product_082,2024-02-11,Normal
2024-02-12,146.53475386121494,Product_082,2024-02-18,Normal
2024-02-19,148.41567916567266,Product_082,2024-02-25,Normal
2024-02-26,155.44636491134997,Product_082,2024-03-03,Normal
2024-03-04,153.39453534141543,Product_082,2024-03-10,Normal
2024-03-11,149.47103757658442,Product_082,2024-03-17,Normal
2024-03-18,148.1743179018441,Product_082,2024-03-24,Normal
2024-03-25,154.93611846594354,Product_082,2024-03-31,Normal
2024-04-01,157.51173114923154,Product_082,2024-04-07,Normal
2024-04-08,165.95019233631936,Product_082,2024-04-14,Normal
2024-04-15,150.5836314503418,Product_082,2024-04-21,Normal
2024-04-22,154.90665048464857,Product_082,2024-04-28,Normal
2024-04-29,156.4551811801608,Product_082,2024-05-05,BOGO
2024-05-06,309.33694240816044,Product_082,2024-05-12,BOGO
2024-05-13,159.20222937006196,Product_082,2024-05-19,Normal
2024-05-20,138.94327027787529,Product_082,2024-05-26,Normal
2024-05-27,145.3149079840521,Product_082,2024-06-02,Memorial Day
2024-06-03,148.30999177489892,Product_082,2024-06-09,Normal
2024-06-10,149.47753077014005,Product_082,2024-06-16,Normal
2024-06-17,144.85563639195007,Product_082,2024-06-23,Normal
2024-06-24,137.3869121955965,Product_082,2024-06-30,Normal
2024-07-01,143.76537746888172,Product_082,2024-07-07,Normal
2024-07-08,131.57633923280935,Product_082,2024-07-14,Normal
2024-07-15,134.9392160491711,Product_082,2024-07-21,Normal
2024-07-22,134.9413328964585,Product_082,2024-07-28,Normal
2024-07-29,113.610483283832,Product_082,2024-08-04,Normal
2024-08-05,130.7853971688354,Product_082,2024-08-11,Disc_50
2024-08-12,123.3133451839409,Product_082,2024-08-18,Disc_50
2024-08-19,727.404008762712,Product_082,2024-08-25,Normal
2024-08-26,123.41156824027404,Product_082,2024-09-01,Normal
2024-09-02,125.73124384045076,Product_082,2024-09-08,Normal
2024-09-09,115.73272191286692,Product_082,2024-09-15,Normal
2024-09-16,123.91152596509116,Product_082,2024-09-22,Normal
2024-09-23,122.76455388520436,Product_082,2024-09-29,Normal
2024-09-30,117.68850529159218,Product_082,2024-10-06,Normal
2024-10-07,124.99427675756728,Product_082,2024-10-13,Normal
2024-10-14,115.8619369379902,Product_082,2024-10-20,Normal
2024-10-21,125.7631972509518,Product_082,2024-10-27,Normal
2024-10-28,122.97914625820796,Product_082,2024-11-03,Normal
2024-11-04,121.77837966685188,Product_082,2024-11-10,Normal
2024-11-11,136.30233640361257,Product_082,2024-11-17,Normal
2024-11-18,547.402554365119,Product_082,2024-11-24,Normal
2024-11-25,511.6553480654105,Product_082,2024-12-01,Black Friday
2024-12-02,133.12708785380676,Product_082,2024-12-08,Normal
2024-12-09,146.5314514337312,Product_082,2024-12-15,Normal
2024-12-16,140.53002048481872,Product_082,2024-12-22,Normal
2024-12-23,140.37380705089694,Product_082,2024-12-29,Normal
2024-12-30,152.2670299488663,Product_082,2025-01-05,Normal
2023-01-02,110.4465187729368,Product_083,2023-01-08,Normal
2023-01-09,114.3002802085982,Product_083,2023-01-15,Normal
2023-01-16,106.76045865374702,Product_083,2023-01-22,Normal
2023-01-23,119.70461871257616,Product_083,2023-01-29,Normal
2023-01-30,114.81639417471432,Product_083,2023-02-05,Normal
2023-02-06,121.08876109573691,Product_083,2023-02-12,Normal
2023-02-13,130.23368044714954,Product_083,2023-02-19,Normal
2023-02-20,124.94052147639589,Product_083,2023-02-26,Normal
2023-02-27,129.04683051635786,Product_083,2023-03-05,Normal
2023-03-06,121.32350075267964,Product_083,2023-03-12,Normal
2023-03-13,131.87254677492928,Product_083,2023-03-19,Normal
2023-03-20,138.4518023379828,Product_083,2023-03-26,Normal
2023-03-27,140.92985201781866,Product_083,2023-04-02,Normal
2023-04-03,128.77390116926912,Product_083,2023-04-09,Normal
2023-04-10,137.9078833257607,Product_083,2023-04-16,Normal
2023-04-17,139.42393355463236,Product_083,2023-04-23,Normal
2023-04-24,145.12415678814216,Product_083,2023-04-30,Normal
2023-05-01,133.964920991907,Product_083,2023-05-07,Normal
2023-05-08,130.18747501138,Product_083,2023-05-14,Normal
2023-05-15,133.11463977849309,Product_083,2023-05-21,BOGO
2023-05-22,265.4012019526992,Product_083,2023-05-28,BOGO
2023-05-29,125.09380432497052,Product_083,2023-06-04,Memorial Day
2023-06-05,125.26095125021496,Product_083,2023-06-11,Normal
2023-06-12,123.71994883011924,Product_083,2023-06-18,Normal
2023-06-19,123.77120592455294,Product_083,2023-06-25,Normal
2023-06-26,117.08834790465814,Product_083,2023-07-02,Normal
2023-07-03,118.81385922392668,Product_083,2023-07-09,Normal
2023-07-10,113.44435465720974,Product_083,2023-07-16,Normal
2023-07-17,108.80526135630296,Product_083,2023-07-23,Normal
2023-07-24,114.01643423331416,Product_083,2023-07-30,Normal
2023-07-31,5.4712287402877635,Product_083,2023-08-06,Normal
2023-08-07,104.56818944012036,Product_083,2023-08-13,Normal
2023-08-14,106.64941022348282,Product_083,2023-08-20,Normal
2023-08-21,101.1300180842079,Product_083,2023-08-27,Normal
2023-08-28,102.78385909435842,Product_083,2023-09-03,Normal
2023-09-04,95.06527834712388,Product_083,2023-09-10,Normal
2023-09-11,102.95415900698082,Product_083,2023-09-17,Normal
2023-09-18,104.66932335838511,Product_083,2023-09-24,Normal
2023-09-25,99.40474802162528,Product_083,2023-10-01,Normal
2023-10-02,97.91759729785238,Product_083,2023-10-08,Normal
2023-10-09,94.38630927763822,Product_083,2023-10-15,Normal
2023-10-16,99.16592367778196,Product_083,2023-10-22,Normal
2023-10-23,100.58956887789805,Product_083,2023-10-29,Normal
2023-10-30,103.50607822868884,Product_083,2023-11-05,Normal
2023-11-06,103.5669886523511,Product_083,2023-11-12,Normal
2023-11-13,106.65381534396406,Product_083,2023-11-19,Normal
2023-11-20,450.5801778914474,Product_083,2023-11-26,Black Friday
2023-11-27,463.0903143397755,Product_083,2023-12-03,Normal
2023-12-04,119.33215987523585,Product_083,2023-12-10,Normal
2023-12-11,122.70464142012892,Product_083,2023-12-17,Normal
2023-12-18,120.28623008169322,Product_083,2023-12-24,Normal
2023-12-25,125.80770202392742,Product_083,2023-12-31,Normal
2024-01-01,125.08817966092958,Product_083,2024-01-07,Normal
2024-01-08,128.6508807516137,Product_083,2024-01-14,Normal
2024-01-15,143.39533371644612,Product_083,2024-01-21,Normal
2024-01-22,133.7047719755065,Product_083,2024-01-28,Normal
2024-01-29,136.34755720550544,Product_083,2024-02-04,Normal
2024-02-05,138.74772930050165,Product_083,2024-02-11,Normal
2024-02-12,147.43133706232072,Product_083,2024-02-18,Normal
2024-02-19,147.90417700568435,Product_083,2024-02-25,Normal
2024-02-26,155.34099646105446,Product_083,2024-03-03,Normal
2024-03-04,162.64670140502213,Product_083,2024-03-10,Normal
2024-03-11,157.75692191655887,Product_083,2024-03-17,Normal
2024-03-18,158.1872901545369,Product_083,2024-03-24,Normal
2024-03-25,158.3889785785257,Product_083,2024-03-31,Normal
2024-04-01,156.45708768828652,Product_083,2024-04-07,Normal
2024-04-08,159.35760389944298,Product_083,2024-04-14,Normal
2024-04-15,165.32559549174655,Product_083,2024-04-21,Normal
2024-04-22,154.6340953278184,Product_083,2024-04-28,Normal
2024-04-29,159.20605896785756,Product_083,2024-05-05,BOGO
2024-05-06,339.6635115489417,Product_083,2024-05-12,BOGO
2024-05-13,154.99072980054834,Product_083,2024-05-19,Normal
2024-05-20,150.41343656667038,Product_083,2024-05-26,Normal
2024-05-27,139.45485749889426,Product_083,2024-06-02,Memorial Day
2024-06-03,149.56644225379628,Product_083,2024-06-09,Normal
2024-06-10,151.19124902918378,Product_083,2024-06-16,Normal
2024-06-17,149.51136942144527,Product_083,2024-06-23,Normal
2024-06-24,139.85339903127613,Product_083,2024-06-30,Normal
2024-07-01,143.16428621039634,Product_083,2024-07-07,Normal
2024-07-08,141.14132094784227,Product_083,2024-07-14,Normal
2024-07-15,136.36528397484426,Product_083,2024-07-21,Normal
2024-07-22,135.38376161004672,Product_083,2024-07-28,Normal
2024-07-29,132.32036792416093,Product_083,2024-08-04,Normal
2024-08-05,130.4989894630201,Product_083,2024-08-11,Disc_50
2024-08-12,120.20249015553657,Product_083,2024-08-18,Disc_50
2024-08-19,721.0116275742772,Product_083,2024-08-25,Normal
2024-08-26,121.44045225713576,Product_083,2024-09-01,Normal
2024-09-02,126.37879568410088,Product_083,2024-09-08,Normal
2024-09-09,122.89190945505366,Product_083,2024-09-15,Normal
2024-09-16,123.93054729236118,Product_083,2024-09-22,Normal
2024-09-23,117.34948942877465,Product_083,2024-09-29,Normal
2024-09-30,123.44572407109423,Product_083,2024-10-06,Normal
2024-10-07,127.10461759112611,Product_083,2024-10-13,Normal
2024-10-14,122.47357861717686,Product_083,2024-10-20,Normal
2024-10-21,126.50766224689812,Product_083,2024-10-27,Normal
2024-10-28,119.87963041862962,Product_083,2024-11-03,Normal
2024-11-04,124.24662177659444,Product_083,2024-11-10,Normal
2024-11-11,127.36738673912498,Product_083,2024-11-17,Normal
2024-11-18,544.4665731780246,Product_083,2024-11-24,Normal
2024-11-25,536.7077400830248,Product_083,2024-12-01,Black Friday
2024-12-02,137.77540027518597,Product_083,2024-12-08,Normal
2024-12-09,135.6007743364428,Product_083,2024-12-15,Normal
2024-12-16,135.58985341402456,Product_083,2024-12-22,Normal
2024-12-23,150.04124215731943,Product_083,2024-12-29,Normal
2024-12-30,151.42481530316368,Product_083,2025-01-05,Normal
2023-01-02,91.74317377812292,Product_084,2023-01-08,Normal
2023-01-09,93.9694937290338,Product_084,2023-01-15,Normal
2023-01-16,98.01038571686468,Product_084,2023-01-22,Normal
2023-01-23,104.78850495724735,Product_084,2023-01-29,Normal
2023-01-30,112.06449967415524,Product_084,2023-02-05,Normal
2023-02-06,115.82698913257175,Product_084,2023-02-12,Normal
2023-02-13,117.86978169586509,Product_084,2023-02-19,Normal
2023-02-20,119.62952173765406,Product_084,2023-02-26,Normal
2023-02-27,124.74424070377783,Product_084,2023-03-05,Normal
2023-03-06,125.9645829036065,Product_084,2023-03-12,Normal
2023-03-13,129.4939848010566,Product_084,2023-03-19,Normal
2023-03-20,124.86656847793552,Product_084,2023-03-26,Normal
2023-03-27,131.7911412593641,Product_084,2023-04-02,Normal
2023-04-03,123.7332235835714,Product_084,2023-04-09,Normal
2023-04-10,130.09396638138324,Product_084,2023-04-16,Normal
2023-04-17,129.07633319367736,Product_084,2023-04-23,Normal
2023-04-24,120.2492139110099,Product_084,2023-04-30,Normal
2023-05-01,124.04001839244113,Product_084,2023-05-07,Normal
2023-05-08,129.76756005415075,Product_084,2023-05-14,Normal
2023-05-15,122.1681966951347,Product_084,2023-05-21,BOGO
2023-05-22,251.14519138068428,Product_084,2023-05-28,BOGO
2023-05-29,117.1082093841842,Product_084,2023-06-04,Memorial Day
2023-06-05,119.80467979119491,Product_084,2023-06-11,Normal
2023-06-12,113.94304889352684,Product_084,2023-06-18,Normal
2023-06-19,109.23994459518464,Product_084,2023-06-25,Normal
2023-06-26,114.14118416508816,Product_084,2023-07-02,Normal
2023-07-03,103.14624443561723,Product_084,2023-07-09,Normal
2023-07-10,107.83946040462754,Product_084,2023-07-16,Normal
2023-07-17,98.98188081688086,Product_084,2023-07-23,Normal
2023-07-24,104.06419340275278,Product_084,2023-07-30,Normal
2023-07-31,5.054609977201605,Product_084,2023-08-06,Normal
2023-08-07,98.99151331492467,Product_084,2023-08-13,Normal
2023-08-14,100.94673295397013,Product_084,2023-08-20,Normal
2023-08-21,91.69128053077095,Product_084,2023-08-27,Normal
2023-08-28,98.63698515064544,Product_084,2023-09-03,Normal
2023-09-04,91.1047405343552,Product_084,2023-09-10,Normal
2023-09-11,94.03164603107828,Product_084,2023-09-17,Normal
2023-09-18,93.99753830339756,Product_084,2023-09-24,Normal
2023-09-25,94.10920079255963,Product_084,2023-10-01,Normal
2023-10-02,89.82779781254888,Product_084,2023-10-08,Normal
2023-10-09,90.84749121024748,Product_084,2023-10-15,Normal
2023-10-16,94.57009077251745,Product_084,2023-10-22,Normal
2023-10-23,99.487510807996,Product_084,2023-10-29,Normal
2023-10-30,98.51059269346004,Product_084,2023-11-05,Normal
2023-11-06,105.69339021161744,Product_084,2023-11-12,Normal
2023-11-13,98.50484595386123,Product_084,2023-11-19,Normal
2023-11-20,409.66754870371784,Product_084,2023-11-26,Black Friday
2023-11-27,419.8521244463044,Product_084,2023-12-03,Normal
2023-12-04,113.55513368892304,Product_084,2023-12-10,Normal
2023-12-11,105.90021525071754,Product_084,2023-12-17,Normal
2023-12-18,115.36102648482417,Product_084,2023-12-24,Normal
2023-12-25,120.91111809319898,Product_084,2023-12-31,Normal
2024-01-01,120.44922291568696,Product_084,2024-01-07,Normal
2024-01-08,130.51458684050743,Product_084,2024-01-14,Normal
2024-01-15,126.0162247389378,Product_084,2024-01-21,Normal
2024-01-22,135.2266420176341,Product_084,2024-01-28,Normal
2024-01-29,129.47875902124252,Product_084,2024-02-04,Normal
2024-02-05,145.8889242461599,Product_084,2024-02-11,Normal
2024-02-12,145.4896928306927,Product_084,2024-02-18,Normal
2024-02-19,144.1345631027491,Product_084,2024-02-25,Normal
2024-02-26,149.82927717593347,Product_084,2024-03-03,Normal
2024-03-04,150.49218133714183,Product_084,2024-03-10,Normal
2024-03-11,154.4555711111434,Product_084,2024-03-17,Normal
2024-03-18,150.3677123067473,Product_084,2024-03-24,Normal
2024-03-25,154.58679474792453,Product_084,2024-03-31,Normal
2024-04-01,145.96229582258573,Product_084,2024-04-07,Normal
2024-04-08,155.1366929647785,Product_084,2024-04-14,Normal
2024-04-15,150.74421350879152,Product_084,2024-04-21,Normal
2024-04-22,151.13151952938327,Product_084,2024-04-28,Normal
2024-04-29,157.8142079913442,Product_084,2024-05-05,BOGO
2024-05-06,311.31717397320085,Product_084,2024-05-12,BOGO
2024-05-13,154.31065266903033,Product_084,2024-05-19,Normal
2024-05-20,147.58881773476742,Product_084,2024-05-26,Normal
2024-05-27,150.11201731826768,Product_084,2024-06-02,Memorial Day
2024-06-03,153.89734996831285,Product_084,2024-06-09,Normal
2024-06-10,154.3093834534761,Product_084,2024-06-16,Normal
2024-06-17,149.06753644654322,Product_084,2024-06-23,Normal
2024-06-24,144.51624335461253,Product_084,2024-06-30,Normal
2024-07-01,142.60073234148075,Product_084,2024-07-07,Normal
2024-07-08,133.2670642641748,Product_084,2024-07-14,Normal
2024-07-15,136.51342716819954,Product_084,2024-07-21,Normal
2024-07-22,131.26042702890288,Product_084,2024-07-28,Normal
2024-07-29,124.43833672939486,Product_084,2024-08-04,Normal
2024-08-05,121.16176361679452,Product_084,2024-08-11,Disc_50
2024-08-12,124.66283656470024,Product_084,2024-08-18,Disc_50
2024-08-19,724.2015092439822,Product_084,2024-08-25,Normal
2024-08-26,125.830679168402,Product_084,2024-09-01,Normal
2024-09-02,121.3352759185856,Product_084,2024-09-08,Normal
2024-09-09,118.81033315722216,Product_084,2024-09-15,Normal
2024-09-16,119.61164200481778,Product_084,2024-09-22,Normal
2024-09-23,122.7809036373895,Product_084,2024-09-29,Normal
2024-09-30,119.6789797883658,Product_084,2024-10-06,Normal
2024-10-07,122.44733665787076,Product_084,2024-10-13,Normal
2024-10-14,126.14906484115578,Product_084,2024-10-20,Normal
2024-10-21,120.90221853139074,Product_084,2024-10-27,Normal
2024-10-28,129.66371112179706,Product_084,2024-11-03,Normal
2024-11-04,122.7148433598753,Product_084,2024-11-10,Normal
2024-11-11,126.76169266194697,Product_084,2024-11-17,Normal
2024-11-18,520.8509561898752,Product_084,2024-11-24,Normal
2024-11-25,548.6533688502223,Product_084,2024-12-01,Black Friday
2024-12-02,137.23747376910916,Product_084,2024-12-08,Normal
2024-12-09,139.45476987878675,Product_084,2024-12-15,Normal
2024-12-16,139.31778685356232,Product_084,2024-12-22,Normal
2024-12-23,145.74368829569232,Product_084,2024-12-29,Normal
2024-12-30,154.2416198250535,Product_084,2025-01-05,Normal
2023-01-02,101.79656726471762,Product_085,2023-01-08,Normal
2023-01-09,96.59801704128374,Product_085,2023-01-15,Normal
2023-01-16,108.17790857919104,Product_085,2023-01-22,Normal
2023-01-23,109.370866188822,Product_085,2023-01-29,Normal
2023-01-30,113.91274173245095,Product_085,2023-02-05,Normal
2023-02-06,110.54620040418844,Product_085,2023-02-12,Normal
2023-02-13,118.40690965831628,Product_085,2023-02-19,Normal
2023-02-20,119.79806606385904,Product_085,2023-02-26,Normal
2023-02-27,126.8681137155761,Product_085,2023-03-05,Normal
2023-03-06,119.73964967095012,Product_085,2023-03-12,Normal
2023-03-13,116.04388550010424,Product_085,2023-03-19,Normal
2023-03-20,126.33780003415544,Product_085,2023-03-26,Normal
2023-03-27,124.1731091861495,Product_085,2023-04-02,Normal
2023-04-03,119.86035443228386,Product_085,2023-04-09,Normal
2023-04-10,127.12104238935044,Product_085,2023-04-16,Normal
2023-04-17,126.73288285709462,Product_085,2023-04-23,Normal
2023-04-24,129.56504939071948,Product_085,2023-04-30,Normal
2023-05-01,128.1104328850131,Product_085,2023-05-07,Normal
2023-05-08,134.37864847669906,Product_085,2023-05-14,Normal
2023-05-15,120.8260684734251,Product_085,2023-05-21,BOGO
2023-05-22,241.13389682212912,Product_085,2023-05-28,BOGO
2023-05-29,122.39052460632531,Product_085,2023-06-04,Memorial Day
2023-06-05,128.39953742094326,Product_085,2023-06-11,Normal
2023-06-12,122.21405663076602,Product_085,2023-06-18,Normal
2023-06-19,116.08502530214236,Product_085,2023-06-25,Normal
2023-06-26,108.94480286731398,Product_085,2023-07-02,Normal
2023-07-03,106.40831694967632,Product_085,2023-07-09,Normal
2023-07-10,101.6015352054437,Product_085,2023-07-16,Normal
2023-07-17,108.04665440830064,Product_085,2023-07-23,Normal
2023-07-24,102.46795335962824,Product_085,2023-07-30,Normal
2023-07-31,5.157956430993532,Product_085,2023-08-06,Normal
2023-08-07,103.59370590806496,Product_085,2023-08-13,Normal
2023-08-14,97.58625281411256,Product_085,2023-08-20,Normal
2023-08-21,94.44074423472148,Product_085,2023-08-27,Normal
2023-08-28,90.71563393231514,Product_085,2023-09-03,Normal
2023-09-04,90.82020753547825,Product_085,2023-09-10,Normal
2023-09-11,87.9956118877968,Product_085,2023-09-17,Normal
2023-09-18,87.96915302696699,Product_085,2023-09-24,Normal
2023-09-25,93.46018056518334,Product_085,2023-10-01,Normal
2023-10-02,93.63562199493587,Product_085,2023-10-08,Normal
2023-10-09,88.50580324508293,Product_085,2023-10-15,Normal
2023-10-16,91.52787093445264,Product_085,2023-10-22,Normal
2023-10-23,96.67076003344152,Product_085,2023-10-29,Normal
2023-10-30,93.88621219106182,Product_085,2023-11-05,Normal
2023-11-06,95.37587587435672,Product_085,2023-11-12,Normal
2023-11-13,96.49145311264286,Product_085,2023-11-19,Normal
2023-11-20,420.746460350028,Product_085,2023-11-26,Black Friday
2023-11-27,450.626129374935,Product_085,2023-12-03,Normal
2023-12-04,109.45454458678915,Product_085,2023-12-10,Normal
2023-12-11,114.65003871248936,Product_085,2023-12-17,Normal
2023-12-18,117.32856887618972,Product_085,2023-12-24,Normal
2023-12-25,117.5844316194964,Product_085,2023-12-31,Normal
2024-01-01,128.35852227772466,Product_085,2024-01-07,Normal
2024-01-08,133.39651550576752,Product_085,2024-01-14,Normal
2024-01-15,130.26519649961767,Product_085,2024-01-21,Normal
2024-01-22,141.91460181042032,Product_085,2024-01-28,Normal
2024-01-29,136.6194783910723,Product_085,2024-02-04,Normal
2024-02-05,145.5463394705037,Product_085,2024-02-11,Normal
2024-02-12,138.46149387880817,Product_085,2024-02-18,Normal
2024-02-19,154.1981657501318,Product_085,2024-02-25,Normal
2024-02-26,146.94556992312351,Product_085,2024-03-03,Normal
2024-03-04,143.17441433992383,Product_085,2024-03-10,Normal
2024-03-11,154.2139267712212,Product_085,2024-03-17,Normal
2024-03-18,157.728465420428,Product_085,2024-03-24,Normal
2024-03-25,153.99929596007314,Product_085,2024-03-31,Normal
2024-04-01,157.0984721417257,Product_085,2024-04-07,Normal
2024-04-08,159.88246039845143,Product_085,2024-04-14,Normal
2024-04-15,152.14962094609635,Product_085,2024-04-21,Normal
2024-04-22,156.26987139275374,Product_085,2024-04-28,Normal
2024-04-29,151.5490630240975,Product_085,2024-05-05,BOGO
2024-05-06,334.30045444339123,Product_085,2024-05-12,BOGO
2024-05-13,147.2991364965198,Product_085,2024-05-19,Normal
2024-05-20,153.10186528832807,Product_085,2024-05-26,Normal
2024-05-27,154.16355413492718,Product_085,2024-06-02,Memorial Day
2024-06-03,146.74893327741574,Product_085,2024-06-09,Normal
2024-06-10,144.93091423162534,Product_085,2024-06-16,Normal
2024-06-17,144.72493923005163,Product_085,2024-06-23,Normal
2024-06-24,137.48478319766073,Product_085,2024-06-30,Normal
2024-07-01,141.4317293333576,Product_085,2024-07-07,Normal
2024-07-08,137.6019120294038,Product_085,2024-07-14,Normal
2024-07-15,131.88730343076486,Product_085,2024-07-21,Normal
2024-07-22,131.54475208187347,Product_085,2024-07-28,Normal
2024-07-29,123.3207992120435,Product_085,2024-08-04,Normal
2024-08-05,126.82068422291375,Product_085,2024-08-11,Disc_50
2024-08-12,123.84073408401667,Product_085,2024-08-18,Disc_50
2024-08-19,724.6241192644617,Product_085,2024-08-25,Normal
2024-08-26,119.54139694133713,Product_085,2024-09-01,Normal
2024-09-02,122.03769656414772,Product_085,2024-09-08,Normal
2024-09-09,120.61241939738056,Product_085,2024-09-15,Normal
2024-09-16,113.40974420423078,Product_085,2024-09-22,Normal
2024-09-23,114.93551580391645,Product_085,2024-09-29,Normal
2024-09-30,122.57533452928762,Product_085,2024-10-06,Normal
2024-10-07,113.96968893631144,Product_085,2024-10-13,Normal
2024-10-14,117.32049036973535,Product_085,2024-10-20,Normal
2024-10-21,118.04626852308012,Product_085,2024-10-27,Normal
2024-10-28,121.89036536849342,Product_085,2024-11-03,Normal
2024-11-04,128.24492853179808,Product_085,2024-11-10,Normal
2024-11-11,131.20486078219955,Product_085,2024-11-17,Normal
2024-11-18,517.0043639320602,Product_085,2024-11-24,Normal
2024-11-25,534.5105701980991,Product_085,2024-12-01,Black Friday
2024-12-02,137.1008705265239,Product_085,2024-12-08,Normal
2024-12-09,142.3448195754739,Product_085,2024-12-15,Normal
2024-12-16,144.83466778147732,Product_085,2024-12-22,Normal
2024-12-23,141.00423293431805,Product_085,2024-12-29,Normal
2024-12-30,151.44919502440482,Product_085,2025-01-05,Normal
2023-01-02,90.91622139632408,Product_086,2023-01-08,Normal
2023-01-09,88.25512309848742,Product_086,2023-01-15,Normal
2023-01-16,86.80842840510655,Product_086,2023-01-22,Normal
2023-01-23,93.307276956368,Product_086,2023-01-29,Normal
2023-01-30,99.19286477681004,Product_086,2023-02-05,Normal
2023-02-06,101.7867331546764,Product_086,2023-02-12,Normal
2023-02-13,99.6088323460022,Product_086,2023-02-19,Normal
2023-02-20,98.23139423783472,Product_086,2023-02-26,Normal
2023-02-27,111.12112930281442,Product_086,2023-03-05,Normal
2023-03-06,119.01043863292956,Product_086,2023-03-12,Normal
2023-03-13,114.21403861358344,Product_086,2023-03-19,Normal
2023-03-20,111.26531498750552,Product_086,2023-03-26,Normal
2023-03-27,119.42762370179275,Product_086,2023-04-02,Normal
2023-04-03,115.20407814521624,Product_086,2023-04-09,Normal
2023-04-10,122.72821308362197,Product_086,2023-04-16,Normal
2023-04-17,116.4523546283555,Product_086,2023-04-23,Normal
2023-04-24,120.85796088440436,Product_086,2023-04-30,Normal
2023-05-01,115.1992655026614,Product_086,2023-05-07,Normal
2023-05-08,116.623579862217,Product_086,2023-05-14,Normal
2023-05-15,110.08121274803337,Product_086,2023-05-21,BOGO
2023-05-22,237.67215413986685,Product_086,2023-05-28,BOGO
2023-05-29,114.8443978106366,Product_086,2023-06-04,Memorial Day
2023-06-05,107.0673789464964,Product_086,2023-06-11,Normal
2023-06-12,107.09774023062064,Product_086,2023-06-18,Normal
2023-06-19,108.78536251263142,Product_086,2023-06-25,Normal
2023-06-26,103.9917276384356,Product_086,2023-07-02,Normal
2023-07-03,100.70946858601069,Product_086,2023-07-09,Normal
2023-07-10,90.31192655159666,Product_086,2023-07-16,Normal
2023-07-17,88.86476438650901,Product_086,2023-07-23,Normal
2023-07-24,90.56896545557404,Product_086,2023-07-30,Normal
2023-07-31,4.417019200586071,Product_086,2023-08-06,Normal
2023-08-07,88.78003863702497,Product_086,2023-08-13,Normal
2023-08-14,87.13244255560642,Product_086,2023-08-20,Normal
2023-08-21,87.89041781282964,Product_086,2023-08-27,Normal
2023-08-28,86.48249691596803,Product_086,2023-09-03,Normal
2023-09-04,77.72894278257642,Product_086,2023-09-10,Normal
2023-09-11,92.08519015456986,Product_086,2023-09-17,Normal
2023-09-18,86.30296261885225,Product_086,2023-09-24,Normal
2023-09-25,83.70818367819112,Product_086,2023-10-01,Normal
2023-10-02,83.13434783200455,Product_086,2023-10-08,Normal
2023-10-09,84.08635683413841,Product_086,2023-10-15,Normal
2023-10-16,85.28069007779605,Product_086,2023-10-22,Normal
2023-10-23,84.94502846799834,Product_086,2023-10-29,Normal
2023-10-30,90.09750901913225,Product_086,2023-11-05,Normal
2023-11-06,97.60654832681114,Product_086,2023-11-12,Normal
2023-11-13,92.40326252282624,Product_086,2023-11-19,Normal
2023-11-20,376.03325026756215,Product_086,2023-11-26,Black Friday
2023-11-27,395.4803611770223,Product_086,2023-12-03,Normal
2023-12-04,97.16417959039109,Product_086,2023-12-10,Normal
2023-12-11,109.24449609875352,Product_086,2023-12-17,Normal
2023-12-18,106.72405431626817,Product_086,2023-12-24,Normal
2023-12-25,110.44109329276137,Product_086,2023-12-31,Normal
2024-01-01,118.62943960305208,Product_086,2024-01-07,Normal
2024-01-08,121.8352410638292,Product_086,2024-01-14,Normal
2024-01-15,123.08791366521548,Product_086,2024-01-21,Normal
2024-01-22,125.45219648906756,Product_086,2024-01-28,Normal
2024-01-29,121.75291320931376,Product_086,2024-02-04,Normal
2024-02-05,131.39460596224112,Product_086,2024-02-11,Normal
2024-02-12,129.62334002317218,Product_086,2024-02-18,Normal
2024-02-19,146.88249748293438,Product_086,2024-02-25,Normal
2024-02-26,141.1747800824431,Product_086,2024-03-03,Normal
2024-03-04,145.17375940410363,Product_086,2024-03-10,Normal
2024-03-11,149.3376266562922,Product_086,2024-03-17,Normal
2024-03-18,141.51872279501953,Product_086,2024-03-24,Normal
2024-03-25,147.63238962305334,Product_086,2024-03-31,Normal
2024-04-01,147.98284113681208,Product_086,2024-04-07,Normal
2024-04-08,146.02562637636092,Product_086,2024-04-14,Normal
2024-04-15,156.5398652110996,Product_086,2024-04-21,Normal
2024-04-22,157.56900921436025,Product_086,2024-04-28,Normal
2024-04-29,147.94119878748714,Product_086,2024-05-05,BOGO
2024-05-06,307.7820012414572,Product_086,2024-05-12,BOGO
2024-05-13,146.45195863902606,Product_086,2024-05-19,Normal
2024-05-20,140.95455854704494,Product_086,2024-05-26,Normal
2024-05-27,142.30671631066784,Product_086,2024-06-02,Memorial Day
2024-06-03,150.0259709783638,Product_086,2024-06-09,Normal
2024-06-10,134.60067294463872,Product_086,2024-06-16,Normal
2024-06-17,137.25987479566436,Product_086,2024-06-23,Normal
2024-06-24,139.23981427607112,Product_086,2024-06-30,Normal
2024-07-01,138.28453648627988,Product_086,2024-07-07,Normal
2024-07-08,131.92582206860095,Product_086,2024-07-14,Normal
2024-07-15,127.32380029187809,Product_086,2024-07-21,Normal
2024-07-22,127.02797775352931,Product_086,2024-07-28,Normal
2024-07-29,122.64202574503123,Product_086,2024-08-04,Normal
2024-08-05,122.39807382494116,Product_086,2024-08-11,Disc_50
2024-08-12,127.05974077898432,Product_086,2024-08-18,Disc_50
2024-08-19,717.7641860236038,Product_086,2024-08-25,Normal
2024-08-26,117.21153645972204,Product_086,2024-09-01,Normal
2024-09-02,124.19540416917008,Product_086,2024-09-08,Normal
2024-09-09,116.72728030449008,Product_086,2024-09-15,Normal
2024-09-16,122.79912155698676,Product_086,2024-09-22,Normal
2024-09-23,118.85067764834604,Product_086,2024-09-29,Normal
2024-09-30,109.76530460996564,Product_086,2024-10-06,Normal
2024-10-07,123.51701269231584,Product_086,2024-10-13,Normal
2024-10-14,125.83159289375244,Product_086,2024-10-20,Normal
2024-10-21,123.3165099091227,Product_086,2024-10-27,Normal
2024-10-28,119.0106429606516,Product_086,2024-11-03,Normal
2024-11-04,117.4069699159716,Product_086,2024-11-10,Normal
2024-11-11,122.53773025980348,Product_086,2024-11-17,Normal
2024-11-18,540.9987682073713,Product_086,2024-11-24,Normal
2024-11-25,536.8148101720388,Product_086,2024-12-01,Black Friday
2024-12-02,134.76861680120123,Product_086,2024-12-08,Normal
2024-12-09,135.9089666248431,Product_086,2024-12-15,Normal
2024-12-16,140.0285821181279,Product_086,2024-12-22,Normal
2024-12-23,143.73658760426954,Product_086,2024-12-29,Normal
2024-12-30,155.20737089468358,Product_086,2025-01-05,Normal
2023-01-02,87.34240561099494,Product_087,2023-01-08,Normal
2023-01-09,89.40199149516917,Product_087,2023-01-15,Normal
2023-01-16,89.3620055399176,Product_087,2023-01-22,Normal
2023-01-23,92.90817060961145,Product_087,2023-01-29,Normal
2023-01-30,98.45849336231676,Product_087,2023-02-05,Normal
2023-02-06,102.74032752154412,Product_087,2023-02-12,Normal
2023-02-13,99.22582169630586,Product_087,2023-02-19,Normal
2023-02-20,105.37883044019048,Product_087,2023-02-26,Normal
2023-02-27,110.87991902936945,Product_087,2023-03-05,Normal
2023-03-06,115.67859813789244,Product_087,2023-03-12,Normal
2023-03-13,115.48174842306652,Product_087,2023-03-19,Normal
2023-03-20,118.19102192752428,Product_087,2023-03-26,Normal
2023-03-27,128.62256905767197,Product_087,2023-04-02,Normal
2023-04-03,115.29479577566622,Product_087,2023-04-09,Normal
2023-04-10,123.6399686580614,Product_087,2023-04-16,Normal
2023-04-17,116.87925052902708,Product_087,2023-04-23,Normal
2023-04-24,118.86819061618256,Product_087,2023-04-30,Normal
2023-05-01,108.04759951052496,Product_087,2023-05-07,Normal
2023-05-08,114.82917126745218,Product_087,2023-05-14,Normal
2023-05-15,111.78747501756882,Product_087,2023-05-21,BOGO
2023-05-22,222.4783969994922,Product_087,2023-05-28,BOGO
2023-05-29,113.21145853179472,Product_087,2023-06-04,Memorial Day
2023-06-05,103.97903052150406,Product_087,2023-06-11,Normal
2023-06-12,100.61792998596115,Product_087,2023-06-18,Normal
2023-06-19,109.29716010829318,Product_087,2023-06-25,Normal
2023-06-26,101.33451655422115,Product_087,2023-07-02,Normal
2023-07-03,97.77910904326228,Product_087,2023-07-09,Normal
2023-07-10,98.92811591550836,Product_087,2023-07-16,Normal
2023-07-17,97.26844132356844,Product_087,2023-07-23,Normal
2023-07-24,88.74898460367258,Product_087,2023-07-30,Normal
2023-07-31,4.903556398141467,Product_087,2023-08-06,Normal
2023-08-07,87.96053906843872,Product_087,2023-08-13,Normal
2023-08-14,93.99527166937878,Product_087,2023-08-20,Normal
2023-08-21,86.04787358147986,Product_087,2023-08-27,Normal
2023-08-28,80.85450221037081,Product_087,2023-09-03,Normal
2023-09-04,77.50444859830044,Product_087,2023-09-10,Normal
2023-09-11,80.22710008385917,Product_087,2023-09-17,Normal
2023-09-18,82.05101234813964,Product_087,2023-09-24,Normal
2023-09-25,83.27495426491764,Product_087,2023-10-01,Normal
2023-10-02,85.16571124221042,Product_087,2023-10-08,Normal
2023-10-09,91.80102960212642,Product_087,2023-10-15,Normal
2023-10-16,84.15269101068736,Product_087,2023-10-22,Normal
2023-10-23,86.81406677965904,Product_087,2023-10-29,Normal
2023-10-30,89.98823938227689,Product_087,2023-11-05,Normal
2023-11-06,87.09529451796779,Product_087,2023-11-12,Normal
2023-11-13,91.82208020665212,Product_087,2023-11-19,Normal
2023-11-20,355.8024250202035,Product_087,2023-11-26,Black Friday
2023-11-27,413.01556645872256,Product_087,2023-12-03,Normal
2023-12-04,103.05322224246244,Product_087,2023-12-10,Normal
2023-12-11,99.69131786700588,Product_087,2023-12-17,Normal
2023-12-18,112.33440983080877,Product_087,2023-12-24,Normal
2023-12-25,113.50911875099672,Product_087,2023-12-31,Normal
2024-01-01,108.65423238045749,Product_087,2024-01-07,Normal
2024-01-08,120.15551987248315,Product_087,2024-01-14,Normal
2024-01-15,126.20606306011616,Product_087,2024-01-21,Normal
2024-01-22,124.89555614645018,Product_087,2024-01-28,Normal
2024-01-29,133.85584153379662,Product_087,2024-02-04,Normal
2024-02-05,129.03538085072202,Product_087,2024-02-11,Normal
2024-02-12,142.6662155579821,Product_087,2024-02-18,Normal
2024-02-19,139.15146961153013,Product_087,2024-02-25,Normal
2024-02-26,148.61792412090816,Product_087,2024-03-03,Normal
2024-03-04,155.2972368945741,Product_087,2024-03-10,Normal
2024-03-11,147.0476543615546,Product_087,2024-03-17,Normal
2024-03-18,138.74528332917913,Product_087,2024-03-24,Normal
2024-03-25,160.15578187714266,Product_087,2024-03-31,Normal
2024-04-01,152.6783320620646,Product_087,2024-04-07,Normal
2024-04-08,149.43672070223573,Product_087,2024-04-14,Normal
2024-04-15,159.92838765876257,Product_087,2024-04-21,Normal
2024-04-22,158.23241951170596,Product_087,2024-04-28,Normal
2024-04-29,151.42386955936257,Product_087,2024-05-05,BOGO
2024-05-06,317.3892218169912,Product_087,2024-05-12,BOGO
2024-05-13,142.67620478380027,Product_087,2024-05-19,Normal
2024-05-20,141.89960856541492,Product_087,2024-05-26,Normal
2024-05-27,144.6248309795907,Product_087,2024-06-02,Memorial Day
2024-06-03,148.08904484168391,Product_087,2024-06-09,Normal
2024-06-10,141.92146855798077,Product_087,2024-06-16,Normal
2024-06-17,137.5457612781713,Product_087,2024-06-23,Normal
2024-06-24,140.6988896282284,Product_087,2024-06-30,Normal
2024-07-01,130.06891442472997,Product_087,2024-07-07,Normal
2024-07-08,134.00583455504383,Product_087,2024-07-14,Normal
2024-07-15,132.8938034507227,Product_087,2024-07-21,Normal
2024-07-22,127.65694344980425,Product_087,2024-07-28,Normal
2024-07-29,121.99655586420111,Product_087,2024-08-04,Normal
2024-08-05,128.12718447633694,Product_087,2024-08-11,Disc_50
2024-08-12,121.14594041443571,Product_087,2024-08-18,Disc_50
2024-08-19,717.8510286010865,Product_087,2024-08-25,Normal
2024-08-26,120.1923994674123,Product_087,2024-09-01,Normal
2024-09-02,114.87066380967916,Product_087,2024-09-08,Normal
2024-09-09,112.37252742443394,Product_087,2024-09-15,Normal
2024-09-16,111.99915988834674,Product_087,2024-09-22,Normal
2024-09-23,116.33224096121444,Product_087,2024-09-29,Normal
2024-09-30,116.18859357925042,Product_087,2024-10-06,Normal
2024-10-07,119.23275858625564,Product_087,2024-10-13,Normal
2024-10-14,124.97222134035331,Product_087,2024-10-20,Normal
2024-10-21,116.29147781337204,Product_087,2024-10-27,Normal
2024-10-28,116.22826413556416,Product_087,2024-11-03,Normal
2024-11-04,124.86884719883702,Product_087,2024-11-10,Normal
2024-11-11,122.82555462605262,Product_087,2024-11-17,Normal
2024-11-18,532.4716031157458,Product_087,2024-11-24,Normal
2024-11-25,487.32658965074074,Product_087,2024-12-01,Black Friday
2024-12-02,138.55280488731592,Product_087,2024-12-08,Normal
2024-12-09,138.3021060977155,Product_087,2024-12-15,Normal
2024-12-16,146.92073400332646,Product_087,2024-12-22,Normal
2024-12-23,146.75716919630153,Product_087,2024-12-29,Normal
2024-12-30,148.0451703492738,Product_087,2025-01-05,Normal
2023-01-02,121.09878817009252,Product_088,2023-01-08,Normal
2023-01-09,114.32848531539588,Product_088,2023-01-15,Normal
2023-01-16,114.8722795712374,Product_088,2023-01-22,Normal
2023-01-23,120.68632539213854,Product_088,2023-01-29,Normal
2023-01-30,129.81687643193428,Product_088,2023-02-05,Normal
2023-02-06,127.97713849923048,Product_088,2023-02-12,Normal
2023-02-13,127.00182652019272,Product_088,2023-02-19,Normal
2023-02-20,135.64639367664196,Product_088,2023-02-26,Normal
2023-02-27,131.9241525924321,Product_088,2023-03-05,Normal
2023-03-06,139.72530860347214,Product_088,2023-03-12,Normal
2023-03-13,141.56727784089335,Product_088,2023-03-19,Normal
2023-03-20,136.9168967846548,Product_088,2023-03-26,Normal
2023-03-27,133.14699165471802,Product_088,2023-04-02,Normal
2023-04-03,143.90091206364448,Product_088,2023-04-09,Normal
2023-04-10,144.7070275523033,Product_088,2023-04-16,Normal
2023-04-17,147.83578226607577,Product_088,2023-04-23,Normal
2023-04-24,136.46828959481985,Product_088,2023-04-30,Normal
2023-05-01,148.52740643389498,Product_088,2023-05-07,Normal
2023-05-08,137.40017236770893,Product_088,2023-05-14,Normal
2023-05-15,143.07618651504035,Product_088,2023-05-21,BOGO
2023-05-22,268.08956849062116,Product_088,2023-05-28,BOGO
2023-05-29,133.5681764043533,Product_088,2023-06-04,Memorial Day
2023-06-05,138.4575697172769,Product_088,2023-06-11,Normal
2023-06-12,131.22773510244258,Product_088,2023-06-18,Normal
2023-06-19,121.33402639444913,Product_088,2023-06-25,Normal
2023-06-26,123.12164971200497,Product_088,2023-07-02,Normal
2023-07-03,116.14014322106388,Product_088,2023-07-09,Normal
2023-07-10,122.8143265941182,Product_088,2023-07-16,Normal
2023-07-17,121.98187804473726,Product_088,2023-07-23,Normal
2023-07-24,115.6407640055582,Product_088,2023-07-30,Normal
2023-07-31,5.34442468324671,Product_088,2023-08-06,Normal
2023-08-07,116.2304557870182,Product_088,2023-08-13,Normal
2023-08-14,106.52030428806223,Product_088,2023-08-20,Normal
2023-08-21,109.30960041524234,Product_088,2023-08-27,Normal
2023-08-28,104.06408010515273,Product_088,2023-09-03,Normal
2023-09-04,105.83457183666404,Product_088,2023-09-10,Normal
2023-09-11,99.3098877158596,Product_088,2023-09-17,Normal
2023-09-18,99.17613845700042,Product_088,2023-09-24,Normal
2023-09-25,108.12894094739433,Product_088,2023-10-01,Normal
2023-10-02,102.3463101540924,Product_088,2023-10-08,Normal
2023-10-09,96.32202993544108,Product_088,2023-10-15,Normal
2023-10-16,89.13867212877793,Product_088,2023-10-22,Normal
2023-10-23,103.95431046392228,Product_088,2023-10-29,Normal
2023-10-30,107.99145089576989,Product_088,2023-11-05,Normal
2023-11-06,109.4384407687201,Product_088,2023-11-12,Normal
2023-11-13,106.57959327953134,Product_088,2023-11-19,Normal
2023-11-20,471.452713566118,Product_088,2023-11-26,Black Friday
2023-11-27,475.17939105631785,Product_088,2023-12-03,Normal
2023-12-04,117.24489397890726,Product_088,2023-12-10,Normal
2023-12-11,124.49495814571084,Product_088,2023-12-17,Normal
2023-12-18,123.3430017234892,Product_088,2023-12-24,Normal
2023-12-25,125.44559622971614,Product_088,2023-12-31,Normal
2024-01-01,133.10993550625304,Product_088,2024-01-07,Normal
2024-01-08,135.74998446550174,Product_088,2024-01-14,Normal
2024-01-15,135.67623031863036,Product_088,2024-01-21,Normal
2024-01-22,140.55237867000722,Product_088,2024-01-28,Normal
2024-01-29,140.35212473871357,Product_088,2024-02-04,Normal
2024-02-05,149.16778621705612,Product_088,2024-02-11,Normal
2024-02-12,154.7076515031534,Product_088,2024-02-18,Normal
2024-02-19,146.60010873471754,Product_088,2024-02-25,Normal
2024-02-26,143.90969517726265,Product_088,2024-03-03,Normal
2024-03-04,162.65864677928124,Product_088,2024-03-10,Normal
2024-03-11,163.67418050222253,Product_088,2024-03-17,Normal
2024-03-18,164.04062503500123,Product_088,2024-03-24,Normal
2024-03-25,160.6291992181091,Product_088,2024-03-31,Normal
2024-04-01,157.25701598063011,Product_088,2024-04-07,Normal
2024-04-08,160.28172885213922,Product_088,2024-04-14,Normal
2024-04-15,166.5603963635416,Product_088,2024-04-21,Normal
2024-04-22,168.4605504210161,Product_088,2024-04-28,Normal
2024-04-29,153.62422223989165,Product_088,2024-05-05,BOGO
2024-05-06,337.2909079079514,Product_088,2024-05-12,BOGO
2024-05-13,153.5148090437474,Product_088,2024-05-19,Normal
2024-05-20,153.87732724737342,Product_088,2024-05-26,Normal
2024-05-27,151.95223098192812,Product_088,2024-06-02,Memorial Day
2024-06-03,155.90277469992404,Product_088,2024-06-09,Normal
2024-06-10,149.15582077036655,Product_088,2024-06-16,Normal
2024-06-17,142.40912412413851,Product_088,2024-06-23,Normal
2024-06-24,152.625545759192,Product_088,2024-06-30,Normal
2024-07-01,141.22913679219278,Product_088,2024-07-07,Normal
2024-07-08,133.8018238270535,Product_088,2024-07-14,Normal
2024-07-15,140.6586861428257,Product_088,2024-07-21,Normal
2024-07-22,136.65352681935374,Product_088,2024-07-28,Normal
2024-07-29,132.76486691085682,Product_088,2024-08-04,Normal
2024-08-05,130.28814856042462,Product_088,2024-08-11,Disc_50
2024-08-12,123.48230253379649,Product_088,2024-08-18,Disc_50
2024-08-19,726.6686969264676,Product_088,2024-08-25,Normal
2024-08-26,121.46184407315198,Product_088,2024-09-01,Normal
2024-09-02,119.28879429048172,Product_088,2024-09-08,Normal
2024-09-09,121.62697831449827,Product_088,2024-09-15,Normal
2024-09-16,126.66218968522492,Product_088,2024-09-22,Normal
2024-09-23,114.27145022143118,Product_088,2024-09-29,Normal
2024-09-30,120.59354420881496,Product_088,2024-10-06,Normal
2024-10-07,123.06177283555922,Product_088,2024-10-13,Normal
2024-10-14,118.48785238489016,Product_088,2024-10-20,Normal
2024-10-21,117.79067110876292,Product_088,2024-10-27,Normal
2024-10-28,123.37605355645464,Product_088,2024-11-03,Normal
2024-11-04,117.4658643828522,Product_088,2024-11-10,Normal
2024-11-11,134.3834005716006,Product_088,2024-11-17,Normal
2024-11-18,544.4131357650992,Product_088,2024-11-24,Normal
2024-11-25,548.4017036834119,Product_088,2024-12-01,Black Friday
2024-12-02,133.5025635318065,Product_088,2024-12-08,Normal
2024-12-09,140.99755841384635,Product_088,2024-12-15,Normal
2024-12-16,145.69555593857262,Product_088,2024-12-22,Normal
2024-12-23,145.01736175928846,Product_088,2024-12-29,Normal
2024-12-30,146.42151327518883,Product_088,2025-01-05,Normal
2023-01-02,120.17723074420915,Product_089,2023-01-08,Normal
2023-01-09,115.8625936621842,Product_089,2023-01-15,Normal
2023-01-16,125.31392744769336,Product_089,2023-01-22,Normal
2023-01-23,125.0669647262356,Product_089,2023-01-29,Normal
2023-01-30,128.77674374085956,Product_089,2023-02-05,Normal
2023-02-06,128.15101826143925,Product_089,2023-02-12,Normal
2023-02-13,135.78390148599644,Product_089,2023-02-19,Normal
2023-02-20,136.22197426724705,Product_089,2023-02-26,Normal
2023-02-27,141.31873750113448,Product_089,2023-03-05,Normal
2023-03-06,148.23888035443306,Product_089,2023-03-12,Normal
2023-03-13,141.8384705757602,Product_089,2023-03-19,Normal
2023-03-20,141.2644251523442,Product_089,2023-03-26,Normal
2023-03-27,144.01963319346072,Product_089,2023-04-02,Normal
2023-04-03,147.72627228278063,Product_089,2023-04-09,Normal
2023-04-10,148.55126239249728,Product_089,2023-04-16,Normal
2023-04-17,146.1050428748659,Product_089,2023-04-23,Normal
2023-04-24,139.53455717215562,Product_089,2023-04-30,Normal
2023-05-01,145.8794897274731,Product_089,2023-05-07,Normal
2023-05-08,143.64036207282075,Product_089,2023-05-14,Normal
2023-05-15,145.028758795081,Product_089,2023-05-21,BOGO
2023-05-22,286.1165387388968,Product_089,2023-05-28,BOGO
2023-05-29,138.15353517098447,Product_089,2023-06-04,Memorial Day
2023-06-05,140.8477744804968,Product_089,2023-06-11,Normal
2023-06-12,128.19265277260777,Product_089,2023-06-18,Normal
2023-06-19,129.2594014306794,Product_089,2023-06-25,Normal
2023-06-26,129.20132727506336,Product_089,2023-07-02,Normal
2023-07-03,124.24665622654224,Product_089,2023-07-09,Normal
2023-07-10,125.65308215557752,Product_089,2023-07-16,Normal
2023-07-17,122.38601308316233,Product_089,2023-07-23,Normal
2023-07-24,114.48086463776056,Product_089,2023-07-30,Normal
2023-07-31,5.704056799390181,Product_089,2023-08-06,Normal
2023-08-07,115.56992982375084,Product_089,2023-08-13,Normal
2023-08-14,106.6303697127889,Product_089,2023-08-20,Normal
2023-08-21,104.9032877939646,Product_089,2023-08-27,Normal
2023-08-28,107.39789149216988,Product_089,2023-09-03,Normal
2023-09-04,105.27707617939824,Product_089,2023-09-10,Normal
2023-09-11,100.5863421656568,Product_089,2023-09-17,Normal
2023-09-18,101.2794950413337,Product_089,2023-09-24,Normal
2023-09-25,98.41269335768666,Product_089,2023-10-01,Normal
2023-10-02,103.20479950311868,Product_089,2023-10-08,Normal
2023-10-09,107.1342544447974,Product_089,2023-10-15,Normal
2023-10-16,110.8635109347185,Product_089,2023-10-22,Normal
2023-10-23,105.56717525751937,Product_089,2023-10-29,Normal
2023-10-30,114.49146720308424,Product_089,2023-11-05,Normal
2023-11-06,106.78438500079928,Product_089,2023-11-12,Normal
2023-11-13,117.70609286462644,Product_089,2023-11-19,Normal
2023-11-20,488.877009064501,Product_089,2023-11-26,Black Friday
2023-11-27,454.1773577161234,Product_089,2023-12-03,Normal
2023-12-04,121.00532931912969,Product_089,2023-12-10,Normal
2023-12-11,124.66839209341884,Product_089,2023-12-17,Normal
2023-12-18,131.15986591823844,Product_089,2023-12-24,Normal
2023-12-25,129.6599538377393,Product_089,2023-12-31,Normal
2024-01-01,137.68661005417317,Product_089,2024-01-07,Normal
2024-01-08,138.44522253178374,Product_089,2024-01-14,Normal
2024-01-15,145.93732830305947,Product_089,2024-01-21,Normal
2024-01-22,151.2492627373223,Product_089,2024-01-28,Normal
2024-01-29,143.54473313714118,Product_089,2024-02-04,Normal
2024-02-05,153.03178610492245,Product_089,2024-02-11,Normal
2024-02-12,153.67066384349675,Product_089,2024-02-18,Normal
2024-02-19,148.76848960216472,Product_089,2024-02-25,Normal
2024-02-26,160.01288865353226,Product_089,2024-03-03,Normal
2024-03-04,160.9146208487121,Product_089,2024-03-10,Normal
2024-03-11,151.7650750862458,Product_089,2024-03-17,Normal
2024-03-18,156.41629169951338,Product_089,2024-03-24,Normal
2024-03-25,165.49060574355423,Product_089,2024-03-31,Normal
2024-04-01,165.09962751995974,Product_089,2024-04-07,Normal
2024-04-08,157.59276319321063,Product_089,2024-04-14,Normal
2024-04-15,168.2862867936232,Product_089,2024-04-21,Normal
2024-04-22,163.6760953304483,Product_089,2024-04-28,Normal
2024-04-29,162.35599477301471,Product_089,2024-05-05,BOGO
2024-05-06,332.61400210220563,Product_089,2024-05-12,BOGO
2024-05-13,156.8122601463296,Product_089,2024-05-19,Normal
2024-05-20,154.27125712515016,Product_089,2024-05-26,Normal
2024-05-27,157.77739662139837,Product_089,2024-06-02,Memorial Day
2024-06-03,144.89012332989245,Product_089,2024-06-09,Normal
2024-06-10,143.9397359183541,Product_089,2024-06-16,Normal
2024-06-17,150.592096480778,Product_089,2024-06-23,Normal
2024-06-24,148.64147822112426,Product_089,2024-06-30,Normal
2024-07-01,145.2866158567044,Product_089,2024-07-07,Normal
2024-07-08,129.2456975938719,Product_089,2024-07-14,Normal
2024-07-15,132.8290870036231,Product_089,2024-07-21,Normal
2024-07-22,137.0224871402788,Product_089,2024-07-28,Normal
2024-07-29,128.77043473037818,Product_089,2024-08-04,Normal
2024-08-05,128.20338432429995,Product_089,2024-08-11,Disc_50
2024-08-12,130.30371951105857,Product_089,2024-08-18,Disc_50
2024-08-19,722.4791785191586,Product_089,2024-08-25,Normal
2024-08-26,120.94776518869928,Product_089,2024-09-01,Normal
2024-09-02,123.81918445966367,Product_089,2024-09-08,Normal
2024-09-09,114.9402643336412,Product_089,2024-09-15,Normal
2024-09-16,118.92111791233695,Product_089,2024-09-22,Normal
2024-09-23,118.06594434098012,Product_089,2024-09-29,Normal
2024-09-30,117.4598174683995,Product_089,2024-10-06,Normal
2024-10-07,124.47619067162672,Product_089,2024-10-13,Normal
2024-10-14,120.87715808582452,Product_089,2024-10-20,Normal
2024-10-21,118.18018212605892,Product_089,2024-10-27,Normal
2024-10-28,122.9737456743466,Product_089,2024-11-03,Normal
2024-11-04,130.64442724278658,Product_089,2024-11-10,Normal
2024-11-11,127.96323525727698,Product_089,2024-11-17,Normal
2024-11-18,533.6377144600048,Product_089,2024-11-24,Normal
2024-11-25,541.2790863069234,Product_089,2024-12-01,Black Friday
2024-12-02,127.86313730592356,Product_089,2024-12-08,Normal
2024-12-09,138.35586805775185,Product_089,2024-12-15,Normal
2024-12-16,137.45958399364713,Product_089,2024-12-22,Normal
2024-12-23,138.66843203729078,Product_089,2024-12-29,Normal
2024-12-30,151.73895977955397,Product_089,2025-01-05,Normal
2023-01-02,81.9081200231145,Product_090,2023-01-08,Normal
2023-01-09,90.54963568264776,Product_090,2023-01-15,Normal
2023-01-16,88.54032255051851,Product_090,2023-01-22,Normal
2023-01-23,95.30543543832246,Product_090,2023-01-29,Normal
2023-01-30,98.75257516662968,Product_090,2023-02-05,Normal
2023-02-06,101.34744590281014,Product_090,2023-02-12,Normal
2023-02-13,104.19293577931624,Product_090,2023-02-19,Normal
2023-02-20,95.89554082912936,Product_090,2023-02-26,Normal
2023-02-27,106.10815458212878,Product_090,2023-03-05,Normal
2023-03-06,111.2729887517606,Product_090,2023-03-12,Normal
2023-03-13,112.70455105959051,Product_090,2023-03-19,Normal
2023-03-20,109.94389738610823,Product_090,2023-03-26,Normal
2023-03-27,119.00593321169625,Product_090,2023-04-02,Normal
2023-04-03,118.14307294001388,Product_090,2023-04-09,Normal
2023-04-10,119.17982588079296,Product_090,2023-04-16,Normal
2023-04-17,110.20361553039696,Product_090,2023-04-23,Normal
2023-04-24,118.05941142171926,Product_090,2023-04-30,Normal
2023-05-01,111.17251972721924,Product_090,2023-05-07,Normal
2023-05-08,111.222524428649,Product_090,2023-05-14,Normal
2023-05-15,114.26091061268146,Product_090,2023-05-21,BOGO
2023-05-22,219.84344840441824,Product_090,2023-05-28,BOGO
2023-05-29,109.03991028209764,Product_090,2023-06-04,Memorial Day
2023-06-05,112.28368379433002,Product_090,2023-06-11,Normal
2023-06-12,114.32858846638123,Product_090,2023-06-18,Normal
2023-06-19,112.37879882931549,Product_090,2023-06-25,Normal
2023-06-26,103.58468434859807,Product_090,2023-07-02,Normal
2023-07-03,88.78619888005807,Product_090,2023-07-09,Normal
2023-07-10,96.65366823711888,Product_090,2023-07-16,Normal
2023-07-17,92.12114442342154,Product_090,2023-07-23,Normal
2023-07-24,92.6230692504604,Product_090,2023-07-30,Normal
2023-07-31,5.079937062710201,Product_090,2023-08-06,Normal
2023-08-07,89.68148949650391,Product_090,2023-08-13,Normal
2023-08-14,91.13183383037996,Product_090,2023-08-20,Normal
2023-08-21,86.71632171457604,Product_090,2023-08-27,Normal
2023-08-28,77.35837203577725,Product_090,2023-09-03,Normal
2023-09-04,88.88745072673022,Product_090,2023-09-10,Normal
2023-09-11,87.82181207132584,Product_090,2023-09-17,Normal
2023-09-18,83.87271855280149,Product_090,2023-09-24,Normal
2023-09-25,80.18042699824383,Product_090,2023-10-01,Normal
2023-10-02,89.03015325352841,Product_090,2023-10-08,Normal
2023-10-09,92.26311314641872,Product_090,2023-10-15,Normal
2023-10-16,89.05342143806149,Product_090,2023-10-22,Normal
2023-10-23,88.92655367878815,Product_090,2023-10-29,Normal
2023-10-30,97.73869992235248,Product_090,2023-11-05,Normal
2023-11-06,94.13163774403182,Product_090,2023-11-12,Normal
2023-11-13,93.69195992344524,Product_090,2023-11-19,Normal
2023-11-20,380.9800778348115,Product_090,2023-11-26,Black Friday
2023-11-27,397.77105885163223,Product_090,2023-12-03,Normal
2023-12-04,102.58170316150913,Product_090,2023-12-10,Normal
2023-12-11,109.92786041796018,Product_090,2023-12-17,Normal
2023-12-18,116.99734296769104,Product_090,2023-12-24,Normal
2023-12-25,115.5758389802858,Product_090,2023-12-31,Normal
2024-01-01,114.90704499822986,Product_090,2024-01-07,Normal
2024-01-08,122.62400045092348,Product_090,2024-01-14,Normal
2024-01-15,126.06511888708692,Product_090,2024-01-21,Normal
2024-01-22,126.5960715677354,Product_090,2024-01-28,Normal
2024-01-29,125.6036893247473,Product_090,2024-02-04,Normal
2024-02-05,135.10339015197962,Product_090,2024-02-11,Normal
2024-02-12,133.19181702027913,Product_090,2024-02-18,Normal
2024-02-19,138.64295133409794,Product_090,2024-02-25,Normal
2024-02-26,145.36852275571505,Product_090,2024-03-03,Normal
2024-03-04,145.6429079455687,Product_090,2024-03-10,Normal
2024-03-11,144.3834662974218,Product_090,2024-03-17,Normal
2024-03-18,155.43918884343717,Product_090,2024-03-24,Normal
2024-03-25,148.3655013548816,Product_090,2024-03-31,Normal
2024-04-01,151.4965064580793,Product_090,2024-04-07,Normal
2024-04-08,155.4738556932506,Product_090,2024-04-14,Normal
2024-04-15,152.03829065377792,Product_090,2024-04-21,Normal
2024-04-22,150.2674767044986,Product_090,2024-04-28,Normal
2024-04-29,142.68681317044965,Product_090,2024-05-05,BOGO
2024-05-06,312.17993348887137,Product_090,2024-05-12,BOGO
2024-05-13,151.07586725945868,Product_090,2024-05-19,Normal
2024-05-20,147.5611207235997,Product_090,2024-05-26,Normal
2024-05-27,143.6757893851166,Product_090,2024-06-02,Memorial Day
2024-06-03,142.6250720025165,Product_090,2024-06-09,Normal
2024-06-10,139.31402631188706,Product_090,2024-06-16,Normal
2024-06-17,134.47485726545494,Product_090,2024-06-23,Normal
2024-06-24,127.99263147509994,Product_090,2024-06-30,Normal
2024-07-01,132.9147949133395,Product_090,2024-07-07,Normal
2024-07-08,126.86708603415477,Product_090,2024-07-14,Normal
2024-07-15,123.2717149521436,Product_090,2024-07-21,Normal
2024-07-22,128.0195734287694,Product_090,2024-07-28,Normal
2024-07-29,119.3085781271698,Product_090,2024-08-04,Normal
2024-08-05,113.6482791654882,Product_090,2024-08-11,Disc_50
2024-08-12,122.95047714891032,Product_090,2024-08-18,Disc_50
2024-08-19,717.4986469393614,Product_090,2024-08-25,Normal
2024-08-26,116.20502369374884,Product_090,2024-09-01,Normal
2024-09-02,107.0030283606,Product_090,2024-09-08,Normal
2024-09-09,114.35545574540794,Product_090,2024-09-15,Normal
2024-09-16,111.6782336983522,Product_090,2024-09-22,Normal
2024-09-23,115.35321799435418,Product_090,2024-09-29,Normal
2024-09-30,118.52584605805984,Product_090,2024-10-06,Normal
2024-10-07,119.30214374025115,Product_090,2024-10-13,Normal
2024-10-14,119.65486028279852,Product_090,2024-10-20,Normal
2024-10-21,122.4402408409886,Product_090,2024-10-27,Normal
2024-10-28,123.62202665037282,Product_090,2024-11-03,Normal
2024-11-04,128.08555575473434,Product_090,2024-11-10,Normal
2024-11-11,118.44324600669984,Product_090,2024-11-17,Normal
2024-11-18,514.6798847701963,Product_090,2024-11-24,Normal
2024-11-25,514.9006221788566,Product_090,2024-12-01,Black Friday
2024-12-02,133.28462350091112,Product_090,2024-12-08,Normal
2024-12-09,136.43699619851458,Product_090,2024-12-15,Normal
2024-12-16,145.19707925209957,Product_090,2024-12-22,Normal
2024-12-23,146.58506893470008,Product_090,2024-12-29,Normal
2024-12-30,151.07638791795122,Product_090,2025-01-05,Normal
2023-01-02,97.84496787146604,Product_091,2023-01-08,Normal
2023-01-09,114.23318063205676,Product_091,2023-01-15,Normal
2023-01-16,95.56427887520536,Product_091,2023-01-22,Normal
2023-01-23,110.21606892459648,Product_091,2023-01-29,Normal
2023-01-30,111.27506460767098,Product_091,2023-02-05,Normal
2023-02-06,115.23977899731032,Product_091,2023-02-12,Normal
2023-02-13,113.71434001639872,Product_091,2023-02-19,Normal
2023-02-20,119.28307210045342,Product_091,2023-02-26,Normal
2023-02-27,126.67503818550894,Product_091,2023-03-05,Normal
2023-03-06,131.72848037928657,Product_091,2023-03-12,Normal
2023-03-13,133.14122208806373,Product_091,2023-03-19,Normal
2023-03-20,128.3557797217754,Product_091,2023-03-26,Normal
2023-03-27,126.15942852412805,Product_091,2023-04-02,Normal
2023-04-03,134.52510998244233,Product_091,2023-04-09,Normal
2023-04-10,130.94768549956612,Product_091,2023-04-16,Normal
2023-04-17,129.81548732737176,Product_091,2023-04-23,Normal
2023-04-24,127.97638400019746,Product_091,2023-04-30,Normal
2023-05-01,132.39278951346472,Product_091,2023-05-07,Normal
2023-05-08,125.6970492482117,Product_091,2023-05-14,Normal
2023-05-15,123.8999206070674,Product_091,2023-05-21,BOGO
2023-05-22,233.968382648791,Product_091,2023-05-28,BOGO
2023-05-29,127.28172250620504,Product_091,2023-06-04,Memorial Day
2023-06-05,122.03551270554092,Product_091,2023-06-11,Normal
2023-06-12,113.22296337608007,Product_091,2023-06-18,Normal
2023-06-19,114.8825971614586,Product_091,2023-06-25,Normal
2023-06-26,113.28724896185652,Product_091,2023-07-02,Normal
2023-07-03,116.35007720890032,Product_091,2023-07-09,Normal
2023-07-10,113.56369861350228,Product_091,2023-07-16,Normal
2023-07-17,106.57700466917574,Product_091,2023-07-23,Normal
2023-07-24,101.85460079677912,Product_091,2023-07-30,Normal
2023-07-31,5.197771656356294,Product_091,2023-08-06,Normal
2023-08-07,102.61565323120828,Product_091,2023-08-13,Normal
2023-08-14,93.9970929982437,Product_091,2023-08-20,Normal
2023-08-21,96.51950415389815,Product_091,2023-08-27,Normal
2023-08-28,89.85467482784964,Product_091,2023-09-03,Normal
2023-09-04,84.38090215163105,Product_091,2023-09-10,Normal
2023-09-11,92.98502045378264,Product_091,2023-09-17,Normal
2023-09-18,94.70757334086134,Product_091,2023-09-24,Normal
2023-09-25,92.75437962138832,Product_091,2023-10-01,Normal
2023-10-02,97.72895041821994,Product_091,2023-10-08,Normal
2023-10-09,94.75910610535958,Product_091,2023-10-15,Normal
2023-10-16,97.98691126818476,Product_091,2023-10-22,Normal
2023-10-23,97.07392317735172,Product_091,2023-10-29,Normal
2023-10-30,104.9023877029402,Product_091,2023-11-05,Normal
2023-11-06,98.55012780645572,Product_091,2023-11-12,Normal
2023-11-13,99.9210225877308,Product_091,2023-11-19,Normal
2023-11-20,411.07879452468205,Product_091,2023-11-26,Black Friday
2023-11-27,442.8413757978164,Product_091,2023-12-03,Normal
2023-12-04,106.13669133437551,Product_091,2023-12-10,Normal
2023-12-11,107.02219693190258,Product_091,2023-12-17,Normal
2023-12-18,121.08829446757468,Product_091,2023-12-24,Normal
2023-12-25,120.20031152622172,Product_091,2023-12-31,Normal
2024-01-01,126.79886638793911,Product_091,2024-01-07,Normal
2024-01-08,127.17077768332145,Product_091,2024-01-14,Normal
2024-01-15,132.05903424376797,Product_091,2024-01-21,Normal
2024-01-22,131.54854245326038,Product_091,2024-01-28,Normal
2024-01-29,143.12472543526607,Product_091,2024-02-04,Normal
2024-02-05,134.71716401978517,Product_091,2024-02-11,Normal
2024-02-12,141.4646608308887,Product_091,2024-02-18,Normal
2024-02-19,145.2505130117896,Product_091,2024-02-25,Normal
2024-02-26,151.18850645164355,Product_091,2024-03-03,Normal
2024-03-04,146.2764871859103,Product_091,2024-03-10,Normal
2024-03-11,147.8978468941139,Product_091,2024-03-17,Normal
2024-03-18,155.95270662816714,Product_091,2024-03-24,Normal
2024-03-25,153.0319422960878,Product_091,2024-03-31,Normal
2024-04-01,155.8137922353375,Product_091,2024-04-07,Normal
2024-04-08,156.78591744415175,Product_091,2024-04-14,Normal
2024-04-15,157.3354491240323,Product_091,2024-04-21,Normal
2024-04-22,152.09893724330846,Product_091,2024-04-28,Normal
2024-04-29,149.65923286246837,Product_091,2024-05-05,BOGO
2024-05-06,333.9549747641477,Product_091,2024-05-12,BOGO
2024-05-13,149.6069441917009,Product_091,2024-05-19,Normal
2024-05-20,154.39458676437994,Product_091,2024-05-26,Normal
2024-05-27,148.39339036601493,Product_091,2024-06-02,Memorial Day
2024-06-03,148.59070531048494,Product_091,2024-06-09,Normal
2024-06-10,147.5648204805613,Product_091,2024-06-16,Normal
2024-06-17,138.13745426110793,Product_091,2024-06-23,Normal
2024-06-24,138.09839854486293,Product_091,2024-06-30,Normal
2024-07-01,144.2595025467259,Product_091,2024-07-07,Normal
2024-07-08,138.78589202477536,Product_091,2024-07-14,Normal
2024-07-15,126.56907663870098,Product_091,2024-07-21,Normal
2024-07-22,128.80069394953884,Product_091,2024-07-28,Normal
2024-07-29,118.35822181516276,Product_091,2024-08-04,Normal
2024-08-05,129.86100218756584,Product_091,2024-08-11,Disc_50
2024-08-12,130.2577272751445,Product_091,2024-08-18,Disc_50
2024-08-19,728.6543312492627,Product_091,2024-08-25,Normal
2024-08-26,118.94916570834047,Product_091,2024-09-01,Normal
2024-09-02,128.0772744201522,Product_091,2024-09-08,Normal
2024-09-09,122.62948269865728,Product_091,2024-09-15,Normal
2024-09-16,115.0268008306452,Product_091,2024-09-22,Normal
2024-09-23,115.20995563025232,Product_091,2024-09-29,Normal
2024-09-30,120.5865314808226,Product_091,2024-10-06,Normal
2024-10-07,118.31969159588962,Product_091,2024-10-13,Normal
2024-10-14,118.51846847512287,Product_091,2024-10-20,Normal
2024-10-21,127.29974499978144,Product_091,2024-10-27,Normal
2024-10-28,127.02417824089416,Product_091,2024-11-03,Normal
2024-11-04,122.0643780891381,Product_091,2024-11-10,Normal
2024-11-11,124.30267452675844,Product_091,2024-11-17,Normal
2024-11-18,512.0646509064562,Product_091,2024-11-24,Normal
2024-11-25,547.8397049287615,Product_091,2024-12-01,Black Friday
2024-12-02,139.8240365087561,Product_091,2024-12-08,Normal
2024-12-09,140.01270927380887,Product_091,2024-12-15,Normal
2024-12-16,144.319685867223,Product_091,2024-12-22,Normal
2024-12-23,152.56215504261107,Product_091,2024-12-29,Normal
2024-12-30,141.6338565794239,Product_091,2025-01-05,Normal
2023-01-02,94.48064213488506,Product_092,2023-01-08,Normal
2023-01-09,101.14979375275804,Product_092,2023-01-15,Normal
2023-01-16,102.39278616525432,Product_092,2023-01-22,Normal
2023-01-23,106.8404400769866,Product_092,2023-01-29,Normal
2023-01-30,112.52035012734338,Product_092,2023-02-05,Normal
2023-02-06,109.73524776971036,Product_092,2023-02-12,Normal
2023-02-13,114.55675868973864,Product_092,2023-02-19,Normal
2023-02-20,120.14137697397766,Product_092,2023-02-26,Normal
2023-02-27,124.45688709326664,Product_092,2023-03-05,Normal
2023-03-06,124.4441413922339,Product_092,2023-03-12,Normal
2023-03-13,136.06863054603326,Product_092,2023-03-19,Normal
2023-03-20,127.65954679176484,Product_092,2023-03-26,Normal
2023-03-27,122.7097808236998,Product_092,2023-04-02,Normal
2023-04-03,131.93977073861862,Product_092,2023-04-09,Normal
2023-04-10,120.79380631759496,Product_092,2023-04-16,Normal
2023-04-17,127.91576701686826,Product_092,2023-04-23,Normal
2023-04-24,128.50820100546397,Product_092,2023-04-30,Normal
2023-05-01,134.35384976000825,Product_092,2023-05-07,Normal
2023-05-08,130.98355278365773,Product_092,2023-05-14,Normal
2023-05-15,126.31301782164482,Product_092,2023-05-21,BOGO
2023-05-22,256.1308879073631,Product_092,2023-05-28,BOGO
2023-05-29,120.77072861786802,Product_092,2023-06-04,Memorial Day
2023-06-05,127.22393363377024,Product_092,2023-06-11,Normal
2023-06-12,121.0492887746846,Product_092,2023-06-18,Normal
2023-06-19,118.1379942165048,Product_092,2023-06-25,Normal
2023-06-26,115.3369772938542,Product_092,2023-07-02,Normal
2023-07-03,108.91797365514032,Product_092,2023-07-09,Normal
2023-07-10,107.6589233819156,Product_092,2023-07-16,Normal
2023-07-17,108.27822799026691,Product_092,2023-07-23,Normal
2023-07-24,111.01514527604796,Product_092,2023-07-30,Normal
2023-07-31,5.195323027059958,Product_092,2023-08-06,Normal
2023-08-07,94.20090974670362,Product_092,2023-08-13,Normal
2023-08-14,92.35137051145364,Product_092,2023-08-20,Normal
2023-08-21,92.67317472429168,Product_092,2023-08-27,Normal
2023-08-28,93.2811519764642,Product_092,2023-09-03,Normal
2023-09-04,89.27293079752337,Product_092,2023-09-10,Normal
2023-09-11,92.37573496303786,Product_092,2023-09-17,Normal
2023-09-18,91.8127051301318,Product_092,2023-09-24,Normal
2023-09-25,91.20493659663433,Product_092,2023-10-01,Normal
2023-10-02,90.77373212432909,Product_092,2023-10-08,Normal
2023-10-09,100.83376028781014,Product_092,2023-10-15,Normal
2023-10-16,89.68613077498304,Product_092,2023-10-22,Normal
2023-10-23,104.4547861552794,Product_092,2023-10-29,Normal
2023-10-30,94.95617975318844,Product_092,2023-11-05,Normal
2023-11-06,103.70655375909176,Product_092,2023-11-12,Normal
2023-11-13,100.38627007751316,Product_092,2023-11-19,Normal
2023-11-20,400.991620013471,Product_092,2023-11-26,Black Friday
2023-11-27,404.2217736371602,Product_092,2023-12-03,Normal
2023-12-04,113.56532999829946,Product_092,2023-12-10,Normal
2023-12-11,115.03736446811152,Product_092,2023-12-17,Normal
2023-12-18,123.58290953138574,Product_092,2023-12-24,Normal
2023-12-25,124.17730915181542,Product_092,2023-12-31,Normal
2024-01-01,122.33261451363602,Product_092,2024-01-07,Normal
2024-01-08,123.651052424341,Product_092,2024-01-14,Normal
2024-01-15,129.32009606435557,Product_092,2024-01-21,Normal
2024-01-22,140.65491607603573,Product_092,2024-01-28,Normal
2024-01-29,142.06455631404896,Product_092,2024-02-04,Normal
2024-02-05,139.15053208185523,Product_092,2024-02-11,Normal
2024-02-12,143.02624934768463,Product_092,2024-02-18,Normal
2024-02-19,143.5312818686061,Product_092,2024-02-25,Normal
2024-02-26,151.6156095315318,Product_092,2024-03-03,Normal
2024-03-04,152.42464824003235,Product_092,2024-03-10,Normal
2024-03-11,157.94106173590393,Product_092,2024-03-17,Normal
2024-03-18,161.1542807272105,Product_092,2024-03-24,Normal
2024-03-25,150.7097587014485,Product_092,2024-03-31,Normal
2024-04-01,153.6192776836306,Product_092,2024-04-07,Normal
2024-04-08,157.57143111116693,Product_092,2024-04-14,Normal
2024-04-15,155.5214598941846,Product_092,2024-04-21,Normal
2024-04-22,153.419997139261,Product_092,2024-04-28,Normal
2024-04-29,154.59030266298694,Product_092,2024-05-05,BOGO
2024-05-06,333.5835148191192,Product_092,2024-05-12,BOGO
2024-05-13,154.75102014727432,Product_092,2024-05-19,Normal
2024-05-20,155.58324942048705,Product_092,2024-05-26,Normal
2024-05-27,149.913635365834,Product_092,2024-06-02,Memorial Day
2024-06-03,146.02991227044686,Product_092,2024-06-09,Normal
2024-06-10,148.99489026024256,Product_092,2024-06-16,Normal
2024-06-17,146.509606548251,Product_092,2024-06-23,Normal
2024-06-24,136.14335200033793,Product_092,2024-06-30,Normal
2024-07-01,139.71882028890363,Product_092,2024-07-07,Normal
2024-07-08,135.6783722982454,Product_092,2024-07-14,Normal
2024-07-15,133.23188840534036,Product_092,2024-07-21,Normal
2024-07-22,129.77225414321487,Product_092,2024-07-28,Normal
2024-07-29,128.06486604690468,Product_092,2024-08-04,Normal
2024-08-05,120.0615869791102,Product_092,2024-08-11,Disc_50
2024-08-12,124.81961310306316,Product_092,2024-08-18,Disc_50
2024-08-19,726.2028098040613,Product_092,2024-08-25,Normal
2024-08-26,121.54642721054708,Product_092,2024-09-01,Normal
2024-09-02,114.56363547071182,Product_092,2024-09-08,Normal
2024-09-09,113.19392411188277,Product_092,2024-09-15,Normal
2024-09-16,118.38779858133016,Product_092,2024-09-22,Normal
2024-09-23,116.74603812400596,Product_092,2024-09-29,Normal
2024-09-30,119.71324683151536,Product_092,2024-10-06,Normal
2024-10-07,118.73992374754027,Product_092,2024-10-13,Normal
2024-10-14,121.4912219715775,Product_092,2024-10-20,Normal
2024-10-21,124.66303307989658,Product_092,2024-10-27,Normal
2024-10-28,124.82366294539978,Product_092,2024-11-03,Normal
2024-11-04,125.0947642647126,Product_092,2024-11-10,Normal
2024-11-11,133.01021147348854,Product_092,2024-11-17,Normal
2024-11-18,521.2465588456007,Product_092,2024-11-24,Normal
2024-11-25,541.188513250177,Product_092,2024-12-01,Black Friday
2024-12-02,140.61097805231003,Product_092,2024-12-08,Normal
2024-12-09,142.43823636648995,Product_092,2024-12-15,Normal
2024-12-16,148.1740002692759,Product_092,2024-12-22,Normal
2024-12-23,142.5116236740929,Product_092,2024-12-29,Normal
2024-12-30,150.02720230313383,Product_092,2025-01-05,Normal
2023-01-02,103.39534249888338,Product_093,2023-01-08,Normal
2023-01-09,103.52173674541672,Product_093,2023-01-15,Normal
2023-01-16,112.71994461624848,Product_093,2023-01-22,Normal
2023-01-23,108.11047925589035,Product_093,2023-01-29,Normal
2023-01-30,114.70281513796624,Product_093,2023-02-05,Normal
2023-02-06,127.32333069785962,Product_093,2023-02-12,Normal
2023-02-13,123.27840412210088,Product_093,2023-02-19,Normal
2023-02-20,123.61717207222414,Product_093,2023-02-26,Normal
2023-02-27,119.12881282146589,Product_093,2023-03-05,Normal
2023-03-06,127.0048864278194,Product_093,2023-03-12,Normal
2023-03-13,135.5515714940443,Product_093,2023-03-19,Normal
2023-03-20,127.09318110247496,Product_093,2023-03-26,Normal
2023-03-27,130.1014411528554,Product_093,2023-04-02,Normal
2023-04-03,136.5720542528388,Product_093,2023-04-09,Normal
2023-04-10,131.43001145001017,Product_093,2023-04-16,Normal
2023-04-17,134.0420656250846,Product_093,2023-04-23,Normal
2023-04-24,134.20104043075042,Product_093,2023-04-30,Normal
2023-05-01,128.41656650903423,Product_093,2023-05-07,Normal
2023-05-08,129.61166710030736,Product_093,2023-05-14,Normal
2023-05-15,128.97323497206753,Product_093,2023-05-21,BOGO
2023-05-22,250.08602348243556,Product_093,2023-05-28,BOGO
2023-05-29,122.17123804446,Product_093,2023-06-04,Memorial Day
2023-06-05,123.86990699746192,Product_093,2023-06-11,Normal
2023-06-12,125.53439339718828,Product_093,2023-06-18,Normal
2023-06-19,126.75179076411132,Product_093,2023-06-25,Normal
2023-06-26,115.80075416424008,Product_093,2023-07-02,Normal
2023-07-03,115.04990087625828,Product_093,2023-07-09,Normal
2023-07-10,112.52703303543768,Product_093,2023-07-16,Normal
2023-07-17,110.20390141739428,Product_093,2023-07-23,Normal
2023-07-24,112.64082284438224,Product_093,2023-07-30,Normal
2023-07-31,4.792506852986292,Product_093,2023-08-06,Normal
2023-08-07,103.18584454408747,Product_093,2023-08-13,Normal
2023-08-14,99.27876026440192,Product_093,2023-08-20,Normal
2023-08-21,96.3070146481224,Product_093,2023-08-27,Normal
2023-08-28,92.7435866145296,Product_093,2023-09-03,Normal
2023-09-04,96.17027234135544,Product_093,2023-09-10,Normal
2023-09-11,95.0471795683348,Product_093,2023-09-17,Normal
2023-09-18,93.87181845264551,Product_093,2023-09-24,Normal
2023-09-25,91.80314180264064,Product_093,2023-10-01,Normal
2023-10-02,95.01901120613616,Product_093,2023-10-08,Normal
2023-10-09,91.0170255870318,Product_093,2023-10-15,Normal
2023-10-16,95.12865797201268,Product_093,2023-10-22,Normal
2023-10-23,94.29516326318856,Product_093,2023-10-29,Normal
2023-10-30,100.35946906282828,Product_093,2023-11-05,Normal
2023-11-06,101.9750404128566,Product_093,2023-11-12,Normal
2023-11-13,107.0487937453892,Product_093,2023-11-19,Normal
2023-11-20,415.7876232700158,Product_093,2023-11-26,Black Friday
2023-11-27,412.9548190390793,Product_093,2023-12-03,Normal
2023-12-04,108.88139151810988,Product_093,2023-12-10,Normal
2023-12-11,114.158944907593,Product_093,2023-12-17,Normal
2023-12-18,116.15146088163904,Product_093,2023-12-24,Normal
2023-12-25,119.78086294218282,Product_093,2023-12-31,Normal
2024-01-01,126.91350934417304,Product_093,2024-01-07,Normal
2024-01-08,124.42068856910817,Product_093,2024-01-14,Normal
2024-01-15,132.5053195452796,Product_093,2024-01-21,Normal
2024-01-22,127.96187162325904,Product_093,2024-01-28,Normal
2024-01-29,134.93301533395598,Product_093,2024-02-04,Normal
2024-02-05,141.70636423734302,Product_093,2024-02-11,Normal
2024-02-12,139.52953143621158,Product_093,2024-02-18,Normal
2024-02-19,147.05401701400473,Product_093,2024-02-25,Normal
2024-02-26,149.36627568618627,Product_093,2024-03-03,Normal
2024-03-04,151.44583311027998,Product_093,2024-03-10,Normal
2024-03-11,148.26758968403635,Product_093,2024-03-17,Normal
2024-03-18,154.843960040502,Product_093,2024-03-24,Normal
2024-03-25,161.16472124071885,Product_093,2024-03-31,Normal
2024-04-01,156.66324563822127,Product_093,2024-04-07,Normal
2024-04-08,159.58893884078412,Product_093,2024-04-14,Normal
2024-04-15,151.6631220334261,Product_093,2024-04-21,Normal
2024-04-22,152.60617141618096,Product_093,2024-04-28,Normal
2024-04-29,158.567086928677,Product_093,2024-05-05,BOGO
2024-05-06,328.5545068283381,Product_093,2024-05-12,BOGO
2024-05-13,156.73163702890807,Product_093,2024-05-19,Normal
2024-05-20,157.69594920392765,Product_093,2024-05-26,Normal
2024-05-27,150.80611335139812,Product_093,2024-06-02,Memorial Day
2024-06-03,144.5952749627454,Product_093,2024-06-09,Normal
2024-06-10,146.31796853918098,Product_093,2024-06-16,Normal
2024-06-17,149.6844966391852,Product_093,2024-06-23,Normal
2024-06-24,142.17230321888658,Product_093,2024-06-30,Normal
2024-07-01,137.30727574789003,Product_093,2024-07-07,Normal
2024-07-08,137.19348004856172,Product_093,2024-07-14,Normal
2024-07-15,133.51806973224998,Product_093,2024-07-21,Normal
2024-07-22,129.525581346131,Product_093,2024-07-28,Normal
2024-07-29,133.2377993600523,Product_093,2024-08-04,Normal
2024-08-05,122.21616700227976,Product_093,2024-08-11,Disc_50
2024-08-12,128.2586287955285,Product_093,2024-08-18,Disc_50
2024-08-19,727.7092060901512,Product_093,2024-08-25,Normal
2024-08-26,117.52820694241572,Product_093,2024-09-01,Normal
2024-09-02,114.8383178184106,Product_093,2024-09-08,Normal
2024-09-09,115.92608183688776,Product_093,2024-09-15,Normal
2024-09-16,113.49292337628046,Product_093,2024-09-22,Normal
2024-09-23,120.08091408011327,Product_093,2024-09-29,Normal
2024-09-30,116.27361255402232,Product_093,2024-10-06,Normal
2024-10-07,122.65950326333676,Product_093,2024-10-13,Normal
2024-10-14,118.88424143826096,Product_093,2024-10-20,Normal
2024-10-21,130.84806044988477,Product_093,2024-10-27,Normal
2024-10-28,126.49973829387947,Product_093,2024-11-03,Normal
2024-11-04,126.44505692049444,Product_093,2024-11-10,Normal
2024-11-11,130.05644824539684,Product_093,2024-11-17,Normal
2024-11-18,507.38910621039713,Product_093,2024-11-24,Normal
2024-11-25,538.1087536559564,Product_093,2024-12-01,Black Friday
2024-12-02,141.07152418566807,Product_093,2024-12-08,Normal
2024-12-09,137.6855389136296,Product_093,2024-12-15,Normal
2024-12-16,146.31309978989432,Product_093,2024-12-22,Normal
2024-12-23,143.53673569693984,Product_093,2024-12-29,Normal
2024-12-30,154.41663032209678,Product_093,2025-01-05,Normal
2023-01-02,121.73576158316789,Product_094,2023-01-08,Normal
2023-01-09,119.41294570795472,Product_094,2023-01-15,Normal
2023-01-16,122.86514967314696,Product_094,2023-01-22,Normal
2023-01-23,131.04999377504402,Product_094,2023-01-29,Normal
2023-01-30,129.52560182181142,Product_094,2023-02-05,Normal
2023-02-06,132.97513678178686,Product_094,2023-02-12,Normal
2023-02-13,134.26337122422356,Product_094,2023-02-19,Normal
2023-02-20,134.70198721871597,Product_094,2023-02-26,Normal
2023-02-27,140.0030420071791,Product_094,2023-03-05,Normal
2023-03-06,139.76013040130485,Product_094,2023-03-12,Normal
2023-03-13,148.62776862859434,Product_094,2023-03-19,Normal
2023-03-20,150.85354124410262,Product_094,2023-03-26,Normal
2023-03-27,146.61933591951615,Product_094,2023-04-02,Normal
2023-04-03,144.2548727795719,Product_094,2023-04-09,Normal
2023-04-10,143.62684963058223,Product_094,2023-04-16,Normal
2023-04-17,150.22523767067378,Product_094,2023-04-23,Normal
2023-04-24,151.30989095536367,Product_094,2023-04-30,Normal
2023-05-01,144.1241871197538,Product_094,2023-05-07,Normal
2023-05-08,141.67371355435657,Product_094,2023-05-14,Normal
2023-05-15,151.1499989867077,Product_094,2023-05-21,BOGO
2023-05-22,273.01738557393685,Product_094,2023-05-28,BOGO
2023-05-29,139.30921997323898,Product_094,2023-06-04,Memorial Day
2023-06-05,137.5331259940499,Product_094,2023-06-11,Normal
2023-06-12,134.64870995987832,Product_094,2023-06-18,Normal
2023-06-19,137.56680628422686,Product_094,2023-06-25,Normal
2023-06-26,135.29162224589382,Product_094,2023-07-02,Normal
2023-07-03,131.614333994347,Product_094,2023-07-09,Normal
2023-07-10,122.897003528832,Product_094,2023-07-16,Normal
2023-07-17,120.48536713384698,Product_094,2023-07-23,Normal
2023-07-24,124.92982985916149,Product_094,2023-07-30,Normal
2023-07-31,6.101312365369058,Product_094,2023-08-06,Normal
2023-08-07,115.46852210511624,Product_094,2023-08-13,Normal
2023-08-14,112.34859378293052,Product_094,2023-08-20,Normal
2023-08-21,106.9921431131218,Product_094,2023-08-27,Normal
2023-08-28,102.07683462768728,Product_094,2023-09-03,Normal
2023-09-04,108.77985444759123,Product_094,2023-09-10,Normal
2023-09-11,104.97933290961984,Product_094,2023-09-17,Normal
2023-09-18,109.8611033454315,Product_094,2023-09-24,Normal
2023-09-25,104.63277484806405,Product_094,2023-10-01,Normal
2023-10-02,99.79638885361288,Product_094,2023-10-08,Normal
2023-10-09,107.0372802616998,Product_094,2023-10-15,Normal
2023-10-16,110.0508645163465,Product_094,2023-10-22,Normal
2023-10-23,108.84093030472076,Product_094,2023-10-29,Normal
2023-10-30,106.14938277749698,Product_094,2023-11-05,Normal
2023-11-06,113.36223995813236,Product_094,2023-11-12,Normal
2023-11-13,121.10786445876788,Product_094,2023-11-19,Normal
2023-11-20,467.6244865497963,Product_094,2023-11-26,Black Friday
2023-11-27,516.2633461598894,Product_094,2023-12-03,Normal
2023-12-04,120.14308132827362,Product_094,2023-12-10,Normal
2023-12-11,129.31098914448123,Product_094,2023-12-17,Normal
2023-12-18,127.32219591635068,Product_094,2023-12-24,Normal
2023-12-25,126.64641481430218,Product_094,2023-12-31,Normal
2024-01-01,134.90747931099546,Product_094,2024-01-07,Normal
2024-01-08,143.77575045426573,Product_094,2024-01-14,Normal
2024-01-15,141.57011190920025,Product_094,2024-01-21,Normal
2024-01-22,147.3581796132952,Product_094,2024-01-28,Normal
2024-01-29,147.361242578193,Product_094,2024-02-04,Normal
2024-02-05,158.51737510532664,Product_094,2024-02-11,Normal
2024-02-12,153.803700415027,Product_094,2024-02-18,Normal
2024-02-19,154.6981945848508,Product_094,2024-02-25,Normal
2024-02-26,161.73542554198855,Product_094,2024-03-03,Normal
2024-03-04,155.13151515566574,Product_094,2024-03-10,Normal
2024-03-11,158.7163239583126,Product_094,2024-03-17,Normal
2024-03-18,156.48680145641848,Product_094,2024-03-24,Normal
2024-03-25,171.6679579224681,Product_094,2024-03-31,Normal
2024-04-01,162.86953579424545,Product_094,2024-04-07,Normal
2024-04-08,165.91905023697765,Product_094,2024-04-14,Normal
2024-04-15,164.97695712745505,Product_094,2024-04-21,Normal
2024-04-22,166.69691228137154,Product_094,2024-04-28,Normal
2024-04-29,160.3070080024223,Product_094,2024-05-05,BOGO
2024-05-06,336.1404224802949,Product_094,2024-05-12,BOGO
2024-05-13,163.3222677905055,Product_094,2024-05-19,Normal
2024-05-20,159.2222247061564,Product_094,2024-05-26,Normal
2024-05-27,159.86959463010427,Product_094,2024-06-02,Memorial Day
2024-06-03,158.77708150848989,Product_094,2024-06-09,Normal
2024-06-10,152.95020058412084,Product_094,2024-06-16,Normal
2024-06-17,140.97428266982172,Product_094,2024-06-23,Normal
2024-06-24,141.5023823052725,Product_094,2024-06-30,Normal
2024-07-01,141.38948105551182,Product_094,2024-07-07,Normal
2024-07-08,139.91379921839885,Product_094,2024-07-14,Normal
2024-07-15,134.20655213157505,Product_094,2024-07-21,Normal
2024-07-22,134.1004817144381,Product_094,2024-07-28,Normal
2024-07-29,130.27972850465886,Product_094,2024-08-04,Normal
2024-08-05,121.25846066081716,Product_094,2024-08-11,Disc_50
2024-08-12,129.5137274482238,Product_094,2024-08-18,Disc_50
2024-08-19,725.232771568332,Product_094,2024-08-25,Normal
2024-08-26,128.1894450864939,Product_094,2024-09-01,Normal
2024-09-02,119.85202355159174,Product_094,2024-09-08,Normal
2024-09-09,119.69475923089377,Product_094,2024-09-15,Normal
2024-09-16,117.60535876500526,Product_094,2024-09-22,Normal
2024-09-23,115.04251785807466,Product_094,2024-09-29,Normal
2024-09-30,114.96860602331354,Product_094,2024-10-06,Normal
2024-10-07,117.86480503397914,Product_094,2024-10-13,Normal
2024-10-14,116.67574967361162,Product_094,2024-10-20,Normal
2024-10-21,122.7395759803156,Product_094,2024-10-27,Normal
2024-10-28,123.92745365330067,Product_094,2024-11-03,Normal
2024-11-04,132.1517759335242,Product_094,2024-11-10,Normal
2024-11-11,129.43029682072378,Product_094,2024-11-17,Normal
2024-11-18,492.3563577909927,Product_094,2024-11-24,Normal
2024-11-25,545.4446272090092,Product_094,2024-12-01,Black Friday
2024-12-02,134.3615204022001,Product_094,2024-12-08,Normal
2024-12-09,138.92351130928154,Product_094,2024-12-15,Normal
2024-12-16,139.4025255671796,Product_094,2024-12-22,Normal
2024-12-23,141.81987915665846,Product_094,2024-12-29,Normal
2024-12-30,148.94505959228252,Product_094,2025-01-05,Normal
2023-01-02,86.71338058344085,Product_095,2023-01-08,Normal
2023-01-09,77.12407695754027,Product_095,2023-01-15,Normal
2023-01-16,85.78314042223317,Product_095,2023-01-22,Normal
2023-01-23,91.46242202777592,Product_095,2023-01-29,Normal
2023-01-30,93.04500853038142,Product_095,2023-02-05,Normal
2023-02-06,97.17096291058456,Product_095,2023-02-12,Normal
2023-02-13,102.3054566868035,Product_095,2023-02-19,Normal
2023-02-20,105.06901336447451,Product_095,2023-02-26,Normal
2023-02-27,109.5487171373274,Product_095,2023-03-05,Normal
2023-03-06,111.83074677986887,Product_095,2023-03-12,Normal
2023-03-13,107.85174983154968,Product_095,2023-03-19,Normal
2023-03-20,114.88923854412836,Product_095,2023-03-26,Normal
2023-03-27,110.4179336864746,Product_095,2023-04-02,Normal
2023-04-03,113.14946464983204,Product_095,2023-04-09,Normal
2023-04-10,115.46930313589236,Product_095,2023-04-16,Normal
2023-04-17,114.91770006281558,Product_095,2023-04-23,Normal
2023-04-24,113.66890257328808,Product_095,2023-04-30,Normal
2023-05-01,113.57870184769531,Product_095,2023-05-07,Normal
2023-05-08,112.7284650779221,Product_095,2023-05-14,Normal
2023-05-15,113.22317618763044,Product_095,2023-05-21,BOGO
2023-05-22,223.80341672619355,Product_095,2023-05-28,BOGO
2023-05-29,110.8194114479473,Product_095,2023-06-04,Memorial Day
2023-06-05,107.05874369583212,Product_095,2023-06-11,Normal
2023-06-12,103.13928713862136,Product_095,2023-06-18,Normal
2023-06-19,103.18848580871638,Product_095,2023-06-25,Normal
2023-06-26,102.82270314052924,Product_095,2023-07-02,Normal
2023-07-03,99.911569696698,Product_095,2023-07-09,Normal
2023-07-10,95.58064041580268,Product_095,2023-07-16,Normal
2023-07-17,93.6552290179081,Product_095,2023-07-23,Normal
2023-07-24,93.64966300371408,Product_095,2023-07-30,Normal
2023-07-31,4.129282782650811,Product_095,2023-08-06,Normal
2023-08-07,82.07052114148978,Product_095,2023-08-13,Normal
2023-08-14,84.06527509611358,Product_095,2023-08-20,Normal
2023-08-21,80.76139161395322,Product_095,2023-08-27,Normal
2023-08-28,85.50406874902731,Product_095,2023-09-03,Normal
2023-09-04,84.90581664775846,Product_095,2023-09-10,Normal
2023-09-11,76.42768881810827,Product_095,2023-09-17,Normal
2023-09-18,83.83854189732915,Product_095,2023-09-24,Normal
2023-09-25,89.24683504761991,Product_095,2023-10-01,Normal
2023-10-02,79.62817553394773,Product_095,2023-10-08,Normal
2023-10-09,83.997916200828,Product_095,2023-10-15,Normal
2023-10-16,83.10775433320885,Product_095,2023-10-22,Normal
2023-10-23,86.28430793583507,Product_095,2023-10-29,Normal
2023-10-30,89.8428099592968,Product_095,2023-11-05,Normal
2023-11-06,97.77981157194496,Product_095,2023-11-12,Normal
2023-11-13,89.77802286878669,Product_095,2023-11-19,Normal
2023-11-20,367.8091202008365,Product_095,2023-11-26,Black Friday
2023-11-27,430.4026463111902,Product_095,2023-12-03,Normal
2023-12-04,101.98816887558488,Product_095,2023-12-10,Normal
2023-12-11,107.862444855347,Product_095,2023-12-17,Normal
2023-12-18,104.77511307628367,Product_095,2023-12-24,Normal
2023-12-25,113.66116609089858,Product_095,2023-12-31,Normal
2024-01-01,111.7593239306584,Product_095,2024-01-07,Normal
2024-01-08,123.379546357321,Product_095,2024-01-14,Normal
2024-01-15,122.09087421863713,Product_095,2024-01-21,Normal
2024-01-22,117.33427877506858,Product_095,2024-01-28,Normal
2024-01-29,127.02472917010869,Product_095,2024-02-04,Normal
2024-02-05,133.1568661442289,Product_095,2024-02-11,Normal
2024-02-12,134.87918925504252,Product_095,2024-02-18,Normal
2024-02-19,132.1279393542197,Product_095,2024-02-25,Normal
2024-02-26,136.3176240465644,Product_095,2024-03-03,Normal
2024-03-04,139.49869016169347,Product_095,2024-03-10,Normal
2024-03-11,140.81433315631017,Product_095,2024-03-17,Normal
2024-03-18,142.29162616329612,Product_095,2024-03-24,Normal
2024-03-25,143.42137854305628,Product_095,2024-03-31,Normal
2024-04-01,149.71382037394068,Product_095,2024-04-07,Normal
2024-04-08,146.7127944732071,Product_095,2024-04-14,Normal
2024-04-15,145.5245348993004,Product_095,2024-04-21,Normal
2024-04-22,153.50240423708536,Product_095,2024-04-28,Normal
2024-04-29,151.77607791623248,Product_095,2024-05-05,BOGO
2024-05-06,305.0625968686371,Product_095,2024-05-12,BOGO
2024-05-13,143.23328999611596,Product_095,2024-05-19,Normal
2024-05-20,146.66193016889602,Product_095,2024-05-26,Normal
2024-05-27,140.57184944220663,Product_095,2024-06-02,Memorial Day
2024-06-03,136.83612716186795,Product_095,2024-06-09,Normal
2024-06-10,139.93307513138973,Product_095,2024-06-16,Normal
2024-06-17,136.54474398471527,Product_095,2024-06-23,Normal
2024-06-24,139.77708263617745,Product_095,2024-06-30,Normal
2024-07-01,128.08764051608287,Product_095,2024-07-07,Normal
2024-07-08,131.1487218144402,Product_095,2024-07-14,Normal
2024-07-15,130.1560078164377,Product_095,2024-07-21,Normal
2024-07-22,123.17785820757548,Product_095,2024-07-28,Normal
2024-07-29,126.63840110192844,Product_095,2024-08-04,Normal
2024-08-05,123.32144212294988,Product_095,2024-08-11,Disc_50
2024-08-12,120.64109768108727,Product_095,2024-08-18,Disc_50
2024-08-19,712.5809218460569,Product_095,2024-08-25,Normal
2024-08-26,117.52882842384012,Product_095,2024-09-01,Normal
2024-09-02,116.95236803755212,Product_095,2024-09-08,Normal
2024-09-09,120.65317993812116,Product_095,2024-09-15,Normal
2024-09-16,108.95873233134598,Product_095,2024-09-22,Normal
2024-09-23,114.61453119253768,Product_095,2024-09-29,Normal
2024-09-30,116.82888378839804,Product_095,2024-10-06,Normal
2024-10-07,117.82897060276515,Product_095,2024-10-13,Normal
2024-10-14,120.68879090126978,Product_095,2024-10-20,Normal
2024-10-21,118.78682846025544,Product_095,2024-10-27,Normal
2024-10-28,116.20691799827507,Product_095,2024-11-03,Normal
2024-11-04,130.0845484924669,Product_095,2024-11-10,Normal
2024-11-11,126.52865494240292,Product_095,2024-11-17,Normal
2024-11-18,543.1569183459767,Product_095,2024-11-24,Normal
2024-11-25,508.0162138251943,Product_095,2024-12-01,Black Friday
2024-12-02,141.15053090874775,Product_095,2024-12-08,Normal
2024-12-09,137.74936998948814,Product_095,2024-12-15,Normal
2024-12-16,149.85757420741797,Product_095,2024-12-22,Normal
2024-12-23,138.6464485652602,Product_095,2024-12-29,Normal
2024-12-30,153.50389954887146,Product_095,2025-01-05,Normal
2023-01-02,96.96146539427151,Product_096,2023-01-08,Normal
2023-01-09,107.50207345456488,Product_096,2023-01-15,Normal
2023-01-16,108.88396987603304,Product_096,2023-01-22,Normal
2023-01-23,111.43548168540826,Product_096,2023-01-29,Normal
2023-01-30,112.68428413752515,Product_096,2023-02-05,Normal
2023-02-06,125.66344520232308,Product_096,2023-02-12,Normal
2023-02-13,127.45277233316608,Product_096,2023-02-19,Normal
2023-02-20,120.86811845968832,Product_096,2023-02-26,Normal
2023-02-27,127.8269946666868,Product_096,2023-03-05,Normal
2023-03-06,122.5062539468518,Product_096,2023-03-12,Normal
2023-03-13,123.44976634547652,Product_096,2023-03-19,Normal
2023-03-20,128.21290482134393,Product_096,2023-03-26,Normal
2023-03-27,137.97304062159884,Product_096,2023-04-02,Normal
2023-04-03,137.8732170631748,Product_096,2023-04-09,Normal
2023-04-10,130.25109442084974,Product_096,2023-04-16,Normal
2023-04-17,137.6590477834029,Product_096,2023-04-23,Normal
2023-04-24,129.9932922009561,Product_096,2023-04-30,Normal
2023-05-01,135.31444843474617,Product_096,2023-05-07,Normal
2023-05-08,124.24928405401232,Product_096,2023-05-14,Normal
2023-05-15,129.76540892955327,Product_096,2023-05-21,BOGO
2023-05-22,248.89113901135988,Product_096,2023-05-28,BOGO
2023-05-29,119.15484682100266,Product_096,2023-06-04,Memorial Day
2023-06-05,120.39936366936828,Product_096,2023-06-11,Normal
2023-06-12,128.90292248089742,Product_096,2023-06-18,Normal
2023-06-19,117.96879553239772,Product_096,2023-06-25,Normal
2023-06-26,112.74522960263882,Product_096,2023-07-02,Normal
2023-07-03,114.61735185737776,Product_096,2023-07-09,Normal
2023-07-10,112.26165267167912,Product_096,2023-07-16,Normal
2023-07-17,109.22921090373674,Product_096,2023-07-23,Normal
2023-07-24,112.80185947479262,Product_096,2023-07-30,Normal
2023-07-31,5.026512310314466,Product_096,2023-08-06,Normal
2023-08-07,102.35022277945546,Product_096,2023-08-13,Normal
2023-08-14,99.22946147527152,Product_096,2023-08-20,Normal
2023-08-21,99.65796365122502,Product_096,2023-08-27,Normal
2023-08-28,94.783856912672,Product_096,2023-09-03,Normal
2023-09-04,102.98182287599894,Product_096,2023-09-10,Normal
2023-09-11,94.25687214794615,Product_096,2023-09-17,Normal
2023-09-18,91.70086124349712,Product_096,2023-09-24,Normal
2023-09-25,101.97071602449348,Product_096,2023-10-01,Normal
2023-10-02,99.7031361030043,Product_096,2023-10-08,Normal
2023-10-09,106.39335684176228,Product_096,2023-10-15,Normal
2023-10-16,98.33327906745048,Product_096,2023-10-22,Normal
2023-10-23,91.02596566104503,Product_096,2023-10-29,Normal
2023-10-30,90.90189318476762,Product_096,2023-11-05,Normal
2023-11-06,104.60463936136784,Product_096,2023-11-12,Normal
2023-11-13,101.8338971040592,Product_096,2023-11-19,Normal
2023-11-20,422.65669652676416,Product_096,2023-11-26,Black Friday
2023-11-27,466.83052820310735,Product_096,2023-12-03,Normal
2023-12-04,117.03084692231724,Product_096,2023-12-10,Normal
2023-12-11,117.08448029845826,Product_096,2023-12-17,Normal
2023-12-18,118.63090981048114,Product_096,2023-12-24,Normal
2023-12-25,119.39882318114743,Product_096,2023-12-31,Normal
2024-01-01,121.73445057944252,Product_096,2024-01-07,Normal
2024-01-08,130.8611475796614,Product_096,2024-01-14,Normal
2024-01-15,131.50536186471652,Product_096,2024-01-21,Normal
2024-01-22,140.41835848778587,Product_096,2024-01-28,Normal
2024-01-29,146.33529638729902,Product_096,2024-02-04,Normal
2024-02-05,140.40169028721965,Product_096,2024-02-11,Normal
2024-02-12,148.99110643641689,Product_096,2024-02-18,Normal
2024-02-19,145.44196348512003,Product_096,2024-02-25,Normal
2024-02-26,150.30567317126398,Product_096,2024-03-03,Normal
2024-03-04,157.23539374383486,Product_096,2024-03-10,Normal
2024-03-11,148.9755913655356,Product_096,2024-03-17,Normal
2024-03-18,156.18092428078978,Product_096,2024-03-24,Normal
2024-03-25,153.65809611937095,Product_096,2024-03-31,Normal
2024-04-01,149.99737669744408,Product_096,2024-04-07,Normal
2024-04-08,157.53735458686606,Product_096,2024-04-14,Normal
2024-04-15,159.5246807478051,Product_096,2024-04-21,Normal
2024-04-22,152.25986058009693,Product_096,2024-04-28,Normal
2024-04-29,151.1035784472142,Product_096,2024-05-05,BOGO
2024-05-06,329.36600175438184,Product_096,2024-05-12,BOGO
2024-05-13,155.70780437545855,Product_096,2024-05-19,Normal
2024-05-20,143.86623275224588,Product_096,2024-05-26,Normal
2024-05-27,146.68373091489713,Product_096,2024-06-02,Memorial Day
2024-06-03,150.9683617496525,Product_096,2024-06-09,Normal
2024-06-10,144.70464197542933,Product_096,2024-06-16,Normal
2024-06-17,142.79934703892403,Product_096,2024-06-23,Normal
2024-06-24,148.65520726817127,Product_096,2024-06-30,Normal
2024-07-01,143.48580282923984,Product_096,2024-07-07,Normal
2024-07-08,134.67153972265976,Product_096,2024-07-14,Normal
2024-07-15,138.07611114988438,Product_096,2024-07-21,Normal
2024-07-22,123.37917926656192,Product_096,2024-07-28,Normal
2024-07-29,120.52470243017922,Product_096,2024-08-04,Normal
2024-08-05,127.20319626730334,Product_096,2024-08-11,Disc_50
2024-08-12,122.97127122080276,Product_096,2024-08-18,Disc_50
2024-08-19,716.5967658800075,Product_096,2024-08-25,Normal
2024-08-26,120.5626697912398,Product_096,2024-09-01,Normal
2024-09-02,120.09633715708178,Product_096,2024-09-08,Normal
2024-09-09,123.19019723355687,Product_096,2024-09-15,Normal
2024-09-16,116.08645267647547,Product_096,2024-09-22,Normal
2024-09-23,120.11628443575808,Product_096,2024-09-29,Normal
2024-09-30,119.38952620980186,Product_096,2024-10-06,Normal
2024-10-07,117.94248376618168,Product_096,2024-10-13,Normal
2024-10-14,120.31409053032488,Product_096,2024-10-20,Normal
2024-10-21,117.6573130192812,Product_096,2024-10-27,Normal
2024-10-28,123.99727053904768,Product_096,2024-11-03,Normal
2024-11-04,121.94774605715504,Product_096,2024-11-10,Normal
2024-11-11,136.27283949628142,Product_096,2024-11-17,Normal
2024-11-18,512.4366862213052,Product_096,2024-11-24,Normal
2024-11-25,537.7017831619149,Product_096,2024-12-01,Black Friday
2024-12-02,138.6014312348792,Product_096,2024-12-08,Normal
2024-12-09,140.99789745286537,Product_096,2024-12-15,Normal
2024-12-16,142.54748299631686,Product_096,2024-12-22,Normal
2024-12-23,147.64343250649873,Product_096,2024-12-29,Normal
2024-12-30,147.72502765707844,Product_096,2025-01-05,Normal
2023-01-02,114.39940234759568,Product_097,2023-01-08,Normal
2023-01-09,115.0041472694356,Product_097,2023-01-15,Normal
2023-01-16,114.88418084403745,Product_097,2023-01-22,Normal
2023-01-23,116.93794338844226,Product_097,2023-01-29,Normal
2023-01-30,121.79420245439262,Product_097,2023-02-05,Normal
2023-02-06,127.75119966211857,Product_097,2023-02-12,Normal
2023-02-13,132.089877098,Product_097,2023-02-19,Normal
2023-02-20,130.62796031337837,Product_097,2023-02-26,Normal
2023-02-27,131.69326509006993,Product_097,2023-03-05,Normal
2023-03-06,138.22404488862836,Product_097,2023-03-12,Normal
2023-03-13,137.53248898096672,Product_097,2023-03-19,Normal
2023-03-20,136.8165464859305,Product_097,2023-03-26,Normal
2023-03-27,138.1306460183594,Product_097,2023-04-02,Normal
2023-04-03,136.84196718586105,Product_097,2023-04-09,Normal
2023-04-10,136.0423437517721,Product_097,2023-04-16,Normal
2023-04-17,143.1472271044273,Product_097,2023-04-23,Normal
2023-04-24,133.25714740082157,Product_097,2023-04-30,Normal
2023-05-01,139.42669606996094,Product_097,2023-05-07,Normal
2023-05-08,134.71210594644052,Product_097,2023-05-14,Normal
2023-05-15,135.14155034913762,Product_097,2023-05-21,BOGO
2023-05-22,280.3577892678647,Product_097,2023-05-28,BOGO
2023-05-29,129.65756724952163,Product_097,2023-06-04,Memorial Day
2023-06-05,122.69280892900817,Product_097,2023-06-11,Normal
2023-06-12,126.26001361244276,Product_097,2023-06-18,Normal
2023-06-19,122.92978491706312,Product_097,2023-06-25,Normal
2023-06-26,121.77877232486507,Product_097,2023-07-02,Normal
2023-07-03,123.08253505775534,Product_097,2023-07-09,Normal
2023-07-10,121.16774443466946,Product_097,2023-07-16,Normal
2023-07-17,115.58039900273566,Product_097,2023-07-23,Normal
2023-07-24,103.00437086816068,Product_097,2023-07-30,Normal
2023-07-31,5.432016161553904,Product_097,2023-08-06,Normal
2023-08-07,111.56772947236423,Product_097,2023-08-13,Normal
2023-08-14,106.12148265095914,Product_097,2023-08-20,Normal
2023-08-21,109.18937070439348,Product_097,2023-08-27,Normal
2023-08-28,96.45237606879296,Product_097,2023-09-03,Normal
2023-09-04,101.5430423033653,Product_097,2023-09-10,Normal
2023-09-11,99.51001239609994,Product_097,2023-09-17,Normal
2023-09-18,107.8691115384667,Product_097,2023-09-24,Normal
2023-09-25,102.90056843111869,Product_097,2023-10-01,Normal
2023-10-02,93.44062925117132,Product_097,2023-10-08,Normal
2023-10-09,97.90012850344544,Product_097,2023-10-15,Normal
2023-10-16,99.07878309096476,Product_097,2023-10-22,Normal
2023-10-23,103.96141855473157,Product_097,2023-10-29,Normal
2023-10-30,109.74603574719237,Product_097,2023-11-05,Normal
2023-11-06,106.83234147442415,Product_097,2023-11-12,Normal
2023-11-13,109.92765638635493,Product_097,2023-11-19,Normal
2023-11-20,436.02931087289903,Product_097,2023-11-26,Black Friday
2023-11-27,437.0693721727666,Product_097,2023-12-03,Normal
2023-12-04,113.58420035710851,Product_097,2023-12-10,Normal
2023-12-11,120.23943615593178,Product_097,2023-12-17,Normal
2023-12-18,123.88836224476503,Product_097,2023-12-24,Normal
2023-12-25,120.5428649375981,Product_097,2023-12-31,Normal
2024-01-01,133.62412038043425,Product_097,2024-01-07,Normal
2024-01-08,133.0733840584691,Product_097,2024-01-14,Normal
2024-01-15,136.7266583503676,Product_097,2024-01-21,Normal
2024-01-22,140.43996459275246,Product_097,2024-01-28,Normal
2024-01-29,139.43264145387732,Product_097,2024-02-04,Normal
2024-02-05,144.05502514583154,Product_097,2024-02-11,Normal
2024-02-12,148.2021772117355,Product_097,2024-02-18,Normal
2024-02-19,150.70432824009526,Product_097,2024-02-25,Normal
2024-02-26,149.16910802198123,Product_097,2024-03-03,Normal
2024-03-04,162.45696386591993,Product_097,2024-03-10,Normal
2024-03-11,156.1940726273823,Product_097,2024-03-17,Normal
2024-03-18,155.70364936391047,Product_097,2024-03-24,Normal
2024-03-25,160.4467696284365,Product_097,2024-03-31,Normal
2024-04-01,157.81275176780164,Product_097,2024-04-07,Normal
2024-04-08,159.4876835481236,Product_097,2024-04-14,Normal
2024-04-15,160.29296250674483,Product_097,2024-04-21,Normal
2024-04-22,163.1478002964121,Product_097,2024-04-28,Normal
2024-04-29,157.57104735194014,Product_097,2024-05-05,BOGO
2024-05-06,326.89065883016235,Product_097,2024-05-12,BOGO
2024-05-13,156.24488322948704,Product_097,2024-05-19,Normal
2024-05-20,153.93132991073418,Product_097,2024-05-26,Normal
2024-05-27,153.5931345856361,Product_097,2024-06-02,Memorial Day
2024-06-03,149.37791635798695,Product_097,2024-06-09,Normal
2024-06-10,144.33212022767128,Product_097,2024-06-16,Normal
2024-06-17,146.3344318381694,Product_097,2024-06-23,Normal
2024-06-24,145.0173466721102,Product_097,2024-06-30,Normal
2024-07-01,138.49320295823966,Product_097,2024-07-07,Normal
2024-07-08,133.37620078388682,Product_097,2024-07-14,Normal
2024-07-15,132.3422318005694,Product_097,2024-07-21,Normal
2024-07-22,137.3763432543544,Product_097,2024-07-28,Normal
2024-07-29,128.51643685580913,Product_097,2024-08-04,Normal
2024-08-05,124.87245690412531,Product_097,2024-08-11,Disc_50
2024-08-12,133.3920695336418,Product_097,2024-08-18,Disc_50
2024-08-19,718.0699541626817,Product_097,2024-08-25,Normal
2024-08-26,125.24922091303216,Product_097,2024-09-01,Normal
2024-09-02,123.47049881592292,Product_097,2024-09-08,Normal
2024-09-09,122.85109114876848,Product_097,2024-09-15,Normal
2024-09-16,125.2092836449932,Product_097,2024-09-22,Normal
2024-09-23,116.33077003391544,Product_097,2024-09-29,Normal
2024-09-30,122.74451037088892,Product_097,2024-10-06,Normal
2024-10-07,120.8590951476189,Product_097,2024-10-13,Normal
2024-10-14,119.94717796390444,Product_097,2024-10-20,Normal
2024-10-21,118.98583446670035,Product_097,2024-10-27,Normal
2024-10-28,122.9716746160884,Product_097,2024-11-03,Normal
2024-11-04,124.14361187822674,Product_097,2024-11-10,Normal
2024-11-11,125.06937499222144,Product_097,2024-11-17,Normal
2024-11-18,539.5761371003227,Product_097,2024-11-24,Normal
2024-11-25,528.913053627652,Product_097,2024-12-01,Black Friday
2024-12-02,133.63287212684315,Product_097,2024-12-08,Normal
2024-12-09,144.51374034015228,Product_097,2024-12-15,Normal
2024-12-16,137.46168965944238,Product_097,2024-12-22,Normal
2024-12-23,143.97346279551857,Product_097,2024-12-29,Normal
2024-12-30,150.33818510459935,Product_097,2025-01-05,Normal
2023-01-02,101.19690624684536,Product_098,2023-01-08,Normal
2023-01-09,102.71018128738125,Product_098,2023-01-15,Normal
2023-01-16,110.31792271294331,Product_098,2023-01-22,Normal
2023-01-23,112.36608426570196,Product_098,2023-01-29,Normal
2023-01-30,118.98363451290112,Product_098,2023-02-05,Normal
2023-02-06,119.13445055912976,Product_098,2023-02-12,Normal
2023-02-13,114.43151308868111,Product_098,2023-02-19,Normal
2023-02-20,117.07859272444658,Product_098,2023-02-26,Normal
2023-02-27,129.48977770606422,Product_098,2023-03-05,Normal
2023-03-06,121.84778111185756,Product_098,2023-03-12,Normal
2023-03-13,121.2122609168826,Product_098,2023-03-19,Normal
2023-03-20,127.90323386857123,Product_098,2023-03-26,Normal
2023-03-27,124.47954723983683,Product_098,2023-04-02,Normal
2023-04-03,128.26675594307835,Product_098,2023-04-09,Normal
2023-04-10,131.07562361899605,Product_098,2023-04-16,Normal
2023-04-17,127.4958078536318,Product_098,2023-04-23,Normal
2023-04-24,132.9065614145382,Product_098,2023-04-30,Normal
2023-05-01,127.51427958784012,Product_098,2023-05-07,Normal
2023-05-08,120.82541429614486,Product_098,2023-05-14,Normal
2023-05-15,127.6280370477096,Product_098,2023-05-21,BOGO
2023-05-22,258.9808969051493,Product_098,2023-05-28,BOGO
2023-05-29,125.54746029855104,Product_098,2023-06-04,Memorial Day
2023-06-05,112.14322042364198,Product_098,2023-06-11,Normal
2023-06-12,118.45890877070444,Product_098,2023-06-18,Normal
2023-06-19,113.02218375338,Product_098,2023-06-25,Normal
2023-06-26,106.56647532724578,Product_098,2023-07-02,Normal
2023-07-03,110.70110082241554,Product_098,2023-07-09,Normal
2023-07-10,119.36667163964476,Product_098,2023-07-16,Normal
2023-07-17,106.1897719239734,Product_098,2023-07-23,Normal
2023-07-24,99.2603871432258,Product_098,2023-07-30,Normal
2023-07-31,5.033387970981676,Product_098,2023-08-06,Normal
2023-08-07,94.0231935599533,Product_098,2023-08-13,Normal
2023-08-14,92.47575506571911,Product_098,2023-08-20,Normal
2023-08-21,94.82528589664568,Product_098,2023-08-27,Normal
2023-08-28,95.74281687566328,Product_098,2023-09-03,Normal
2023-09-04,90.68405517610502,Product_098,2023-09-10,Normal
2023-09-11,93.69117982856758,Product_098,2023-09-17,Normal
2023-09-18,91.60361646662912,Product_098,2023-09-24,Normal
2023-09-25,89.763085224527,Product_098,2023-10-01,Normal
2023-10-02,94.1024955735966,Product_098,2023-10-08,Normal
2023-10-09,96.44381833134892,Product_098,2023-10-15,Normal
2023-10-16,95.22568828185244,Product_098,2023-10-22,Normal
2023-10-23,98.69640146197226,Product_098,2023-10-29,Normal
2023-10-30,100.88891684507024,Product_098,2023-11-05,Normal
2023-11-06,100.60754490000176,Product_098,2023-11-12,Normal
2023-11-13,107.96822840136726,Product_098,2023-11-19,Normal
2023-11-20,395.9979228869734,Product_098,2023-11-26,Black Friday
2023-11-27,434.2237507306926,Product_098,2023-12-03,Normal
2023-12-04,116.77131070874646,Product_098,2023-12-10,Normal
2023-12-11,116.13446995609644,Product_098,2023-12-17,Normal
2023-12-18,121.65266166550524,Product_098,2023-12-24,Normal
2023-12-25,119.86754835821738,Product_098,2023-12-31,Normal
2024-01-01,118.40018692226262,Product_098,2024-01-07,Normal
2024-01-08,127.0914583991538,Product_098,2024-01-14,Normal
2024-01-15,129.11681137475293,Product_098,2024-01-21,Normal
2024-01-22,134.2589597578038,Product_098,2024-01-28,Normal
2024-01-29,138.81808273370237,Product_098,2024-02-04,Normal
2024-02-05,138.82172479188264,Product_098,2024-02-11,Normal
2024-02-12,141.20054893693987,Product_098,2024-02-18,Normal
2024-02-19,146.4647123061644,Product_098,2024-02-25,Normal
2024-02-26,153.9573331679056,Product_098,2024-03-03,Normal
2024-03-04,154.31187064664763,Product_098,2024-03-10,Normal
2024-03-11,148.0799855969836,Product_098,2024-03-17,Normal
2024-03-18,155.06011211974132,Product_098,2024-03-24,Normal
2024-03-25,150.7523906078204,Product_098,2024-03-31,Normal
2024-04-01,151.3751926660976,Product_098,2024-04-07,Normal
2024-04-08,151.43000576206026,Product_098,2024-04-14,Normal
2024-04-15,152.41344226501596,Product_098,2024-04-21,Normal
2024-04-22,156.56756963744022,Product_098,2024-04-28,Normal
2024-04-29,160.4926095736716,Product_098,2024-05-05,BOGO
2024-05-06,329.2879902823748,Product_098,2024-05-12,BOGO
2024-05-13,145.56015644983324,Product_098,2024-05-19,Normal
2024-05-20,144.51536848840928,Product_098,2024-05-26,Normal
2024-05-27,147.02407283246015,Product_098,2024-06-02,Memorial Day
2024-06-03,144.62658953876632,Product_098,2024-06-09,Normal
2024-06-10,147.2873818477036,Product_098,2024-06-16,Normal
2024-06-17,143.87987946688855,Product_098,2024-06-23,Normal
2024-06-24,144.37343524965854,Product_098,2024-06-30,Normal
2024-07-01,139.50529160608008,Product_098,2024-07-07,Normal
2024-07-08,126.77243150461388,Product_098,2024-07-14,Normal
2024-07-15,131.74437896104266,Product_098,2024-07-21,Normal
2024-07-22,132.94280845980967,Product_098,2024-07-28,Normal
2024-07-29,127.45078702331986,Product_098,2024-08-04,Normal
2024-08-05,124.28872243635116,Product_098,2024-08-11,Disc_50
2024-08-12,122.58680979171316,Product_098,2024-08-18,Disc_50
2024-08-19,714.932728672609,Product_098,2024-08-25,Normal
2024-08-26,121.04975228544782,Product_098,2024-09-01,Normal
2024-09-02,117.0045378886002,Product_098,2024-09-08,Normal
2024-09-09,123.68995035073074,Product_098,2024-09-15,Normal
2024-09-16,118.13639071168248,Product_098,2024-09-22,Normal
2024-09-23,119.7645105961494,Product_098,2024-09-29,Normal
2024-09-30,112.40347506338276,Product_098,2024-10-06,Normal
2024-10-07,119.40996570179934,Product_098,2024-10-13,Normal
2024-10-14,119.5208223136862,Product_098,2024-10-20,Normal
2024-10-21,121.41811045861448,Product_098,2024-10-27,Normal
2024-10-28,120.3293360522239,Product_098,2024-11-03,Normal
2024-11-04,126.21234652269092,Product_098,2024-11-10,Normal
2024-11-11,126.03448423688435,Product_098,2024-11-17,Normal
2024-11-18,504.5601270341794,Product_098,2024-11-24,Normal
2024-11-25,524.6675807941913,Product_098,2024-12-01,Black Friday
2024-12-02,140.21638411018617,Product_098,2024-12-08,Normal
2024-12-09,141.07819159494952,Product_098,2024-12-15,Normal
2024-12-16,137.1995782848137,Product_098,2024-12-22,Normal
2024-12-23,145.20648772293336,Product_098,2024-12-29,Normal
2024-12-30,151.37771840740533,Product_098,2025-01-05,Normal
2023-01-02,81.98290441902435,Product_099,2023-01-08,Normal
2023-01-09,91.63266041854378,Product_099,2023-01-15,Normal
2023-01-16,92.5040055853832,Product_099,2023-01-22,Normal
2023-01-23,89.0304922927551,Product_099,2023-01-29,Normal
2023-01-30,100.35070372618247,Product_099,2023-02-05,Normal
2023-02-06,97.0671137978648,Product_099,2023-02-12,Normal
2023-02-13,100.94263411229208,Product_099,2023-02-19,Normal
2023-02-20,120.21550562506748,Product_099,2023-02-26,Normal
2023-02-27,111.84366398787282,Product_099,2023-03-05,Normal
2023-03-06,113.580011832858,Product_099,2023-03-12,Normal
2023-03-13,113.88571987216348,Product_099,2023-03-19,Normal
2023-03-20,116.29144301278475,Product_099,2023-03-26,Normal
2023-03-27,115.25610432472108,Product_099,2023-04-02,Normal
2023-04-03,121.37511689760288,Product_099,2023-04-09,Normal
2023-04-10,117.59609169651392,Product_099,2023-04-16,Normal
2023-04-17,119.16757477386086,Product_099,2023-04-23,Normal
2023-04-24,121.6318268560809,Product_099,2023-04-30,Normal
2023-05-01,116.54995609120932,Product_099,2023-05-07,Normal
2023-05-08,125.29481019787347,Product_099,2023-05-14,Normal
2023-05-15,122.80370873865547,Product_099,2023-05-21,BOGO
2023-05-22,225.1554905740374,Product_099,2023-05-28,BOGO
2023-05-29,113.37846334527376,Product_099,2023-06-04,Memorial Day
2023-06-05,109.58204682470388,Product_099,2023-06-11,Normal
2023-06-12,109.55636187200632,Product_099,2023-06-18,Normal
2023-06-19,106.65002517256023,Product_099,2023-06-25,Normal
2023-06-26,106.2593357293679,Product_099,2023-07-02,Normal
2023-07-03,103.00144981368848,Product_099,2023-07-09,Normal
2023-07-10,99.23818276879491,Product_099,2023-07-16,Normal
2023-07-17,93.73156529634224,Product_099,2023-07-23,Normal
2023-07-24,88.49970196771474,Product_099,2023-07-30,Normal
2023-07-31,4.66026400089591,Product_099,2023-08-06,Normal
2023-08-07,95.29225764910386,Product_099,2023-08-13,Normal
2023-08-14,85.67538467836258,Product_099,2023-08-20,Normal
2023-08-21,82.55500938085964,Product_099,2023-08-27,Normal
2023-08-28,81.91636856027287,Product_099,2023-09-03,Normal
2023-09-04,93.91242957525002,Product_099,2023-09-10,Normal
2023-09-11,80.04616356958613,Product_099,2023-09-17,Normal
2023-09-18,87.6688190210092,Product_099,2023-09-24,Normal
2023-09-25,87.45231434249722,Product_099,2023-10-01,Normal
2023-10-02,88.77504897721349,Product_099,2023-10-08,Normal
2023-10-09,75.4765842321549,Product_099,2023-10-15,Normal
2023-10-16,88.56138266127394,Product_099,2023-10-22,Normal
2023-10-23,79.39897206816732,Product_099,2023-10-29,Normal
2023-10-30,89.05329263119206,Product_099,2023-11-05,Normal
2023-11-06,91.1963666813443,Product_099,2023-11-12,Normal
2023-11-13,97.90107525039636,Product_099,2023-11-19,Normal
2023-11-20,378.7459192677973,Product_099,2023-11-26,Black Friday
2023-11-27,386.918044163688,Product_099,2023-12-03,Normal
2023-12-04,104.73267092674216,Product_099,2023-12-10,Normal
2023-12-11,103.905259340863,Product_099,2023-12-17,Normal
2023-12-18,113.48386676813394,Product_099,2023-12-24,Normal
2023-12-25,110.789832525032,Product_099,2023-12-31,Normal
2024-01-01,122.4550789193162,Product_099,2024-01-07,Normal
2024-01-08,123.82748258114606,Product_099,2024-01-14,Normal
2024-01-15,121.31003843184862,Product_099,2024-01-21,Normal
2024-01-22,132.60618008329004,Product_099,2024-01-28,Normal
2024-01-29,128.30544493557022,Product_099,2024-02-04,Normal
2024-02-05,131.87997494885485,Product_099,2024-02-11,Normal
2024-02-12,138.64717506200964,Product_099,2024-02-18,Normal
2024-02-19,140.93045994990084,Product_099,2024-02-25,Normal
2024-02-26,140.00906394453511,Product_099,2024-03-03,Normal
2024-03-04,145.57645400098485,Product_099,2024-03-10,Normal
2024-03-11,145.47057532881132,Product_099,2024-03-17,Normal
2024-03-18,150.65345156461365,Product_099,2024-03-24,Normal
2024-03-25,151.92618308839565,Product_099,2024-03-31,Normal
2024-04-01,151.34057423132072,Product_099,2024-04-07,Normal
2024-04-08,151.1580668325764,Product_099,2024-04-14,Normal
2024-04-15,160.69743105288583,Product_099,2024-04-21,Normal
2024-04-22,152.987971789724,Product_099,2024-04-28,Normal
2024-04-29,148.77691969619485,Product_099,2024-05-05,BOGO
2024-05-06,313.8781510053213,Product_099,2024-05-12,BOGO
2024-05-13,143.80658334329578,Product_099,2024-05-19,Normal
2024-05-20,146.09822607617383,Product_099,2024-05-26,Normal
2024-05-27,145.97146403558924,Product_099,2024-06-02,Memorial Day
2024-06-03,142.42895562442615,Product_099,2024-06-09,Normal
2024-06-10,137.44719640298294,Product_099,2024-06-16,Normal
2024-06-17,144.2489186907934,Product_099,2024-06-23,Normal
2024-06-24,141.18893716759604,Product_099,2024-06-30,Normal
2024-07-01,141.00411530045753,Product_099,2024-07-07,Normal
2024-07-08,135.93607551875454,Product_099,2024-07-14,Normal
2024-07-15,123.63924037257368,Product_099,2024-07-21,Normal
2024-07-22,121.34385394360876,Product_099,2024-07-28,Normal
2024-07-29,129.72858641319925,Product_099,2024-08-04,Normal
2024-08-05,123.44295195743464,Product_099,2024-08-11,Disc_50
2024-08-12,118.81504922698416,Product_099,2024-08-18,Disc_50
2024-08-19,715.6884265239868,Product_099,2024-08-25,Normal
2024-08-26,116.16126487579628,Product_099,2024-09-01,Normal
2024-09-02,124.304949257821,Product_099,2024-09-08,Normal
2024-09-09,117.37024276613394,Product_099,2024-09-15,Normal
2024-09-16,114.62527743090828,Product_099,2024-09-22,Normal
2024-09-23,113.5174844647515,Product_099,2024-09-29,Normal
2024-09-30,110.09979990846524,Product_099,2024-10-06,Normal
2024-10-07,121.80936871102924,Product_099,2024-10-13,Normal
2024-10-14,113.66621953935469,Product_099,2024-10-20,Normal
2024-10-21,128.11258002289057,Product_099,2024-10-27,Normal
2024-10-28,123.56550630234476,Product_099,2024-11-03,Normal
2024-11-04,124.2288255650958,Product_099,2024-11-10,Normal
2024-11-11,131.57679198678983,Product_099,2024-11-17,Normal
2024-11-18,539.9257032869735,Product_099,2024-11-24,Normal
2024-11-25,543.2482865662887,Product_099,2024-12-01,Black Friday
2024-12-02,128.2424692340904,Product_099,2024-12-08,Normal
2024-12-09,140.78108780064034,Product_099,2024-12-15,Normal
2024-12-16,138.3496026211031,Product_099,2024-12-22,Normal
2024-12-23,154.92793393022578,Product_099,2024-12-29,Normal
2024-12-30,159.26720478292745,Product_099,2025-01-05,Normal
2023-01-02,97.31049830450942,Product_100,2023-01-08,Normal
2023-01-09,105.60652817826782,Product_100,2023-01-15,Normal
2023-01-16,105.11587340091089,Product_100,2023-01-22,Normal
2023-01-23,107.81641465564252,Product_100,2023-01-29,Normal
2023-01-30,108.97648250736252,Product_100,2023-02-05,Normal
2023-02-06,113.6901622417757,Product_100,2023-02-12,Normal
2023-02-13,114.23014288977724,Product_100,2023-02-19,Normal
2023-02-20,125.61646576422716,Product_100,2023-02-26,Normal
2023-02-27,117.29836161571464,Product_100,2023-03-05,Normal
2023-03-06,126.99267098625776,Product_100,2023-03-12,Normal
2023-03-13,128.1282454462053,Product_100,2023-03-19,Normal
2023-03-20,129.08178854372088,Product_100,2023-03-26,Normal
2023-03-27,133.7044370368643,Product_100,2023-04-02,Normal
2023-04-03,126.87983281945937,Product_100,2023-04-09,Normal
2023-04-10,128.67696666330335,Product_100,2023-04-16,Normal
2023-04-17,133.48810966533014,Product_100,2023-04-23,Normal
2023-04-24,133.58248542014394,Product_100,2023-04-30,Normal
2023-05-01,128.41097507621689,Product_100,2023-05-07,Normal
2023-05-08,132.93105844469954,Product_100,2023-05-14,Normal
2023-05-15,131.56368312180817,Product_100,2023-05-21,BOGO
2023-05-22,257.6412533904873,Product_100,2023-05-28,BOGO
2023-05-29,120.8044272589803,Product_100,2023-06-04,Memorial Day
2023-06-05,124.45659271354914,Product_100,2023-06-11,Normal
2023-06-12,118.08933484142815,Product_100,2023-06-18,Normal
2023-06-19,111.75125969926918,Product_100,2023-06-25,Normal
2023-06-26,109.91480261942972,Product_100,2023-07-02,Normal
2023-07-03,104.5003142376429,Product_100,2023-07-09,Normal
2023-07-10,108.94205634076977,Product_100,2023-07-16,Normal
2023-07-17,106.04960338264472,Product_100,2023-07-23,Normal
2023-07-24,107.8180043755144,Product_100,2023-07-30,Normal
2023-07-31,4.975178735840727,Product_100,2023-08-06,Normal
2023-08-07,102.27431871515049,Product_100,2023-08-13,Normal
2023-08-14,96.43676276051592,Product_100,2023-08-20,Normal
2023-08-21,97.32230658282016,Product_100,2023-08-27,Normal
2023-08-28,95.0602933456271,Product_100,2023-09-03,Normal
2023-09-04,97.852035348988,Product_100,2023-09-10,Normal
2023-09-11,94.027627575889,Product_100,2023-09-17,Normal
2023-09-18,102.8375903208748,Product_100,2023-09-24,Normal
2023-09-25,90.76866933721368,Product_100,2023-10-01,Normal
2023-10-02,98.113791795622,Product_100,2023-10-08,Normal
2023-10-09,96.51383816103278,Product_100,2023-10-15,Normal
2023-10-16,96.684347921168,Product_100,2023-10-22,Normal
2023-10-23,89.70734960128273,Product_100,2023-10-29,Normal
2023-10-30,93.44688240251767,Product_100,2023-11-05,Normal
2023-11-06,95.15617479808104,Product_100,2023-11-12,Normal
2023-11-13,98.54458901593765,Product_100,2023-11-19,Normal
2023-11-20,416.2372781872006,Product_100,2023-11-26,Black Friday
2023-11-27,467.3331812281867,Product_100,2023-12-03,Normal
2023-12-04,108.43554307553708,Product_100,2023-12-10,Normal
2023-12-11,103.04704004042732,Product_100,2023-12-17,Normal
2023-12-18,113.46982668154646,Product_100,2023-12-24,Normal
2023-12-25,115.10947530598268,Product_100,2023-12-31,Normal
2024-01-01,121.90520400647436,Product_100,2024-01-07,Normal
2024-01-08,133.03769547630617,Product_100,2024-01-14,Normal
2024-01-15,125.81921719263931,Product_100,2024-01-21,Normal
2024-01-22,126.08657861699712,Product_100,2024-01-28,Normal
2024-01-29,132.52399319584595,Product_100,2024-02-04,Normal
2024-02-05,140.73605293051807,Product_100,2024-02-11,Normal
2024-02-12,143.0274679532917,Product_100,2024-02-18,Normal
2024-02-19,151.8259513791865,Product_100,2024-02-25,Normal
2024-02-26,154.0907003591787,Product_100,2024-03-03,Normal
2024-03-04,148.6032830076905,Product_100,2024-03-10,Normal
2024-03-11,151.1082596238872,Product_100,2024-03-17,Normal
2024-03-18,158.34572744943893,Product_100,2024-03-24,Normal
2024-03-25,155.89937974869756,Product_100,2024-03-31,Normal
2024-04-01,161.6436822215525,Product_100,2024-04-07,Normal
2024-04-08,150.08580233236327,Product_100,2024-04-14,Normal
2024-04-15,155.55072834185532,Product_100,2024-04-21,Normal
2024-04-22,158.03493533956316,Product_100,2024-04-28,Normal
2024-04-29,161.27566795931844,Product_100,2024-05-05,BOGO
2024-05-06,324.45272677860896,Product_100,2024-05-12,BOGO
2024-05-13,153.28824218716193,Product_100,2024-05-19,Normal
2024-05-20,146.37908360087943,Product_100,2024-05-26,Normal
2024-05-27,151.64956064498568,Product_100,2024-06-02,Memorial Day
2024-06-03,148.79876434448815,Product_100,2024-06-09,Normal
2024-06-10,143.41753308036735,Product_100,2024-06-16,Normal
2024-06-17,144.06041683297195,Product_100,2024-06-23,Normal
2024-06-24,139.64017128071504,Product_100,2024-06-30,Normal
2024-07-01,139.95986604740054,Product_100,2024-07-07,Normal
2024-07-08,132.59791440396262,Product_100,2024-07-14,Normal
2024-07-15,130.56775201944063,Product_100,2024-07-21,Normal
2024-07-22,134.01548395535124,Product_100,2024-07-28,Normal
2024-07-29,128.65493218242275,Product_100,2024-08-04,Normal
2024-08-05,129.78802305712136,Product_100,2024-08-11,Disc_50
2024-08-12,118.93658664848653,Product_100,2024-08-18,Disc_50
2024-08-19,722.1018639225659,Product_100,2024-08-25,Normal
2024-08-26,122.28773763719924,Product_100,2024-09-01,Normal
2024-09-02,122.01167975391296,Product_100,2024-09-08,Normal
2024-09-09,117.44480047335358,Product_100,2024-09-15,Normal
2024-09-16,118.17868903405714,Product_100,2024-09-22,Normal
2024-09-23,113.43039647466968,Product_100,2024-09-29,Normal
2024-09-30,116.30838408441085,Product_100,2024-10-06,Normal
2024-10-07,120.2799483257405,Product_100,2024-10-13,Normal
2024-10-14,119.74112389700504,Product_100,2024-10-20,Normal
2024-10-21,123.43108069963124,Product_100,2024-10-27,Normal
2024-10-28,119.77389761229476,Product_100,2024-11-03,Normal
2024-11-04,126.8742084184772,Product_100,2024-11-10,Normal
2024-11-11,133.91363982800306,Product_100,2024-11-17,Normal
2024-11-18,502.1393258019746,Product_100,2024-11-24,Normal
2024-11-25,506.7105021400273,Product_100,2024-12-01,Black Friday
2024-12-02,135.28911844522707,Product_100,2024-12-08,Normal
2024-12-09,139.89543645262586,Product_100,2024-12-15,Normal
2024-12-16,142.20511766780788,Product_100,2024-12-22,Normal
2024-12-23,145.41348218084013,Product_100,2024-12-29,Normal
2024-12-30,151.32226851881558,Product_100,2025-01-05,Normal
