week_start,sales,series_id
2023-01-02,95.09790062994976,Product_001
2023-01-09,87.9872115752365,Product_001
2023-01-16,92.55187657282737,Product_001
2023-01-23,104.66442655039604,Product_001
2023-01-30,99.02971171687923,Product_001
2023-02-06,102.96986417802734,Product_001
2023-02-13,104.51313484044925,Product_001
2023-02-20,108.7569237712588,Product_001
2023-02-27,114.33540356515661,Product_001
2023-03-06,109.99729598596603,Product_001
2023-03-13,120.76479219332913,Product_001
2023-03-20,113.70613089664809,Product_001
2023-03-27,120.53739388567836,Product_001
2023-04-03,117.20141701627307,Product_001
2023-04-10,123.15865051853157,Product_001
2023-04-17,128.18636241409925,Product_001
2023-04-24,120.37878971271635,Product_001
2023-05-01,118.98203368867479,Product_001
2023-05-08,120.65300014140624,Product_001
2023-05-15,116.59362962528017,Product_001
2023-05-22,225.53559450657355,Product_001
2023-05-29,116.35609083756657,Product_001
2023-06-05,108.19869332890036,Product_001
2023-06-12,103.9278846365029,Product_001
2023-06-19,101.85616500890632,Product_001
2023-06-26,106.15720118220852,Product_001
2023-07-03,92.7928813338599,Product_001
2023-07-10,107.46461775685738,Product_001
2023-07-17,96.98995973751698,Product_001
2023-07-24,103.15232551127761,Product_001
2023-07-31,4.939206776444901,Product_001
2023-08-07,95.26844709555279,Product_001
2023-08-14,86.70320411329264,Product_001
2023-08-21,90.60558733683789,Product_001
2023-08-28,85.11506178155487,Product_001
2023-09-04,85.57085646737929,Product_001
2023-09-11,92.46832501267903,Product_001
2023-09-18,81.24790843189403,Product_001
2023-09-25,88.93757108820567,Product_001
2023-10-02,83.88989123078534,Product_001
2023-10-09,78.57724367646895,Product_001
2023-10-16,91.2109522207174,Product_001
2023-10-23,87.87122236317362,Product_001
2023-10-30,90.80898799905118,Product_001
2023-11-06,95.0411889258884,Product_001
2023-11-13,92.41580313218147,Product_001
2023-11-20,379.370286967978,Product_001
2023-11-27,412.2275186139872,Product_001
2023-12-04,109.0379010894657,Product_001
2023-12-11,114.38181093713317,Product_001
2023-12-18,113.03232727445332,Product_001
2023-12-25,113.3659594338816,Product_001
2024-01-01,111.57579483060931,Product_001
2024-01-08,125.63151472125249,Product_001
2024-01-15,127.77195262868275,Product_001
2024-01-22,131.9371923828931,Product_001
2024-01-29,134.780175043393,Product_001
2024-02-05,138.254298334737,Product_001
2024-02-12,133.01300225946494,Product_001
2024-02-19,138.1193644914332,Product_001
2024-02-26,140.85825569114894,Product_001
2024-03-04,148.45610685166466,Product_001
2024-03-11,151.554967785467,Product_001
2024-03-18,149.27814008164214,Product_001
2024-03-25,154.0413562272866,Product_001
2024-04-01,154.9797498643521,Product_001
2024-04-08,149.64913139452926,Product_001
2024-04-15,154.17409913219487,Product_001
2024-04-22,153.1026149424359,Product_001
2024-04-29,147.08990958079798,Product_001
2024-05-06,321.75956830509307,Product_001
2024-05-13,151.02379202842968,Product_001
2024-05-20,150.82466892555277,Product_001
2024-05-27,144.85552042097055,Product_001
2024-06-03,141.55769013915307,Product_001
2024-06-10,142.46745732367464,Product_001
2024-06-17,140.8138503017574,Product_001
2024-06-24,136.40584642410306,Product_001
2024-07-01,133.17818776366323,Product_001
2024-07-08,132.2007383295583,Product_001
2024-07-15,125.86187011415036,Product_001
2024-07-22,124.47927289339398,Product_001
2024-07-29,123.06834158739481,Product_001
2024-08-05,123.90712112820808,Product_001
2024-08-12,118.3540355601804,Product_001
2024-08-19,721.8834096833034,Product_001
2024-08-26,119.74028965298541,Product_001
2024-09-02,112.11244283732765,Product_001
2024-09-09,120.85023217304479,Product_001
2024-09-16,110.8253894610991,Product_001
2024-09-23,112.05196609969283,Product_001
2024-09-30,119.53034760420047,Product_001
2024-10-07,115.36173935397382,Product_001
2024-10-14,115.49754255037489,Product_001
2024-10-21,126.34081217158425,Product_001
2024-10-28,123.9409447385563,Product_001
2024-11-04,130.3869927286612,Product_001
2024-11-11,126.92189429317519,Product_001
2024-11-18,521.7509844115477,Product_001
2024-11-25,536.6002010057356,Product_001
2024-12-02,131.84429529566742,Product_001
2024-12-09,136.04838397272584,Product_001
2024-12-16,138.64950705864453,Product_001
2024-12-23,141.90844186846383,Product_001
2024-12-30,150.07237489838803,Product_001
2023-01-02,91.50198765908412,Product_002
2023-01-09,92.81563107675844,Product_002
2023-01-16,110.2333564800742,Product_002
2023-01-23,106.86308229373572,Product_002
2023-01-30,110.16552754985707,Product_002
2023-02-06,111.39544198847788,Product_002
2023-02-13,120.6722641406819,Product_002
2023-02-20,120.983560861921,Product_002
2023-02-27,112.4445763535671,Product_002
2023-03-06,119.53725974255701,Product_002
2023-03-13,116.4573172304978,Product_002
2023-03-20,126.99787928600698,Product_002
2023-03-27,131.38315031620877,Product_002
2023-04-03,128.71677828094553,Product_002
2023-04-10,130.46811990528647,Product_002
2023-04-17,126.72084691798793,Product_002
2023-04-24,123.27870778127833,Product_002
2023-05-01,139.39243418565286,Product_002
2023-05-08,124.843016688339,Product_002
2023-05-15,122.58617735949537,Product_002
2023-05-22,253.72257768414687,Product_002
2023-05-29,123.9097354051573,Product_002
2023-06-05,126.88896420022225,Product_002
2023-06-12,113.5679438752297,Product_002
2023-06-19,122.16341158452882,Product_002
2023-06-26,111.66745696012599,Product_002
2023-07-03,109.67592575576171,Product_002
2023-07-10,111.86688111628786,Product_002
2023-07-17,106.37793920562706,Product_002
2023-07-24,96.58360213345703,Product_002
2023-07-31,4.698882864392252,Product_002
2023-08-07,97.39409877721465,Product_002
2023-08-14,99.82588161623305,Product_002
2023-08-21,90.7571824949953,Product_002
2023-08-28,97.51201169337554,Product_002
2023-09-04,86.1016460183488,Product_002
2023-09-11,89.05984507199958,Product_002
2023-09-18,95.81605245970562,Product_002
2023-09-25,91.40279767766121,Product_002
2023-10-02,88.80084941615269,Product_002
2023-10-09,98.77123991999332,Product_002
2023-10-16,91.17889972306324,Product_002
2023-10-23,95.01676535118578,Product_002
2023-10-30,94.83749216745616,Product_002
2023-11-06,92.2627439471446,Product_002
2023-11-13,103.80048417481174,Product_002
2023-11-20,429.88626922434275,Product_002
2023-11-27,407.29815885728186,Product_002
2023-12-04,110.04373473894198,Product_002
2023-12-11,111.95620674001884,Product_002
2023-12-18,121.99862909155101,Product_002
2023-12-25,118.14761284570449,Product_002
2024-01-01,121.4119588667036,Product_002
2024-01-08,128.83443040636962,Product_002
2024-01-15,127.13306523419402,Product_002
2024-01-22,140.28809090390013,Product_002
2024-01-29,137.12833981090466,Product_002
2024-02-05,141.82529025374123,Product_002
2024-02-12,135.98779878637188,Product_002
2024-02-19,140.5965277014388,Product_002
2024-02-26,148.98123589245645,Product_002
2024-03-04,154.1896978879018,Product_002
2024-03-11,154.00290032536319,Product_002
2024-03-18,144.32065948073867,Product_002
2024-03-25,156.26039798533094,Product_002
2024-04-01,158.6129172439243,Product_002
2024-04-08,146.12489597802474,Product_002
2024-04-15,152.62799709877916,Product_002
2024-04-22,159.83238042840935,Product_002
2024-04-29,159.34070108954552,Product_002
2024-05-06,319.27169028468313,Product_002
2024-05-13,145.4070003628461,Product_002
2024-05-20,147.26090871084662,Product_002
2024-05-27,151.52682820802494,Product_002
2024-06-03,145.42612298873328,Product_002
2024-06-10,146.1541768335178,Product_002
2024-06-17,142.33263619369723,Product_002
2024-06-24,137.41070045446457,Product_002
2024-07-01,137.79585421689825,Product_002
2024-07-08,135.6186183215269,Product_002
2024-07-15,134.80886533449407,Product_002
2024-07-22,132.65958750008417,Product_002
2024-07-29,123.00716603030979,Product_002
2024-08-05,126.8727189426104,Product_002
2024-08-12,122.41433686565355,Product_002
2024-08-19,722.6728622683386,Product_002
2024-08-26,120.57413080349862,Product_002
2024-09-02,122.64956609886487,Product_002
2024-09-09,118.74098878001246,Product_002
2024-09-16,119.74656296099855,Product_002
2024-09-23,118.1429891535845,Product_002
2024-09-30,114.87656087349112,Product_002
2024-10-07,119.11824908750162,Product_002
2024-10-14,117.84653977954494,Product_002
2024-10-21,119.22594636866405,Product_002
2024-10-28,118.47151873834103,Product_002
2024-11-04,124.41115483458306,Product_002
2024-11-11,120.3552384826764,Product_002
2024-11-18,548.1496725136097,Product_002
2024-11-25,563.1502051107041,Product_002
2024-12-02,134.05792813701507,Product_002
2024-12-09,136.95917050583017,Product_002
2024-12-16,145.58899557876097,Product_002
2024-12-23,150.29438256776658,Product_002
2024-12-30,152.50358738696536,Product_002
2023-01-02,94.75330665581018,Product_003
2023-01-09,80.89581563489469,Product_003
2023-01-16,95.4812565540405,Product_003
2023-01-23,93.05520224323601,Product_003
2023-01-30,107.6510256141733,Product_003
2023-02-06,104.08603955372907,Product_003
2023-02-13,104.40522355565615,Product_003
2023-02-20,114.89401993667285,Product_003
2023-02-27,109.83465932199846,Product_003
2023-03-06,114.90628276041923,Product_003
2023-03-13,117.8166583536521,Product_003
2023-03-20,124.31834915153138,Product_003
2023-03-27,114.5107088909007,Product_003
2023-04-03,121.81931625844227,Product_003
2023-04-10,124.59283971223108,Product_003
2023-04-17,121.7846606424677,Product_003
2023-04-24,123.66804400107047,Product_003
2023-05-01,109.56328440710311,Product_003
2023-05-08,115.2293089718753,Product_003
2023-05-15,110.90937697788995,Product_003
2023-05-22,241.62036122859865,Product_003
2023-05-29,108.40009976949729,Product_003
2023-06-05,112.57083860471836,Product_003
2023-06-12,106.13322201419967,Product_003
2023-06-19,108.39394898317377,Product_003
2023-06-26,104.00422657109237,Product_003
2023-07-03,96.26695676254596,Product_003
2023-07-10,99.21349700168525,Product_003
2023-07-17,102.07271707217832,Product_003
2023-07-24,101.59535483036872,Product_003
2023-07-31,4.571022146166416,Product_003
2023-08-07,89.98120590519511,Product_003
2023-08-14,86.09333460726663,Product_003
2023-08-21,86.30252701760477,Product_003
2023-08-28,85.70473126994231,Product_003
2023-09-04,88.27515971134167,Product_003
2023-09-11,88.26997133120577,Product_003
2023-09-18,86.843495328611,Product_003
2023-09-25,85.2553142568271,Product_003
2023-10-02,86.18688420098525,Product_003
2023-10-09,81.80961523772892,Product_003
2023-10-16,86.92160881775038,Product_003
2023-10-23,86.18597244359982,Product_003
2023-10-30,88.08600816342557,Product_003
2023-11-06,87.11445682735783,Product_003
2023-11-13,103.13273266879443,Product_003
2023-11-20,388.5236619276519,Product_003
2023-11-27,429.0385941409692,Product_003
2023-12-04,101.02317797027447,Product_003
2023-12-11,106.73659683317283,Product_003
2023-12-18,109.1703254138468,Product_003
2023-12-25,112.28999662170743,Product_003
2024-01-01,114.00696400664462,Product_003
2024-01-08,117.75833511399792,Product_003
2024-01-15,129.03268639237575,Product_003
2024-01-22,118.99889047998187,Product_003
2024-01-29,125.26919219253257,Product_003
2024-02-05,131.89127584302588,Product_003
2024-02-12,138.6105002638389,Product_003
2024-02-19,141.41783666954083,Product_003
2024-02-26,142.55501654766454,Product_003
2024-03-04,149.20451345369108,Product_003
2024-03-11,146.52962779132986,Product_003
2024-03-18,152.8985176116,Product_003
2024-03-25,149.16495806085308,Product_003
2024-04-01,145.83374285523712,Product_003
2024-04-08,152.53966362832233,Product_003
2024-04-15,147.57410151264756,Product_003
2024-04-22,146.16051551599992,Product_003
2024-04-29,150.2933654125386,Product_003
2024-05-06,306.92021512564395,Product_003
2024-05-13,148.43391701221358,Product_003
2024-05-20,141.31617965426761,Product_003
2024-05-27,136.78945702960306,Product_003
2024-06-03,145.51919468712137,Product_003
2024-06-10,139.54673792268986,Product_003
2024-06-17,146.90909039007252,Product_003
2024-06-24,137.39950515506254,Product_003
2024-07-01,136.54281632217356,Product_003
2024-07-08,131.13327347850208,Product_003
2024-07-15,129.47776505224488,Product_003
2024-07-22,133.12559691721114,Product_003
2024-07-29,130.98992654552626,Product_003
2024-08-05,119.63745719113348,Product_003
2024-08-12,122.0274490346047,Product_003
2024-08-19,717.6090619762922,Product_003
2024-08-26,116.80325169085584,Product_003
2024-09-02,112.30044988497282,Product_003
2024-09-09,110.71395915981688,Product_003
2024-09-16,112.64875212905748,Product_003
2024-09-23,114.43211589055615,Product_003
2024-09-30,112.44827112054863,Product_003
2024-10-07,118.94832712001826,Product_003
2024-10-14,122.38718492321884,Product_003
2024-10-21,116.69339489768687,Product_003
2024-10-28,121.13277544884951,Product_003
2024-11-04,123.39650699389716,Product_003
2024-11-11,133.21812373829812,Product_003
2024-11-18,554.5657117167618,Product_003
2024-11-25,524.545087766076,Product_003
2024-12-02,130.20009827021457,Product_003
2024-12-09,136.11188755233945,Product_003
2024-12-16,138.15460628157987,Product_003
2024-12-23,149.4538140124993,Product_003
2024-12-30,151.2961547816429,Product_003
2023-01-02,113.40550764243184,Product_004
2023-01-09,102.73825185849745,Product_004
2023-01-16,114.58761434893007,Product_004
2023-01-23,123.83439798003009,Product_004
2023-01-30,127.57051956343525,Product_004
2023-02-06,126.34318417236165,Product_004
2023-02-13,132.20902003584155,Product_004
2023-02-20,119.41637021682114,Product_004
2023-02-27,135.68296453157387,Product_004
2023-03-06,132.25037815846846,Product_004
2023-03-13,127.93745475878838,Product_004
2023-03-20,146.85111761916303,Product_004
2023-03-27,134.1411949744946,Product_004
2023-04-03,136.91660301709354,Product_004
2023-04-10,129.5493037784854,Product_004
2023-04-17,135.63089024963364,Product_004
2023-04-24,142.1691849684019,Product_004
2023-05-01,140.04458846387814,Product_004
2023-05-08,135.28937158143546,Product_004
2023-05-15,137.2189867165923,Product_004
2023-05-22,258.58415506383744,Product_004
2023-05-29,132.46957946437814,Product_004
2023-06-05,128.1353473245656,Product_004
2023-06-12,127.4227077962838,Product_004
2023-06-19,127.48345848731745,Product_004
2023-06-26,125.67258145990776,Product_004
2023-07-03,123.42727073663931,Product_004
2023-07-10,118.72526536028721,Product_004
2023-07-17,112.17753740366379,Product_004
2023-07-24,112.98442008060613,Product_004
2023-07-31,5.607271510548603,Product_004
2023-08-07,112.86584326615942,Product_004
2023-08-14,112.41405996887516,Product_004
2023-08-21,103.5619260036635,Product_004
2023-08-28,98.49643189065057,Product_004
2023-09-04,100.70629431593304,Product_004
2023-09-11,102.91284842758108,Product_004
2023-09-18,102.57667427067462,Product_004
2023-09-25,99.60807194118367,Product_004
2023-10-02,98.12833967748327,Product_004
2023-10-09,94.63332179293769,Product_004
2023-10-16,105.14301619413735,Product_004
2023-10-23,95.75447446841996,Product_004
2023-10-30,107.82412571736582,Product_004
2023-11-06,108.22941196168358,Product_004
2023-11-13,118.69645969118797,Product_004
2023-11-20,470.2752671369235,Product_004
2023-11-27,451.7103313965654,Product_004
2023-12-04,110.08538727248127,Product_004
2023-12-11,122.23770553770422,Product_004
2023-12-18,120.69451940634261,Product_004
2023-12-25,126.33633919883643,Product_004
2024-01-01,126.22427441853358,Product_004
2024-01-08,131.7049693305618,Product_004
2024-01-15,135.25593433998347,Product_004
2024-01-22,143.52340610965837,Product_004
2024-01-29,150.6000907726364,Product_004
2024-02-05,146.9281020505173,Product_004
2024-02-12,141.82758347098698,Product_004
2024-02-19,142.01182142915366,Product_004
2024-02-26,155.63615546705142,Product_004
2024-03-04,154.97177857566217,Product_004
2024-03-11,157.05049576021807,Product_004
2024-03-18,156.02606252839087,Product_004
2024-03-25,159.67688167014197,Product_004
2024-04-01,160.03910995558994,Product_004
2024-04-08,158.560094981092,Product_004
2024-04-15,159.7924974589483,Product_004
2024-04-22,156.6871254902062,Product_004
2024-04-29,167.56930541151323,Product_004
2024-05-06,325.2490279290475,Product_004
2024-05-13,152.91648428631467,Product_004
2024-05-20,153.6670563950868,Product_004
2024-05-27,153.87723227624147,Product_004
2024-06-03,144.79783342989515,Product_004
2024-06-10,150.4268504428205,Product_004
2024-06-17,139.1073244529018,Product_004
2024-06-24,144.16145107484328,Product_004
2024-07-01,144.2726626954792,Product_004
2024-07-08,131.09052017642787,Product_004
2024-07-15,126.09975443891834,Product_004
2024-07-22,135.34361717788312,Product_004
2024-07-29,140.71540707999836,Product_004
2024-08-05,129.44396910663284,Product_004
2024-08-12,123.99589895059044,Product_004
2024-08-19,729.0531103571352,Product_004
2024-08-26,123.4808186625792,Product_004
2024-09-02,117.99840168952014,Product_004
2024-09-09,123.5392979694543,Product_004
2024-09-16,121.55760145255313,Product_004
2024-09-23,109.6606833489071,Product_004
2024-09-30,119.17039254324102,Product_004
2024-10-07,123.33661249276517,Product_004
2024-10-14,128.7970067615532,Product_004
2024-10-21,124.69964269372751,Product_004
2024-10-28,122.32107912475645,Product_004
2024-11-04,119.48749488276358,Product_004
2024-11-11,130.3699109337343,Product_004
2024-11-18,560.053720379864,Product_004
2024-11-25,509.695447554813,Product_004
2024-12-02,150.1491763187105,Product_004
2024-12-09,135.22768581037445,Product_004
2024-12-16,145.55823490315188,Product_004
2024-12-23,147.85219886668253,Product_004
2024-12-30,151.52513652619442,Product_004
2023-01-02,87.22283439584632,Product_005
2023-01-09,84.25798051314817,Product_005
2023-01-16,90.05202377088983,Product_005
2023-01-23,100.02940060336843,Product_005
2023-01-30,102.2139173481648,Product_005
2023-02-06,108.60344918981443,Product_005
2023-02-13,110.99020255179249,Product_005
2023-02-20,105.1750729097615,Product_005
2023-02-27,110.60041030869422,Product_005
2023-03-06,115.75661586200098,Product_005
2023-03-13,118.06376723096248,Product_005
2023-03-20,113.12640152148337,Product_005
2023-03-27,123.87425335449404,Product_005
2023-04-03,125.83614849618452,Product_005
2023-04-10,115.1774162560322,Product_005
2023-04-17,117.49709682125197,Product_005
2023-04-24,125.24113354648634,Product_005
2023-05-01,120.60763590274627,Product_005
2023-05-08,119.41287293705165,Product_005
2023-05-15,111.48744244011029,Product_005
2023-05-22,220.37836451714122,Product_005
2023-05-29,113.02852485335043,Product_005
2023-06-05,111.6263271382761,Product_005
2023-06-12,104.42314724095597,Product_005
2023-06-19,111.97501063975535,Product_005
2023-06-26,104.31485000931595,Product_005
2023-07-03,102.68895248558525,Product_005
2023-07-10,96.60434539259143,Product_005
2023-07-17,97.05122430822193,Product_005
2023-07-24,90.7140037822059,Product_005
2023-07-31,4.662640936708253,Product_005
2023-08-07,86.32399071456126,Product_005
2023-08-14,92.76435785057762,Product_005
2023-08-21,82.05612902860747,Product_005
2023-08-28,85.30818029320086,Product_005
2023-09-04,86.26236741426315,Product_005
2023-09-11,90.26102649067202,Product_005
2023-09-18,78.05933946452386,Product_005
2023-09-25,89.50767185342457,Product_005
2023-10-02,78.79423970498195,Product_005
2023-10-09,89.7820964038773,Product_005
2023-10-16,78.2417533366752,Product_005
2023-10-23,90.54689935760508,Product_005
2023-10-30,93.25596823928878,Product_005
2023-11-06,93.39050790051463,Product_005
2023-11-13,99.82413223927905,Product_005
2023-11-20,369.1723539133743,Product_005
2023-11-27,420.88478128232003,Product_005
2023-12-04,106.10040894116825,Product_005
2023-12-11,104.56380907760646,Product_005
2023-12-18,105.31817185040359,Product_005
2023-12-25,117.59651126788194,Product_005
2024-01-01,116.73050772902072,Product_005
2024-01-08,117.04235787010445,Product_005
2024-01-15,131.00976565880714,Product_005
2024-01-22,130.95586379312252,Product_005
2024-01-29,134.03046893196807,Product_005
2024-02-05,129.0229209725665,Product_005
2024-02-12,139.73594262939375,Product_005
2024-02-19,136.32093437192339,Product_005
2024-02-26,149.30517351365216,Product_005
2024-03-04,142.7884750631471,Product_005
2024-03-11,146.11750721307837,Product_005
2024-03-18,151.55434847974274,Product_005
2024-03-25,149.89967988564302,Product_005
2024-04-01,150.33415559149847,Product_005
2024-04-08,151.52773604355252,Product_005
2024-04-15,153.36569639515116,Product_005
2024-04-22,151.62322940386247,Product_005
2024-04-29,151.4824291087235,Product_005
2024-05-06,326.1497875766002,Product_005
2024-05-13,147.90017126349971,Product_005
2024-05-20,144.39575938965334,Product_005
2024-05-27,141.36929316200317,Product_005
2024-06-03,141.72311067867207,Product_005
2024-06-10,141.67726503416102,Product_005
2024-06-17,135.8856822876621,Product_005
2024-06-24,144.11657247964467,Product_005
2024-07-01,134.02429147575742,Product_005
2024-07-08,138.14258753711377,Product_005
2024-07-15,129.6240669135883,Product_005
2024-07-22,130.9493411102257,Product_005
2024-07-29,126.8015503008605,Product_005
2024-08-05,120.15572111795842,Product_005
2024-08-12,111.94670278919827,Product_005
2024-08-19,724.7118368728862,Product_005
2024-08-26,118.72804917971966,Product_005
2024-09-02,114.72891391986371,Product_005
2024-09-09,120.21288552164152,Product_005
2024-09-16,117.35662755351758,Product_005
2024-09-23,113.46174178049654,Product_005
2024-09-30,113.81176621453615,Product_005
2024-10-07,117.89199262672545,Product_005
2024-10-14,117.12207437459068,Product_005
2024-10-21,124.44129214952524,Product_005
2024-10-28,115.70698041906661,Product_005
2024-11-04,123.03051231037796,Product_005
2024-11-11,129.53580801588043,Product_005
2024-11-18,521.7431303328683,Product_005
2024-11-25,545.1422508037057,Product_005
2024-12-02,133.8424543873779,Product_005
2024-12-09,139.86890589434412,Product_005
2024-12-16,139.66484411198928,Product_005
2024-12-23,148.65941894693233,Product_005
2024-12-30,149.81921439271875,Product_005
2023-01-02,72.9387203082834,Product_006
2023-01-09,88.60171045051038,Product_006
2023-01-16,87.24389274416104,Product_006
2023-01-23,95.66877938629902,Product_006
2023-01-30,96.04179937445478,Product_006
2023-02-06,100.99983264021928,Product_006
2023-02-13,96.28235390708403,Product_006
2023-02-20,106.94896632792702,Product_006
2023-02-27,109.72733804797865,Product_006
2023-03-06,118.48024370504552,Product_006
2023-03-13,111.67344652668477,Product_006
2023-03-20,115.54373466853097,Product_006
2023-03-27,110.4879493872229,Product_006
2023-04-03,105.4789810186584,Product_006
2023-04-10,118.5719090769877,Product_006
2023-04-17,120.034739501657,Product_006
2023-04-24,111.36776936309217,Product_006
2023-05-01,109.43063440129491,Product_006
2023-05-08,113.14247165326806,Product_006
2023-05-15,108.65198458800933,Product_006
2023-05-22,227.7910862897439,Product_006
2023-05-29,115.60902582874922,Product_006
2023-06-05,107.20814041593722,Product_006
2023-06-12,106.78249927061584,Product_006
2023-06-19,108.43610173885587,Product_006
2023-06-26,99.57871662483984,Product_006
2023-07-03,99.85843075531608,Product_006
2023-07-10,94.79299291998595,Product_006
2023-07-17,97.05257325873862,Product_006
2023-07-24,95.69695904076248,Product_006
2023-07-31,4.3579010638170335,Product_006
2023-08-07,79.59941258713775,Product_006
2023-08-14,78.32070308279911,Product_006
2023-08-21,83.67742877723737,Product_006
2023-08-28,82.43786699889826,Product_006
2023-09-04,91.01563704195023,Product_006
2023-09-11,80.71146484728447,Product_006
2023-09-18,78.0045387757643,Product_006
2023-09-25,79.67837170072123,Product_006
2023-10-02,75.21704574974169,Product_006
2023-10-09,77.33954977094861,Product_006
2023-10-16,76.54491861978666,Product_006
2023-10-23,82.90445276785981,Product_006
2023-10-30,89.4112625903395,Product_006
2023-11-06,90.81053390683401,Product_006
2023-11-13,91.27470191603977,Product_006
2023-11-20,369.9746022165422,Product_006
2023-11-27,401.9045506687975,Product_006
2023-12-04,104.65796131819569,Product_006
2023-12-11,105.8792492664682,Product_006
2023-12-18,112.17116395855928,Product_006
2023-12-25,115.34966220207843,Product_006
2024-01-01,114.10430075862688,Product_006
2024-01-08,121.06283930714766,Product_006
2024-01-15,121.88482558044088,Product_006
2024-01-22,131.2523563628534,Product_006
2024-01-29,130.1379003669354,Product_006
2024-02-05,136.60023830932704,Product_006
2024-02-12,140.9160935038241,Product_006
2024-02-19,133.7395932689301,Product_006
2024-02-26,143.47582830442653,Product_006
2024-03-04,139.44233299917582,Product_006
2024-03-11,145.3639167658438,Product_006
2024-03-18,148.69001309708156,Product_006
2024-03-25,149.1409303630158,Product_006
2024-04-01,148.80338522137728,Product_006
2024-04-08,155.30098988335965,Product_006
2024-04-15,151.66042256407977,Product_006
2024-04-22,156.33917930848702,Product_006
2024-04-29,148.8829616600659,Product_006
2024-05-06,313.6044096274862,Product_006
2024-05-13,146.4857002062972,Product_006
2024-05-20,146.63814598715788,Product_006
2024-05-27,143.91963684704774,Product_006
2024-06-03,142.20196841603482,Product_006
2024-06-10,149.56053659238327,Product_006
2024-06-17,135.14569134520286,Product_006
2024-06-24,138.80870827142894,Product_006
2024-07-01,138.63823709575345,Product_006
2024-07-08,133.87178670143197,Product_006
2024-07-15,128.6564519871169,Product_006
2024-07-22,123.40945272800045,Product_006
2024-07-29,120.4785071121511,Product_006
2024-08-05,117.98088325994937,Product_006
2024-08-12,115.50645804034836,Product_006
2024-08-19,719.4147796606267,Product_006
2024-08-26,117.30342838242741,Product_006
2024-09-02,113.49306542967572,Product_006
2024-09-09,112.50209159033835,Product_006
2024-09-16,121.27869125464775,Product_006
2024-09-23,117.74809449305445,Product_006
2024-09-30,116.35732351942008,Product_006
2024-10-07,117.47804972674727,Product_006
2024-10-14,117.16077328525107,Product_006
2024-10-21,118.38757324008257,Product_006
2024-10-28,121.13614642397687,Product_006
2024-11-04,120.71701582712974,Product_006
2024-11-11,124.92622666376657,Product_006
2024-11-18,506.3525053909801,Product_006
2024-11-25,544.2280938788132,Product_006
2024-12-02,132.83490407760667,Product_006
2024-12-09,136.90922309087574,Product_006
2024-12-16,146.60738733414442,Product_006
2024-12-23,145.71153675952743,Product_006
2024-12-30,146.20904754729267,Product_006
2023-01-02,92.78731674400458,Product_007
2023-01-09,105.01836866954018,Product_007
2023-01-16,103.84699470805101,Product_007
2023-01-23,100.8011713708327,Product_007
2023-01-30,109.01734629767161,Product_007
2023-02-06,120.23475715297394,Product_007
2023-02-13,115.93856692696357,Product_007
2023-02-20,122.60326385306469,Product_007
2023-02-27,126.65034687099836,Product_007
2023-03-06,126.05584709918298,Product_007
2023-03-13,125.74973136278322,Product_007
2023-03-20,130.45572320487443,Product_007
2023-03-27,127.77579519523573,Product_007
2023-04-03,130.4666391743891,Product_007
2023-04-10,126.76935418327392,Product_007
2023-04-17,132.15536864031046,Product_007
2023-04-24,128.33921793438117,Product_007
2023-05-01,126.66813592560426,Product_007
2023-05-08,123.00582138290011,Product_007
2023-05-15,133.37549381626056,Product_007
2023-05-22,255.42833357317517,Product_007
2023-05-29,119.93481094122083,Product_007
2023-06-05,118.8613537729577,Product_007
2023-06-12,113.60216778391901,Product_007
2023-06-19,122.22491217691828,Product_007
2023-06-26,108.59984294865856,Product_007
2023-07-03,114.23313837587926,Product_007
2023-07-10,106.83498567950947,Product_007
2023-07-17,109.39297279251282,Product_007
2023-07-24,104.02834978365125,Product_007
2023-07-31,5.1628767357651135,Product_007
2023-08-07,103.60656378238734,Product_007
2023-08-14,99.19301757187269,Product_007
2023-08-21,89.54206488368824,Product_007
2023-08-28,101.06899730619908,Product_007
2023-09-04,93.75763205972642,Product_007
2023-09-11,93.53828566579107,Product_007
2023-09-18,98.413419081068,Product_007
2023-09-25,93.2473796589291,Product_007
2023-10-02,84.82205984958904,Product_007
2023-10-09,86.17596038264985,Product_007
2023-10-16,94.21054728415908,Product_007
2023-10-23,96.68330203926311,Product_007
2023-10-30,94.19864204640162,Product_007
2023-11-06,97.40119700659906,Product_007
2023-11-13,95.02913459459643,Product_007
2023-11-20,410.06607311261484,Product_007
2023-11-27,434.3891146971833,Product_007
2023-12-04,116.29504869493381,Product_007
2023-12-11,119.77370671841236,Product_007
2023-12-18,124.49662937013622,Product_007
2023-12-25,118.24906431315085,Product_007
2024-01-01,123.66011577967593,Product_007
2024-01-08,134.32759181287733,Product_007
2024-01-15,131.0071853290683,Product_007
2024-01-22,136.31812273945292,Product_007
2024-01-29,135.24790269215237,Product_007
2024-02-05,142.3040912779431,Product_007
2024-02-12,145.9310766725467,Product_007
2024-02-19,140.3127885253944,Product_007
2024-02-26,152.07974540107233,Product_007
2024-03-04,147.45456321341734,Product_007
2024-03-11,155.55225037539878,Product_007
2024-03-18,144.40039245135094,Product_007
2024-03-25,155.0649053484643,Product_007
2024-04-01,159.02816219067907,Product_007
2024-04-08,153.2647365158362,Product_007
2024-04-15,154.16200654597787,Product_007
2024-04-22,153.39385657567263,Product_007
2024-04-29,161.52275035658806,Product_007
2024-05-06,328.7846475615178,Product_007
2024-05-13,152.24386649315161,Product_007
2024-05-20,153.73754526157649,Product_007
2024-05-27,146.41476665070653,Product_007
2024-06-03,148.06930989484198,Product_007
2024-06-10,147.01417525365542,Product_007
2024-06-17,140.74248258306255,Product_007
2024-06-24,136.93170659249378,Product_007
2024-07-01,140.78072327726284,Product_007
2024-07-08,130.9996661428784,Product_007
2024-07-15,135.5669930645974,Product_007
2024-07-22,133.19002883442113,Product_007
2024-07-29,130.32092293848402,Product_007
2024-08-05,125.97528697887758,Product_007
2024-08-12,125.94941310070031,Product_007
2024-08-19,714.2084086495921,Product_007
2024-08-26,117.92793852790732,Product_007
2024-09-02,123.64989793632628,Product_007
2024-09-09,122.07488297728554,Product_007
2024-09-16,108.81676275947288,Product_007
2024-09-23,121.85104904824827,Product_007
2024-09-30,118.13718350779114,Product_007
2024-10-07,120.63335004689208,Product_007
2024-10-14,120.32428438826692,Product_007
2024-10-21,121.52546850495452,Product_007
2024-10-28,129.72555936107466,Product_007
2024-11-04,127.49657796536857,Product_007
2024-11-11,122.78053826912277,Product_007
2024-11-18,533.0904522488773,Product_007
2024-11-25,539.4558804600658,Product_007
2024-12-02,137.25122570484731,Product_007
2024-12-09,140.36684707024895,Product_007
2024-12-16,145.18692273657976,Product_007
2024-12-23,150.36094731857602,Product_007
2024-12-30,147.96957969854554,Product_007
2023-01-02,120.541952029866,Product_008
2023-01-09,127.31781048255424,Product_008
2023-01-16,130.38467616584106,Product_008
2023-01-23,131.38223290614056,Product_008
2023-01-30,128.09761986197083,Product_008
2023-02-06,129.85351096844494,Product_008
2023-02-13,133.0221832428873,Product_008
2023-02-20,146.91659427709482,Product_008
2023-02-27,142.77925378580127,Product_008
2023-03-06,151.39803088909034,Product_008
2023-03-13,144.58272587960155,Product_008
2023-03-20,145.48630308612874,Product_008
2023-03-27,149.34690633820853,Product_008
2023-04-03,145.9525850939112,Product_008
2023-04-10,143.82470114976647,Product_008
2023-04-17,143.2705801769278,Product_008
2023-04-24,146.23858745076788,Product_008
2023-05-01,146.7519390711285,Product_008
2023-05-08,148.7373714122012,Product_008
2023-05-15,146.18859676307744,Product_008
2023-05-22,275.45589726635393,Product_008
2023-05-29,135.4984358915554,Product_008
2023-06-05,133.89882769838516,Product_008
2023-06-12,129.3478668985957,Product_008
2023-06-19,126.58387968220894,Product_008
2023-06-26,121.71321047828486,Product_008
2023-07-03,126.54940502510767,Product_008
2023-07-10,121.87119300394318,Product_008
2023-07-17,122.6018116150692,Product_008
2023-07-24,121.77605624519651,Product_008
2023-07-31,5.432446869179834,Product_008
2023-08-07,115.63308492829864,Product_008
2023-08-14,115.67487182211663,Product_008
2023-08-21,110.28969345306325,Product_008
2023-08-28,107.89882629552635,Product_008
2023-09-04,109.26503913700552,Product_008
2023-09-11,104.96284402941943,Product_008
2023-09-18,107.19914992443366,Product_008
2023-09-25,102.82922821879565,Product_008
2023-10-02,105.88011936688471,Product_008
2023-10-09,112.92093195188737,Product_008
2023-10-16,108.71415048118082,Product_008
2023-10-23,108.1114912613571,Product_008
2023-10-30,106.32408856292409,Product_008
2023-11-06,108.80472804140713,Product_008
2023-11-13,119.12852887185537,Product_008
2023-11-20,486.84574969543837,Product_008
2023-11-27,477.30807453436637,Product_008
2023-12-04,124.34309333634643,Product_008
2023-12-11,125.68958340950431,Product_008
2023-12-18,126.97039079847876,Product_008
2023-12-25,138.12255471278004,Product_008
2024-01-01,133.1681725166347,Product_008
2024-01-08,129.99866112561324,Product_008
2024-01-15,138.17410527733244,Product_008
2024-01-22,146.93010215751457,Product_008
2024-01-29,150.19269009590678,Product_008
2024-02-05,149.63316971576464,Product_008
2024-02-12,152.67558446621464,Product_008
2024-02-19,155.27909106283428,Product_008
2024-02-26,159.8455451247708,Product_008
2024-03-04,158.30975549176617,Product_008
2024-03-11,157.71358413346812,Product_008
2024-03-18,163.3784910397094,Product_008
2024-03-25,167.40586106676653,Product_008
2024-04-01,163.15161154196386,Product_008
2024-04-08,163.64001485477854,Product_008
2024-04-15,164.24045656733298,Product_008
2024-04-22,170.89954986502832,Product_008
2024-04-29,160.12871818832608,Product_008
2024-05-06,343.02393503608886,Product_008
2024-05-13,158.99994174794034,Product_008
2024-05-20,157.97756654618038,Product_008
2024-05-27,161.42299517660294,Product_008
2024-06-03,155.2635095745413,Product_008
2024-06-10,152.1954999539935,Product_008
2024-06-17,141.68012625243443,Product_008
2024-06-24,148.60873695683023,Product_008
2024-07-01,138.11503097326104,Product_008
2024-07-08,138.63464767715422,Product_008
2024-07-15,131.61831859172187,Product_008
2024-07-22,134.04675139034546,Product_008
2024-07-29,131.16685591389432,Product_008
2024-08-05,133.48454801083628,Product_008
2024-08-12,122.12660116614468,Product_008
2024-08-19,726.8814816619011,Product_008
2024-08-26,119.76391206905134,Product_008
2024-09-02,125.68092907253688,Product_008
2024-09-09,119.97144234952893,Product_008
2024-09-16,126.3108422562527,Product_008
2024-09-23,118.204925001527,Product_008
2024-09-30,123.7627897701601,Product_008
2024-10-07,126.98505374294496,Product_008
2024-10-14,129.05604082798905,Product_008
2024-10-21,117.27357475401517,Product_008
2024-10-28,123.8978496087568,Product_008
2024-11-04,128.00608988221035,Product_008
2024-11-11,129.17325425379374,Product_008
2024-11-18,538.9175252413867,Product_008
2024-11-25,540.4276238917842,Product_008
2024-12-02,132.02019396368672,Product_008
2024-12-09,140.75263092357997,Product_008
2024-12-16,139.1748541166069,Product_008
2024-12-23,151.07143282527292,Product_008
2024-12-30,147.44610941665283,Product_008
2023-01-02,88.17439204399707,Product_009
2023-01-09,92.57658260400761,Product_009
2023-01-16,97.72529371649962,Product_009
2023-01-23,107.79696818759248,Product_009
2023-01-30,113.13451598139316,Product_009
2023-02-06,109.71888897017541,Product_009
2023-02-13,108.43364942083323,Product_009
2023-02-20,113.68392205729818,Product_009
2023-02-27,110.63803189477929,Product_009
2023-03-06,112.11958715696217,Product_009
2023-03-13,120.31604264510607,Product_009
2023-03-20,124.39039437679384,Product_009
2023-03-27,120.72680843620388,Product_009
2023-04-03,123.2153010099805,Product_009
2023-04-10,126.13439581522717,Product_009
2023-04-17,121.10697741949417,Product_009
2023-04-24,122.89764649566409,Product_009
2023-05-01,121.09409396451782,Product_009
2023-05-08,119.62867105619029,Product_009
2023-05-15,125.9179065358027,Product_009
2023-05-22,235.40903300913783,Product_009
2023-05-29,111.35239954892836,Product_009
2023-06-05,108.8451652816858,Product_009
2023-06-12,114.42113471478292,Product_009
2023-06-19,111.84205438101422,Product_009
2023-06-26,112.76244126955517,Product_009
2023-07-03,109.83933939124728,Product_009
2023-07-10,104.27110910746596,Product_009
2023-07-17,103.07880561222727,Product_009
2023-07-24,102.78577502398795,Product_009
2023-07-31,4.543393903140975,Product_009
2023-08-07,100.96718397407406,Product_009
2023-08-14,91.54602081089294,Product_009
2023-08-21,87.33534165305504,Product_009
2023-08-28,85.08951804086061,Product_009
2023-09-04,86.60428209391605,Product_009
2023-09-11,85.27132711043028,Product_009
2023-09-18,90.31810992480702,Product_009
2023-09-25,88.47107310102176,Product_009
2023-10-02,77.23837405845211,Product_009
2023-10-09,88.10259490902733,Product_009
2023-10-16,91.35040057051755,Product_009
2023-10-23,91.13089567396578,Product_009
2023-10-30,97.23914927651661,Product_009
2023-11-06,94.72027749101319,Product_009
2023-11-13,86.59217868151003,Product_009
2023-11-20,385.0441895215761,Product_009
2023-11-27,397.98162532018785,Product_009
2023-12-04,104.4996454412784,Product_009
2023-12-11,114.26553803819763,Product_009
2023-12-18,111.8453527092276,Product_009
2023-12-25,114.80582736893577,Product_009
2024-01-01,120.36277219544256,Product_009
2024-01-08,126.96566238203029,Product_009
2024-01-15,141.60810821987928,Product_009
2024-01-22,130.08300498114446,Product_009
2024-01-29,135.5816526386151,Product_009
2024-02-05,136.76132110430729,Product_009
2024-02-12,143.70875968242746,Product_009
2024-02-19,141.33844270877537,Product_009
2024-02-26,142.39596681681266,Product_009
2024-03-04,144.62238593533152,Product_009
2024-03-11,149.03836651498077,Product_009
2024-03-18,154.37467868897946,Product_009
2024-03-25,154.16781060806974,Product_009
2024-04-01,151.19703499534128,Product_009
2024-04-08,161.92391282817903,Product_009
2024-04-15,156.78018546554603,Product_009
2024-04-22,146.03956733861995,Product_009
2024-04-29,153.44079755808627,Product_009
2024-05-06,320.4804254563178,Product_009
2024-05-13,146.22707843567298,Product_009
2024-05-20,148.7762845904589,Product_009
2024-05-27,144.07410872885586,Product_009
2024-06-03,144.1283702358151,Product_009
2024-06-10,142.45847072461282,Product_009
2024-06-17,136.21315762275788,Product_009
2024-06-24,137.52424180880743,Product_009
2024-07-01,131.52058871423336,Product_009
2024-07-08,135.9717601031231,Product_009
2024-07-15,134.01482769601353,Product_009
2024-07-22,133.69467917521064,Product_009
2024-07-29,122.99761938463345,Product_009
2024-08-05,120.2409944716147,Product_009
2024-08-12,117.97749951374165,Product_009
2024-08-19,722.2731513442559,Product_009
2024-08-26,116.43308259473231,Product_009
2024-09-02,116.39038841420728,Product_009
2024-09-09,124.90487912081394,Product_009
2024-09-16,119.90271053213226,Product_009
2024-09-23,121.24833355740101,Product_009
2024-09-30,127.51959023503015,Product_009
2024-10-07,111.36828648909591,Product_009
2024-10-14,122.46971873615901,Product_009
2024-10-21,120.28654286166122,Product_009
2024-10-28,129.61363665937643,Product_009
2024-11-04,123.93174828037534,Product_009
2024-11-11,118.33773853848352,Product_009
2024-11-18,524.3995004344755,Product_009
2024-11-25,531.1289448503608,Product_009
2024-12-02,140.36014127481837,Product_009
2024-12-09,141.70175075026071,Product_009
2024-12-16,137.59573900532598,Product_009
2024-12-23,143.72948776294456,Product_009
2024-12-30,154.67863014261738,Product_009
2023-01-02,98.1536976711276,Product_010
2023-01-09,110.87856652594955,Product_010
2023-01-16,110.37013874836416,Product_010
2023-01-23,118.35118331081706,Product_010
2023-01-30,114.65156097165186,Product_010
2023-02-06,125.99126434954509,Product_010
2023-02-13,123.13730645300411,Product_010
2023-02-20,125.98941214516408,Product_010
2023-02-27,134.13232254371178,Product_010
2023-03-06,132.64222829028603,Product_010
2023-03-13,127.61152855502357,Product_010
2023-03-20,127.79380427024064,Product_010
2023-03-27,135.20917526914982,Product_010
2023-04-03,129.89580204953987,Product_010
2023-04-10,136.2945752175276,Product_010
2023-04-17,131.18949272817724,Product_010
2023-04-24,131.65967661502637,Product_010
2023-05-01,130.0664793456846,Product_010
2023-05-08,128.5862383250017,Product_010
2023-05-15,124.91543234781611,Product_010
2023-05-22,260.0556212517258,Product_010
2023-05-29,124.55869172990984,Product_010
2023-06-05,124.38164601306846,Product_010
2023-06-12,129.1113305664034,Product_010
2023-06-19,121.11221164923755,Product_010
2023-06-26,121.22340477132849,Product_010
2023-07-03,116.3949439272121,Product_010
2023-07-10,109.63047289016473,Product_010
2023-07-17,112.9107674071008,Product_010
2023-07-24,105.16999392415143,Product_010
2023-07-31,5.344502954317576,Product_010
2023-08-07,110.56400031258487,Product_010
2023-08-14,99.19664982424493,Product_010
2023-08-21,106.33012959081569,Product_010
2023-08-28,95.53029057119174,Product_010
2023-09-04,102.57108468574923,Product_010
2023-09-11,103.64034852877836,Product_010
2023-09-18,106.15848295017399,Product_010
2023-09-25,90.81807237236836,Product_010
2023-10-02,93.62971265389405,Product_010
2023-10-09,98.9366020588786,Product_010
2023-10-16,94.81117884809137,Product_010
2023-10-23,96.6451936239519,Product_010
2023-10-30,96.08371786928846,Product_010
2023-11-06,108.36249938630309,Product_010
2023-11-13,102.33726798682144,Product_010
2023-11-20,434.70972561939976,Product_010
2023-11-27,442.91843948114195,Product_010
2023-12-04,119.44070380822622,Product_010
2023-12-11,118.7406170469228,Product_010
2023-12-18,116.75297658798495,Product_010
2023-12-25,123.44607176426949,Product_010
2024-01-01,129.17337722073623,Product_010
2024-01-08,130.26056617869796,Product_010
2024-01-15,135.95861399632867,Product_010
2024-01-22,141.6954664018987,Product_010
2024-01-29,146.38678490217418,Product_010
2024-02-05,134.12553569714638,Product_010
2024-02-12,140.50568037137504,Product_010
2024-02-19,140.59948801330137,Product_010
2024-02-26,150.16580493256438,Product_010
2024-03-04,149.88520783195972,Product_010
2024-03-11,152.18566846428925,Product_010
2024-03-18,155.17946693959652,Product_010
2024-03-25,150.55744043214023,Product_010
2024-04-01,154.84352958943373,Product_010
2024-04-08,156.12615981546233,Product_010
2024-04-15,159.67009408420793,Product_010
2024-04-22,156.3857733345564,Product_010
2024-04-29,160.83368116070585,Product_010
2024-05-06,327.8989388020427,Product_010
2024-05-13,153.54929600810485,Product_010
2024-05-20,152.8928794909447,Product_010
2024-05-27,155.85391705532254,Product_010
2024-06-03,148.04402500973495,Product_010
2024-06-10,141.32512979663247,Product_010
2024-06-17,147.96488852172635,Product_010
2024-06-24,137.52727396580997,Product_010
2024-07-01,140.1995536521965,Product_010
2024-07-08,140.2099080873745,Product_010
2024-07-15,137.43433368383583,Product_010
2024-07-22,134.03866049938833,Product_010
2024-07-29,134.7960007418083,Product_010
2024-08-05,131.6960881545768,Product_010
2024-08-12,127.92343564165718,Product_010
2024-08-19,717.8326334468837,Product_010
2024-08-26,122.2439762393719,Product_010
2024-09-02,129.88796442841453,Product_010
2024-09-09,123.51615528317672,Product_010
2024-09-16,117.42801943087943,Product_010
2024-09-23,119.07649455840338,Product_010
2024-09-30,120.36627614604569,Product_010
2024-10-07,113.1621497391711,Product_010
2024-10-14,114.11918316943479,Product_010
2024-10-21,119.85781410785015,Product_010
2024-10-28,128.20319553337478,Product_010
2024-11-04,122.10198871609788,Product_010
2024-11-11,129.3048403045948,Product_010
2024-11-18,508.1130279487819,Product_010
2024-11-25,528.6628406403904,Product_010
2024-12-02,135.35918664154244,Product_010
2024-12-09,142.94210317281429,Product_010
2024-12-16,134.8906120198161,Product_010
2024-12-23,150.0080836011738,Product_010
2024-12-30,151.01812507595662,Product_010
2023-01-02,108.82706254006753,Product_011
2023-01-09,113.75389938833115,Product_011
2023-01-16,113.32920773577472,Product_011
2023-01-23,119.4466025565896,Product_011
2023-01-30,116.62436647538435,Product_011
2023-02-06,124.09821709092739,Product_011
2023-02-13,122.8083715047744,Product_011
2023-02-20,124.2767981935978,Product_011
2023-02-27,125.99785418592944,Product_011
2023-03-06,135.08258337615717,Product_011
2023-03-13,138.5450538998426,Product_011
2023-03-20,137.3556324367884,Product_011
2023-03-27,141.55013892206242,Product_011
2023-04-03,138.9457042967062,Product_011
2023-04-10,137.86257634145025,Product_011
2023-04-17,133.8169508289508,Product_011
2023-04-24,139.29501931009594,Product_011
2023-05-01,135.55029350818032,Product_011
2023-05-08,126.80968012408904,Product_011
2023-05-15,137.45453376276132,Product_011
2023-05-22,275.4593618259537,Product_011
2023-05-29,131.68161589578838,Product_011
2023-06-05,132.58006984651587,Product_011
2023-06-12,119.59120764382595,Product_011
2023-06-19,117.88349780974669,Product_011
2023-06-26,115.44522821650476,Product_011
2023-07-03,120.21614074310142,Product_011
2023-07-10,115.28453715085269,Product_011
2023-07-17,110.37312774489438,Product_011
2023-07-24,107.65711560351124,Product_011
2023-07-31,5.317131023043577,Product_011
2023-08-07,108.18276635690037,Product_011
2023-08-14,107.21431961441056,Product_011
2023-08-21,108.88742712717898,Product_011
2023-08-28,88.8475556638885,Product_011
2023-09-04,95.9935384801053,Product_011
2023-09-11,99.53067562698097,Product_011
2023-09-18,99.91541707005037,Product_011
2023-09-25,99.7496712166892,Product_011
2023-10-02,90.88304173399762,Product_011
2023-10-09,92.72631405923963,Product_011
2023-10-16,102.48105953943076,Product_011
2023-10-23,101.40752274796824,Product_011
2023-10-30,101.23285725494401,Product_011
2023-11-06,105.53728678002003,Product_011
2023-11-13,103.20516326058865,Product_011
2023-11-20,454.47321923062214,Product_011
2023-11-27,455.25243037189904,Product_011
2023-12-04,117.69236996983055,Product_011
2023-12-11,116.38719718914231,Product_011
2023-12-18,123.69848305567403,Product_011
2023-12-25,125.0352943647282,Product_011
2024-01-01,127.92455271942472,Product_011
2024-01-08,134.60432362181774,Product_011
2024-01-15,135.11574884918616,Product_011
2024-01-22,137.54094655823664,Product_011
2024-01-29,139.9572285341922,Product_011
2024-02-05,137.70545090137372,Product_011
2024-02-12,139.0242346612307,Product_011
2024-02-19,152.40726455276393,Product_011
2024-02-26,144.35916598127355,Product_011
2024-03-04,153.0223518153757,Product_011
2024-03-11,154.98814955965318,Product_011
2024-03-18,162.89338749247636,Product_011
2024-03-25,158.65955628034513,Product_011
2024-04-01,156.44686916955303,Product_011
2024-04-08,152.3985777455614,Product_011
2024-04-15,160.14897220665105,Product_011
2024-04-22,161.01506417589766,Product_011
2024-04-29,161.2886213088629,Product_011
2024-05-06,340.3255181429619,Product_011
2024-05-13,155.11444600296136,Product_011
2024-05-20,155.89543919705366,Product_011
2024-05-27,152.79601736599113,Product_011
2024-06-03,148.24498912572702,Product_011
2024-06-10,144.27335914923387,Product_011
2024-06-17,145.05702562426254,Product_011
2024-06-24,142.18755545521293,Product_011
2024-07-01,135.88810741993052,Product_011
2024-07-08,132.3578568471685,Product_011
2024-07-15,131.8626023778805,Product_011
2024-07-22,129.02476417933906,Product_011
2024-07-29,130.2520796012726,Product_011
2024-08-05,122.28404024547707,Product_011
2024-08-12,124.0961135989198,Product_011
2024-08-19,728.3581137486746,Product_011
2024-08-26,121.6407637291653,Product_011
2024-09-02,123.1431733257982,Product_011
2024-09-09,123.67024502374602,Product_011
2024-09-16,117.66769184188833,Product_011
2024-09-23,113.37794179848906,Product_011
2024-09-30,114.53992015602127,Product_011
2024-10-07,119.5516224254391,Product_011
2024-10-14,123.37167687018788,Product_011
2024-10-21,129.89602034228716,Product_011
2024-10-28,121.09908292679725,Product_011
2024-11-04,128.48596765064363,Product_011
2024-11-11,127.54447472480548,Product_011
2024-11-18,549.5934953286794,Product_011
2024-11-25,521.5787630913235,Product_011
2024-12-02,135.53615038306552,Product_011
2024-12-09,129.69520413134398,Product_011
2024-12-16,149.0912850577118,Product_011
2024-12-23,145.2955109482641,Product_011
2024-12-30,144.51265713288655,Product_011
2023-01-02,110.40185350023128,Product_012
2023-01-09,110.08181020840156,Product_012
2023-01-16,125.73180835080692,Product_012
2023-01-23,123.40942247110556,Product_012
2023-01-30,126.98649049153067,Product_012
2023-02-06,128.11171550949862,Product_012
2023-02-13,127.9745038439294,Product_012
2023-02-20,136.6942245714066,Product_012
2023-02-27,138.7524152347453,Product_012
2023-03-06,140.78512070556727,Product_012
2023-03-13,133.69510258635043,Product_012
2023-03-20,131.32300035105507,Product_012
2023-03-27,142.09868425048614,Product_012
2023-04-03,139.97973855412278,Product_012
2023-04-10,135.385460848877,Product_012
2023-04-17,145.3337787340518,Product_012
2023-04-24,136.2575768759389,Product_012
2023-05-01,135.7630194602255,Product_012
2023-05-08,144.8128028116562,Product_012
2023-05-15,135.82367245898035,Product_012
2023-05-22,270.8068005402272,Product_012
2023-05-29,134.7835343624677,Product_012
2023-06-05,127.89366650903705,Product_012
2023-06-12,128.44317413279012,Product_012
2023-06-19,124.51741288206838,Product_012
2023-06-26,124.53046563364532,Product_012
2023-07-03,114.88986223752526,Product_012
2023-07-10,117.79252673519139,Product_012
2023-07-17,119.06805278430986,Product_012
2023-07-24,110.61162853979522,Product_012
2023-07-31,5.334995622176743,Product_012
2023-08-07,112.27125714111662,Product_012
2023-08-14,111.27698829983005,Product_012
2023-08-21,103.01795036751173,Product_012
2023-08-28,102.98013898047664,Product_012
2023-09-04,104.92937946152486,Product_012
2023-09-11,103.274435047494,Product_012
2023-09-18,105.55527937786738,Product_012
2023-09-25,106.06234073150996,Product_012
2023-10-02,99.49538075229643,Product_012
2023-10-09,95.94268782203386,Product_012
2023-10-16,101.85304506041878,Product_012
2023-10-23,97.02575111987782,Product_012
2023-10-30,104.31443494435189,Product_012
2023-11-06,111.82605901843125,Product_012
2023-11-13,113.00358796103005,Product_012
2023-11-20,437.79904728754167,Product_012
2023-11-27,465.3230972466458,Product_012
2023-12-04,119.22661737225715,Product_012
2023-12-11,118.48327344159497,Product_012
2023-12-18,123.63668958915582,Product_012
2023-12-25,124.45088242342922,Product_012
2024-01-01,132.54210547872995,Product_012
2024-01-08,130.76250843565037,Product_012
2024-01-15,137.9867307924414,Product_012
2024-01-22,136.705030537568,Product_012
2024-01-29,139.2749669916163,Product_012
2024-02-05,143.1643590987715,Product_012
2024-02-12,152.1457598141744,Product_012
2024-02-19,151.62501133708102,Product_012
2024-02-26,154.18672810160598,Product_012
2024-03-04,159.79185598018643,Product_012
2024-03-11,153.12485033306365,Product_012
2024-03-18,158.42629895151956,Product_012
2024-03-25,162.95823043098582,Product_012
2024-04-01,161.364697841237,Product_012
2024-04-08,161.04745420519333,Product_012
2024-04-15,161.02434594458492,Product_012
2024-04-22,158.35634681672622,Product_012
2024-04-29,162.26336471050945,Product_012
2024-05-06,337.5524252669462,Product_012
2024-05-13,153.67443549745417,Product_012
2024-05-20,149.07784941990332,Product_012
2024-05-27,151.41716777839574,Product_012
2024-06-03,140.97623518291354,Product_012
2024-06-10,143.80258153244895,Product_012
2024-06-17,137.89869770274538,Product_012
2024-06-24,139.25803969103578,Product_012
2024-07-01,139.84163373556441,Product_012
2024-07-08,139.75499860850246,Product_012
2024-07-15,131.88629657002485,Product_012
2024-07-22,130.2301886336298,Product_012
2024-07-29,130.58061044780732,Product_012
2024-08-05,124.58920829581972,Product_012
2024-08-12,127.8556948920906,Product_012
2024-08-19,729.3168622626771,Product_012
2024-08-26,124.6716004638586,Product_012
2024-09-02,126.86322067122094,Product_012
2024-09-09,121.1464324768268,Product_012
2024-09-16,115.60290014784245,Product_012
2024-09-23,116.68736880554908,Product_012
2024-09-30,119.47544418365587,Product_012
2024-10-07,118.75260678793869,Product_012
2024-10-14,122.92756515537351,Product_012
2024-10-21,117.57844588989556,Product_012
2024-10-28,123.48204638674603,Product_012
2024-11-04,128.34007129163274,Product_012
2024-11-11,124.73882648093809,Product_012
2024-11-18,503.8201727759542,Product_012
2024-11-25,538.5844904298999,Product_012
2024-12-02,137.1357163428684,Product_012
2024-12-09,140.4404341503691,Product_012
2024-12-16,142.99540975801096,Product_012
2024-12-23,150.6920288982935,Product_012
2024-12-30,146.34610674057433,Product_012
2023-01-02,101.49805561308675,Product_013
2023-01-09,113.63128839222851,Product_013
2023-01-16,117.4308182777165,Product_013
2023-01-23,107.72752322524731,Product_013
2023-01-30,115.44597852227294,Product_013
2023-02-06,117.24273956377299,Product_013
2023-02-13,121.27803467770447,Product_013
2023-02-20,122.43004450401267,Product_013
2023-02-27,133.39439371260121,Product_013
2023-03-06,126.90931160781041,Product_013
2023-03-13,131.58081593387087,Product_013
2023-03-20,126.97440545931022,Product_013
2023-03-27,128.95126803286598,Product_013
2023-04-03,134.0741573808843,Product_013
2023-04-10,143.484671377606,Product_013
2023-04-17,135.60121813875853,Product_013
2023-04-24,137.10012351005489,Product_013
2023-05-01,135.95800898277747,Product_013
2023-05-08,126.62538789222768,Product_013
2023-05-15,135.1071395971194,Product_013
2023-05-22,259.0501894280315,Product_013
2023-05-29,126.05439957756788,Product_013
2023-06-05,130.228306345403,Product_013
2023-06-12,119.94219063877513,Product_013
2023-06-19,118.17342904893742,Product_013
2023-06-26,114.73324915739427,Product_013
2023-07-03,118.12688086963438,Product_013
2023-07-10,109.49763886777653,Product_013
2023-07-17,108.73569135049489,Product_013
2023-07-24,102.09187423297361,Product_013
2023-07-31,5.520132709142872,Product_013
2023-08-07,95.95987290375928,Product_013
2023-08-14,104.13834874443377,Product_013
2023-08-21,96.50169557297203,Product_013
2023-08-28,100.504216339985,Product_013
2023-09-04,90.98069942751158,Product_013
2023-09-11,91.55435602066795,Product_013
2023-09-18,101.82610641312746,Product_013
2023-09-25,94.71128391287085,Product_013
2023-10-02,95.09458405016767,Product_013
2023-10-09,95.8336449138869,Product_013
2023-10-16,92.02106446567615,Product_013
2023-10-23,96.54297128263322,Product_013
2023-10-30,90.57726423799599,Product_013
2023-11-06,104.27136806825145,Product_013
2023-11-13,106.36754196748653,Product_013
2023-11-20,433.9401567949509,Product_013
2023-11-27,447.3959578235104,Product_013
2023-12-04,105.82224005320393,Product_013
2023-12-11,119.46737391126706,Product_013
2023-12-18,122.59501333919245,Product_013
2023-12-25,127.31725761126658,Product_013
2024-01-01,128.8198283758081,Product_013
2024-01-08,129.4084132084794,Product_013
2024-01-15,134.7321988143253,Product_013
2024-01-22,143.37784006115538,Product_013
2024-01-29,142.58371296040175,Product_013
2024-02-05,136.5295892845986,Product_013
2024-02-12,151.67338889941462,Product_013
2024-02-19,148.71641044424132,Product_013
2024-02-26,141.9621244862336,Product_013
2024-03-04,154.03945639470248,Product_013
2024-03-11,152.23852819104718,Product_013
2024-03-18,158.78390261921024,Product_013
2024-03-25,157.41437700468668,Product_013
2024-04-01,168.19939559668572,Product_013
2024-04-08,155.72709478445208,Product_013
2024-04-15,152.1460451534473,Product_013
2024-04-22,158.53257553505298,Product_013
2024-04-29,158.90294511379756,Product_013
2024-05-06,325.4644832173969,Product_013
2024-05-13,161.5794139909529,Product_013
2024-05-20,153.18082358555827,Product_013
2024-05-27,148.22621352518993,Product_013
2024-06-03,165.33344511079747,Product_013
2024-06-10,147.11052113668723,Product_013
2024-06-17,143.58353320269703,Product_013
2024-06-24,128.74368731942175,Product_013
2024-07-01,140.43906625188976,Product_013
2024-07-08,137.9832157378427,Product_013
2024-07-15,134.56374310792566,Product_013
2024-07-22,127.35116427482237,Product_013
2024-07-29,124.49084449691502,Product_013
2024-08-05,127.55166928208685,Product_013
2024-08-12,115.41220048941419,Product_013
2024-08-19,722.0599818341369,Product_013
2024-08-26,122.30745551096827,Product_013
2024-09-02,125.02612922573684,Product_013
2024-09-09,126.03259529272592,Product_013
2024-09-16,119.81793833959107,Product_013
2024-09-23,127.1084432330765,Product_013
2024-09-30,115.6354420262885,Product_013
2024-10-07,116.92068168169101,Product_013
2024-10-14,118.82286882889764,Product_013
2024-10-21,118.17936007690388,Product_013
2024-10-28,127.85085340511866,Product_013
2024-11-04,122.72928118940375,Product_013
2024-11-11,129.1698765532966,Product_013
2024-11-18,545.5201783835001,Product_013
2024-11-25,508.6990511046955,Product_013
2024-12-02,135.33855250354665,Product_013
2024-12-09,136.1558784779117,Product_013
2024-12-16,145.42851555935428,Product_013
2024-12-23,135.8855016842311,Product_013
2024-12-30,151.18709696815398,Product_013
2023-01-02,100.89703784963997,Product_014
2023-01-09,104.80003347851358,Product_014
2023-01-16,101.80663897391771,Product_014
2023-01-23,106.23055072563199,Product_014
2023-01-30,110.15728419480855,Product_014
2023-02-06,115.39536799451845,Product_014
2023-02-13,119.5045264565883,Product_014
2023-02-20,120.53748115281606,Product_014
2023-02-27,128.78100603276113,Product_014
2023-03-06,130.87227961188515,Product_014
2023-03-13,132.1784851082103,Product_014
2023-03-20,129.5740505002646,Product_014
2023-03-27,128.24400011124683,Product_014
2023-04-03,138.22870770079558,Product_014
2023-04-10,129.9192589416551,Product_014
2023-04-17,131.56419089357843,Product_014
2023-04-24,131.7787061213283,Product_014
2023-05-01,132.10378602277933,Product_014
2023-05-08,130.12313740609878,Product_014
2023-05-15,118.9016210997846,Product_014
2023-05-22,258.37536992509587,Product_014
2023-05-29,120.91839933111898,Product_014
2023-06-05,123.20420358120069,Product_014
2023-06-12,113.90880117439126,Product_014
2023-06-19,123.18273118937248,Product_014
2023-06-26,109.33837448400361,Product_014
2023-07-03,115.00512893664258,Product_014
2023-07-10,113.12104985128302,Product_014
2023-07-17,104.93921789522983,Product_014
2023-07-24,99.11108616467213,Product_014
2023-07-31,4.92986123686005,Product_014
2023-08-07,101.46476616834944,Product_014
2023-08-14,94.87876628920986,Product_014
2023-08-21,98.25827606598666,Product_014
2023-08-28,97.71179671524581,Product_014
2023-09-04,97.05516296169972,Product_014
2023-09-11,96.13317362129278,Product_014
2023-09-18,99.87910151304719,Product_014
2023-09-25,93.30922774649925,Product_014
2023-10-02,91.34403167553948,Product_014
2023-10-09,99.66556633899037,Product_014
2023-10-16,99.74784589854113,Product_014
2023-10-23,103.68889589652977,Product_014
2023-10-30,98.92509930447088,Product_014
2023-11-06,93.81373764278882,Product_014
2023-11-13,105.08851596989943,Product_014
2023-11-20,433.6598420261463,Product_014
2023-11-27,419.9302507836941,Product_014
2023-12-04,110.48774858242132,Product_014
2023-12-11,119.8479096989014,Product_014
2023-12-18,114.12030516588831,Product_014
2023-12-25,116.26539142324539,Product_014
2024-01-01,120.40063902558704,Product_014
2024-01-08,122.00536305518318,Product_014
2024-01-15,130.45196310450066,Product_014
2024-01-22,138.99008767644904,Product_014
2024-01-29,138.20678541244754,Product_014
2024-02-05,146.10790257259313,Product_014
2024-02-12,154.17106181983002,Product_014
2024-02-19,153.09282019282793,Product_014
2024-02-26,145.91055280362244,Product_014
2024-03-04,151.7822124135007,Product_014
2024-03-11,154.31383656794725,Product_014
2024-03-18,156.58657920161662,Product_014
2024-03-25,151.52097047046956,Product_014
2024-04-01,153.4717086523374,Product_014
2024-04-08,147.67201855424508,Product_014
2024-04-15,156.4260507878208,Product_014
2024-04-22,156.58138168740848,Product_014
2024-04-29,147.94884009424175,Product_014
2024-05-06,310.3250748619794,Product_014
2024-05-13,151.88762108043656,Product_014
2024-05-20,159.2901188289113,Product_014
2024-05-27,149.65527111538057,Product_014
2024-06-03,151.0899271558255,Product_014
2024-06-10,142.01849367487117,Product_014
2024-06-17,140.68984134314482,Product_014
2024-06-24,141.59516696465616,Product_014
2024-07-01,141.2154996820042,Product_014
2024-07-08,137.36946525926044,Product_014
2024-07-15,135.17153325101503,Product_014
2024-07-22,125.51171254134248,Product_014
2024-07-29,133.33186700346357,Product_014
2024-08-05,122.23693987772204,Product_014
2024-08-12,122.46685193455001,Product_014
2024-08-19,722.2764065399832,Product_014
2024-08-26,123.52465579170087,Product_014
2024-09-02,115.60151969155272,Product_014
2024-09-09,116.52265873021972,Product_014
2024-09-16,115.93284350725398,Product_014
2024-09-23,114.15417909746145,Product_014
2024-09-30,125.65315102353702,Product_014
2024-10-07,121.59889115565434,Product_014
2024-10-14,118.25912148889441,Product_014
2024-10-21,117.86800664315408,Product_014
2024-10-28,123.44496365853416,Product_014
2024-11-04,127.5572488726408,Product_014
2024-11-11,128.0228427114946,Product_014
2024-11-18,537.3910368674212,Product_014
2024-11-25,539.0530097500167,Product_014
2024-12-02,135.12746709389796,Product_014
2024-12-09,130.73265565908147,Product_014
2024-12-16,137.80087012802824,Product_014
2024-12-23,139.7216521736261,Product_014
2024-12-30,154.91981717642417,Product_014
2023-01-02,108.60771520019917,Product_015
2023-01-09,113.3851003897608,Product_015
2023-01-16,120.37280959848071,Product_015
2023-01-23,120.5869696203839,Product_015
2023-01-30,125.47676089081898,Product_015
2023-02-06,123.95412560474466,Product_015
2023-02-13,128.80037970315036,Product_015
2023-02-20,123.86346723636298,Product_015
2023-02-27,129.7396415895057,Product_015
2023-03-06,132.80431624859483,Product_015
2023-03-13,130.01262848512795,Product_015
2023-03-20,136.80822422628262,Product_015
2023-03-27,138.37356275388626,Product_015
2023-04-03,141.7186436672807,Product_015
2023-04-10,140.06347788475512,Product_015
2023-04-17,147.8599270297097,Product_015
2023-04-24,140.77903251780992,Product_015
2023-05-01,135.58667653818384,Product_015
2023-05-08,136.8631901479824,Product_015
2023-05-15,131.8268537627932,Product_015
2023-05-22,265.63086114749615,Product_015
2023-05-29,125.41869833897118,Product_015
2023-06-05,129.77390654031274,Product_015
2023-06-12,125.12949264160152,Product_015
2023-06-19,120.4263091548395,Product_015
2023-06-26,121.57030875830645,Product_015
2023-07-03,125.26395498303435,Product_015
2023-07-10,118.69243056207453,Product_015
2023-07-17,111.325057019315,Product_015
2023-07-24,112.9953112581061,Product_015
2023-07-31,5.464667082701799,Product_015
2023-08-07,113.04654257773393,Product_015
2023-08-14,99.8355784696559,Product_015
2023-08-21,104.73163345901877,Product_015
2023-08-28,96.65145951515397,Product_015
2023-09-04,98.18849920448183,Product_015
2023-09-11,99.99819825889732,Product_015
2023-09-18,97.27738551362071,Product_015
2023-09-25,98.84053924830327,Product_015
2023-10-02,108.30168358025475,Product_015
2023-10-09,98.78891351909715,Product_015
2023-10-16,99.66424578161156,Product_015
2023-10-23,103.64021449642766,Product_015
2023-10-30,102.62704960239073,Product_015
2023-11-06,99.6074251304579,Product_015
2023-11-13,108.09569510660303,Product_015
2023-11-20,461.29282896264095,Product_015
2023-11-27,473.56645826029205,Product_015
2023-12-04,115.23119228301704,Product_015
2023-12-11,124.8939194797371,Product_015
2023-12-18,122.07112129335567,Product_015
2023-12-25,132.61518462626282,Product_015
2024-01-01,121.86796868311792,Product_015
2024-01-08,128.86208593025498,Product_015
2024-01-15,139.70576591336183,Product_015
2024-01-22,140.07010492100306,Product_015
2024-01-29,145.81440781314166,Product_015
2024-02-05,145.65687861607117,Product_015
2024-02-12,151.654864258891,Product_015
2024-02-19,152.0768205004723,Product_015
2024-02-26,150.1366859681147,Product_015
2024-03-04,153.9540533439851,Product_015
2024-03-11,158.7663536898406,Product_015
2024-03-18,165.80609712943567,Product_015
2024-03-25,166.1191612030226,Product_015
2024-04-01,156.01894568377247,Product_015
2024-04-08,161.7728043517883,Product_015
2024-04-15,159.77726051528026,Product_015
2024-04-22,160.88883164557808,Product_015
2024-04-29,164.02680696140715,Product_015
2024-05-06,339.6022959734894,Product_015
2024-05-13,153.24278136993465,Product_015
2024-05-20,147.71302325551974,Product_015
2024-05-27,147.49942711971283,Product_015
2024-06-03,152.40960519906076,Product_015
2024-06-10,150.8244172812794,Product_015
2024-06-17,138.68317130063883,Product_015
2024-06-24,151.93691127543389,Product_015
2024-07-01,149.0446728322235,Product_015
2024-07-08,138.23434806499546,Product_015
2024-07-15,135.02836954451917,Product_015
2024-07-22,131.49800292926943,Product_015
2024-07-29,122.7756283816746,Product_015
2024-08-05,128.18728778026727,Product_015
2024-08-12,131.50495157313492,Product_015
2024-08-19,734.5202158491014,Product_015
2024-08-26,122.04549466553709,Product_015
2024-09-02,126.3347518560716,Product_015
2024-09-09,120.17711871203194,Product_015
2024-09-16,119.29829652150167,Product_015
2024-09-23,122.0811429912955,Product_015
2024-09-30,112.51528945596421,Product_015
2024-10-07,119.41085045035342,Product_015
2024-10-14,115.99851283031926,Product_015
2024-10-21,122.7532786014805,Product_015
2024-10-28,123.60001390774212,Product_015
2024-11-04,126.07455644912237,Product_015
2024-11-11,131.17267010397788,Product_015
2024-11-18,535.1669037678153,Product_015
2024-11-25,550.9009071192662,Product_015
2024-12-02,131.5514807123097,Product_015
2024-12-09,140.5128006891884,Product_015
2024-12-16,141.65841283341314,Product_015
2024-12-23,147.8541563501668,Product_015
2024-12-30,150.25364156235483,Product_015
2023-01-02,89.48266363158473,Product_016
2023-01-09,89.56034608511631,Product_016
2023-01-16,100.58799434167535,Product_016
2023-01-23,104.69533954460024,Product_016
2023-01-30,102.02056613518926,Product_016
2023-02-06,97.40384033321686,Product_016
2023-02-13,106.18128494576933,Product_016
2023-02-20,118.84334443360342,Product_016
2023-02-27,113.39051935952736,Product_016
2023-03-06,112.73653123296891,Product_016
2023-03-13,117.89194002912235,Product_016
2023-03-20,115.19741429084638,Product_016
2023-03-27,125.13828851235927,Product_016
2023-04-03,120.46939860041891,Product_016
2023-04-10,124.2297235604703,Product_016
2023-04-17,120.25096751112963,Product_016
2023-04-24,118.90773985712852,Product_016
2023-05-01,121.28298965019624,Product_016
2023-05-08,122.63302838063184,Product_016
2023-05-15,120.56674511947517,Product_016
2023-05-22,237.5645586331648,Product_016
2023-05-29,111.53434807796887,Product_016
2023-06-05,119.75068594138483,Product_016
2023-06-12,112.7987615164282,Product_016
2023-06-19,112.15047984359902,Product_016
2023-06-26,108.06056799232859,Product_016
2023-07-03,98.95058476539256,Product_016
2023-07-10,100.36121573179412,Product_016
2023-07-17,109.39056068300738,Product_016
2023-07-24,96.58569022938293,Product_016
2023-07-31,4.586727106549533,Product_016
2023-08-07,93.18875711447073,Product_016
2023-08-14,93.75995413683061,Product_016
2023-08-21,95.45560652979155,Product_016
2023-08-28,88.31733198720053,Product_016
2023-09-04,94.88493126017303,Product_016
2023-09-11,84.2290176816723,Product_016
2023-09-18,88.62607409758724,Product_016
2023-09-25,83.74765717343774,Product_016
2023-10-02,79.75886885145012,Product_016
2023-10-09,89.6808700919114,Product_016
2023-10-16,90.69495429861205,Product_016
2023-10-23,88.79734127998329,Product_016
2023-10-30,94.58420229686799,Product_016
2023-11-06,96.54171344663432,Product_016
2023-11-13,102.17542061065447,Product_016
2023-11-20,383.57180734912544,Product_016
2023-11-27,379.5154273726192,Product_016
2023-12-04,98.94695888903844,Product_016
2023-12-11,118.72474960336653,Product_016
2023-12-18,118.68824518257657,Product_016
2023-12-25,111.67479951221607,Product_016
2024-01-01,120.42520314040452,Product_016
2024-01-08,125.31639201817586,Product_016
2024-01-15,126.48046272064383,Product_016
2024-01-22,132.5919177769041,Product_016
2024-01-29,136.93888258986274,Product_016
2024-02-05,146.5143139245197,Product_016
2024-02-12,135.518770211942,Product_016
2024-02-19,143.5535058848653,Product_016
2024-02-26,150.46436375321062,Product_016
2024-03-04,147.73252923946526,Product_016
2024-03-11,151.61338498264402,Product_016
2024-03-18,154.33558030867013,Product_016
2024-03-25,150.970540872746,Product_016
2024-04-01,154.85031426806322,Product_016
2024-04-08,148.89745041581494,Product_016
2024-04-15,153.76124352941775,Product_016
2024-04-22,148.4631640986816,Product_016
2024-04-29,153.09592142670712,Product_016
2024-05-06,317.87087604172575,Product_016
2024-05-13,143.8858544274005,Product_016
2024-05-20,147.85883440412556,Product_016
2024-05-27,146.1015381805546,Product_016
2024-06-03,139.54634186924187,Product_016
2024-06-10,145.34267226036738,Product_016
2024-06-17,138.2310285328863,Product_016
2024-06-24,132.7483330087067,Product_016
2024-07-01,131.7969038707568,Product_016
2024-07-08,131.75052953954292,Product_016
2024-07-15,126.04609664046914,Product_016
2024-07-22,126.15965402211644,Product_016
2024-07-29,126.4238348044627,Product_016
2024-08-05,123.74090717571875,Product_016
2024-08-12,120.99162271844844,Product_016
2024-08-19,712.3716385893881,Product_016
2024-08-26,120.76135743699407,Product_016
2024-09-02,120.40223723964033,Product_016
2024-09-09,116.51902157546597,Product_016
2024-09-16,115.50987936437757,Product_016
2024-09-23,120.24695895739929,Product_016
2024-09-30,115.51420579599734,Product_016
2024-10-07,114.18286617777848,Product_016
2024-10-14,107.88397594638597,Product_016
2024-10-21,120.40271482325196,Product_016
2024-10-28,117.58650504555997,Product_016
2024-11-04,126.70397136534648,Product_016
2024-11-11,125.42667997954143,Product_016
2024-11-18,515.85763601954,Product_016
2024-11-25,551.8439233877273,Product_016
2024-12-02,130.66588893491272,Product_016
2024-12-09,144.41144928823533,Product_016
2024-12-16,147.0379703166566,Product_016
2024-12-23,139.58034232478218,Product_016
2024-12-30,147.8879041750134,Product_016
2023-01-02,86.34344603521296,Product_017
2023-01-09,88.15528150749647,Product_017
2023-01-16,89.4700526085316,Product_017
2023-01-23,99.87353928811054,Product_017
2023-01-30,103.72494993387208,Product_017
2023-02-06,100.90660874075905,Product_017
2023-02-13,108.1521364163904,Product_017
2023-02-20,112.6961240078179,Product_017
2023-02-27,108.74622654338532,Product_017
2023-03-06,114.722721665722,Product_017
2023-03-13,116.46586713857991,Product_017
2023-03-20,116.68990521153098,Product_017
2023-03-27,114.36389379807271,Product_017
2023-04-03,113.04947764848276,Product_017
2023-04-10,116.50996983064299,Product_017
2023-04-17,121.7540924255194,Product_017
2023-04-24,115.13516589817705,Product_017
2023-05-01,107.38015194978446,Product_017
2023-05-08,118.12195875495057,Product_017
2023-05-15,107.2720236284302,Product_017
2023-05-22,213.6986420607109,Product_017
2023-05-29,107.8395596389024,Product_017
2023-06-05,101.99047819825878,Product_017
2023-06-12,104.9367886136246,Product_017
2023-06-19,105.44818631757688,Product_017
2023-06-26,97.68091197994919,Product_017
2023-07-03,91.40311442740834,Product_017
2023-07-10,94.93967109279014,Product_017
2023-07-17,99.86407692351732,Product_017
2023-07-24,96.73042907313062,Product_017
2023-07-31,4.919863581888591,Product_017
2023-08-07,91.6132951586586,Product_017
2023-08-14,88.69911594023937,Product_017
2023-08-21,94.00393828507663,Product_017
2023-08-28,80.08041352767454,Product_017
2023-09-04,82.80834042331097,Product_017
2023-09-11,84.67815194170394,Product_017
2023-09-18,73.78087689154293,Product_017
2023-09-25,84.22720915551174,Product_017
2023-10-02,79.19396149870904,Product_017
2023-10-09,81.05746271745429,Product_017
2023-10-16,94.72264180216922,Product_017
2023-10-23,90.53622311974725,Product_017
2023-10-30,95.47900096940559,Product_017
2023-11-06,97.01934909661836,Product_017
2023-11-13,95.93447008034106,Product_017
2023-11-20,386.2422896617478,Product_017
2023-11-27,395.60093827535076,Product_017
2023-12-04,107.32014857598388,Product_017
2023-12-11,106.18805264430813,Product_017
2023-12-18,106.93981865669481,Product_017
2023-12-25,114.2383765015256,Product_017
2024-01-01,110.60451031402663,Product_017
2024-01-08,119.71312398249293,Product_017
2024-01-15,121.88787366952779,Product_017
2024-01-22,127.05069887970996,Product_017
2024-01-29,135.24863184048186,Product_017
2024-02-05,132.26559342979863,Product_017
2024-02-12,137.85915590058008,Product_017
2024-02-19,138.96126392831226,Product_017
2024-02-26,130.43217981387107,Product_017
2024-03-04,142.0896817661128,Product_017
2024-03-11,136.62000540982015,Product_017
2024-03-18,148.15447660944326,Product_017
2024-03-25,150.61627152827043,Product_017
2024-04-01,151.8463648318138,Product_017
2024-04-08,144.7413816090034,Product_017
2024-04-15,156.60824029371264,Product_017
2024-04-22,152.81092753226517,Product_017
2024-04-29,144.19866030531605,Product_017
2024-05-06,310.42038126047163,Product_017
2024-05-13,149.212228488504,Product_017
2024-05-20,147.76841987225333,Product_017
2024-05-27,144.425370484736,Product_017
2024-06-03,143.77471693230387,Product_017
2024-06-10,139.19828435056576,Product_017
2024-06-17,134.56055062913757,Product_017
2024-06-24,138.88996707369648,Product_017
2024-07-01,133.53118770644167,Product_017
2024-07-08,130.3219930063123,Product_017
2024-07-15,127.52326225503697,Product_017
2024-07-22,123.16842106394505,Product_017
2024-07-29,127.27810364108413,Product_017
2024-08-05,124.97754732611682,Product_017
2024-08-12,130.66500955460535,Product_017
2024-08-19,721.3547238704425,Product_017
2024-08-26,114.88454946391248,Product_017
2024-09-02,111.8540407544493,Product_017
2024-09-09,113.884736127315,Product_017
2024-09-16,114.31155778094453,Product_017
2024-09-23,117.78022593130116,Product_017
2024-09-30,115.52725467269185,Product_017
2024-10-07,113.66468773128595,Product_017
2024-10-14,118.97012242507095,Product_017
2024-10-21,121.71955610983836,Product_017
2024-10-28,123.60611681521512,Product_017
2024-11-04,126.78821634328919,Product_017
2024-11-11,135.3994931739088,Product_017
2024-11-18,523.2219062530236,Product_017
2024-11-25,550.2627794218882,Product_017
2024-12-02,136.71508044224353,Product_017
2024-12-09,138.46456276168547,Product_017
2024-12-16,142.86112959431279,Product_017
2024-12-23,151.69830829522758,Product_017
2024-12-30,154.6701244292959,Product_017
2023-01-02,91.59756057009558,Product_018
2023-01-09,94.25711261570981,Product_018
2023-01-16,87.59175877068589,Product_018
2023-01-23,98.10287589312468,Product_018
2023-01-30,98.87088889502617,Product_018
2023-02-06,106.24338729325343,Product_018
2023-02-13,106.49820649588347,Product_018
2023-02-20,105.35840383286506,Product_018
2023-02-27,117.48727491086971,Product_018
2023-03-06,114.65708008685777,Product_018
2023-03-13,116.3000551392795,Product_018
2023-03-20,118.75642883771579,Product_018
2023-03-27,116.79833627175555,Product_018
2023-04-03,122.49361860952186,Product_018
2023-04-10,119.35662055277352,Product_018
2023-04-17,121.40685151237076,Product_018
2023-04-24,118.13271495861554,Product_018
2023-05-01,115.39653135211748,Product_018
2023-05-08,118.54539040861077,Product_018
2023-05-15,110.61454941221129,Product_018
2023-05-22,230.04272133671122,Product_018
2023-05-29,107.01425026622746,Product_018
2023-06-05,116.1707111980976,Product_018
2023-06-12,109.94357869551315,Product_018
2023-06-19,105.60915673563247,Product_018
2023-06-26,110.25996130451391,Product_018
2023-07-03,108.94285320329232,Product_018
2023-07-10,102.10889963072816,Product_018
2023-07-17,102.77133903704191,Product_018
2023-07-24,96.51785866786197,Product_018
2023-07-31,4.664181087092033,Product_018
2023-08-07,97.16847101239249,Product_018
2023-08-14,94.52873383257717,Product_018
2023-08-21,96.03106161591712,Product_018
2023-08-28,87.00959909527384,Product_018
2023-09-04,84.856938029313,Product_018
2023-09-11,82.3696505575029,Product_018
2023-09-18,84.15927394495364,Product_018
2023-09-25,90.04935948393177,Product_018
2023-10-02,86.8274303012331,Product_018
2023-10-09,78.14274990017887,Product_018
2023-10-16,90.08670778940652,Product_018
2023-10-23,87.70153399952868,Product_018
2023-10-30,88.81763688661171,Product_018
2023-11-06,87.61019103067498,Product_018
2023-11-13,90.49156938802098,Product_018
2023-11-20,406.7084783444032,Product_018
2023-11-27,419.7767348244849,Product_018
2023-12-04,99.6164193165105,Product_018
2023-12-11,108.31988928971468,Product_018
2023-12-18,110.76023671920557,Product_018
2023-12-25,112.20761726406683,Product_018
2024-01-01,115.69001639901299,Product_018
2024-01-08,119.79232106935547,Product_018
2024-01-15,125.44641832131894,Product_018
2024-01-22,128.23981720133574,Product_018
2024-01-29,135.95128689230677,Product_018
2024-02-05,139.91738420401683,Product_018
2024-02-12,135.2576030366464,Product_018
2024-02-19,150.5704095500844,Product_018
2024-02-26,152.0431616631173,Product_018
2024-03-04,153.2759737463583,Product_018
2024-03-11,146.87681400970158,Product_018
2024-03-18,147.52620563983473,Product_018
2024-03-25,149.41723475919034,Product_018
2024-04-01,148.59689759781588,Product_018
2024-04-08,150.92834299431044,Product_018
2024-04-15,150.14781034157573,Product_018
2024-04-22,152.61115555464147,Product_018
2024-04-29,141.18271655194113,Product_018
2024-05-06,316.4816760206562,Product_018
2024-05-13,151.0150435435061,Product_018
2024-05-20,146.67336228311692,Product_018
2024-05-27,149.17262702224656,Product_018
2024-06-03,134.82049964382827,Product_018
2024-06-10,136.30633371791473,Product_018
2024-06-17,134.8069908477521,Product_018
2024-06-24,139.14807952639674,Product_018
2024-07-01,127.46056745997592,Product_018
2024-07-08,124.48537363456339,Product_018
2024-07-15,126.64326427945451,Product_018
2024-07-22,128.50935091795847,Product_018
2024-07-29,120.55881053900367,Product_018
2024-08-05,117.1176185892949,Product_018
2024-08-12,112.21890746335441,Product_018
2024-08-19,720.5717431450778,Product_018
2024-08-26,114.89996652794125,Product_018
2024-09-02,120.44870291310735,Product_018
2024-09-09,113.04072302571906,Product_018
2024-09-16,118.99249172448627,Product_018
2024-09-23,113.11866304991497,Product_018
2024-09-30,122.69292889300945,Product_018
2024-10-07,117.14822124956346,Product_018
2024-10-14,120.46081228901198,Product_018
2024-10-21,119.24137548287727,Product_018
2024-10-28,119.33692543996403,Product_018
2024-11-04,123.84924274434977,Product_018
2024-11-11,131.92322944103486,Product_018
2024-11-18,522.1972725956109,Product_018
2024-11-25,509.6671008828237,Product_018
2024-12-02,131.7965809777459,Product_018
2024-12-09,139.47937516395393,Product_018
2024-12-16,142.56851890325814,Product_018
2024-12-23,141.2037855453391,Product_018
2024-12-30,145.3776162151502,Product_018
2023-01-02,117.23772347557305,Product_019
2023-01-09,112.2362827704205,Product_019
2023-01-16,122.32349252704769,Product_019
2023-01-23,117.77713995328034,Product_019
2023-01-30,127.6411516458436,Product_019
2023-02-06,128.57057084115038,Product_019
2023-02-13,125.63916568734939,Product_019
2023-02-20,132.22588111001505,Product_019
2023-02-27,133.9677589893193,Product_019
2023-03-06,132.69609103638092,Product_019
2023-03-13,130.60478358605943,Product_019
2023-03-20,136.2801030030966,Product_019
2023-03-27,143.52870910044226,Product_019
2023-04-03,141.63550000273193,Product_019
2023-04-10,137.37199091540558,Product_019
2023-04-17,140.3988153928181,Product_019
2023-04-24,143.92721083569563,Product_019
2023-05-01,136.6900068825468,Product_019
2023-05-08,136.46080847559443,Product_019
2023-05-15,132.63512600343503,Product_019
2023-05-22,276.0311016163036,Product_019
2023-05-29,128.40687560470514,Product_019
2023-06-05,128.65008943367786,Product_019
2023-06-12,124.04847481553112,Product_019
2023-06-19,119.31690262281153,Product_019
2023-06-26,122.0987833715476,Product_019
2023-07-03,120.05604040482231,Product_019
2023-07-10,123.93958465341514,Product_019
2023-07-17,112.88742793255896,Product_019
2023-07-24,112.09591986530089,Product_019
2023-07-31,5.531241427268266,Product_019
2023-08-07,106.5324977030518,Product_019
2023-08-14,106.45638704722953,Product_019
2023-08-21,105.12176543861021,Product_019
2023-08-28,99.00827926811637,Product_019
2023-09-04,101.16775073446524,Product_019
2023-09-11,97.17222408067066,Product_019
2023-09-18,94.60685061607259,Product_019
2023-09-25,102.17088003347625,Product_019
2023-10-02,94.75151237674504,Product_019
2023-10-09,102.06581457157112,Product_019
2023-10-16,94.57069314445266,Product_019
2023-10-23,107.45504246961761,Product_019
2023-10-30,108.8157624528358,Product_019
2023-11-06,103.89498644215224,Product_019
2023-11-13,108.24205260636647,Product_019
2023-11-20,430.97506255262147,Product_019
2023-11-27,430.80026042448327,Product_019
2023-12-04,114.44537496393312,Product_019
2023-12-11,122.78229227297021,Product_019
2023-12-18,127.19248829649833,Product_019
2023-12-25,124.5554105769301,Product_019
2024-01-01,131.49720028636244,Product_019
2024-01-08,127.04758202567413,Product_019
2024-01-15,130.49155656600527,Product_019
2024-01-22,142.52403858782378,Product_019
2024-01-29,140.85979686371994,Product_019
2024-02-05,142.64876803848708,Product_019
2024-02-12,149.33997545513233,Product_019
2024-02-19,154.6933130747074,Product_019
2024-02-26,149.935945421517,Product_019
2024-03-04,151.3859690155838,Product_019
2024-03-11,154.1672291958726,Product_019
2024-03-18,162.94788550661278,Product_019
2024-03-25,156.9810843005157,Product_019
2024-04-01,163.94315180624383,Product_019
2024-04-08,162.93831109436877,Product_019
2024-04-15,155.80048119190786,Product_019
2024-04-22,151.27845424075423,Product_019
2024-04-29,149.90738072913936,Product_019
2024-05-06,349.1891916398334,Product_019
2024-05-13,155.51460777276412,Product_019
2024-05-20,150.5365825894206,Product_019
2024-05-27,154.07236210736943,Product_019
2024-06-03,155.35563175447356,Product_019
2024-06-10,151.55577682861193,Product_019
2024-06-17,147.53520540036038,Product_019
2024-06-24,153.69692536767096,Product_019
2024-07-01,140.15407006386909,Product_019
2024-07-08,136.19437681264026,Product_019
2024-07-15,140.01116854992657,Product_019
2024-07-22,135.276526186223,Product_019
2024-07-29,130.32751192026723,Product_019
2024-08-05,129.2957235424173,Product_019
2024-08-12,128.5005477554751,Product_019
2024-08-19,725.0904599689295,Product_019
2024-08-26,123.05266674327086,Product_019
2024-09-02,122.21558936781852,Product_019
2024-09-09,122.19250172371845,Product_019
2024-09-16,115.51975082893075,Product_019
2024-09-23,118.29971322709167,Product_019
2024-09-30,120.12130192721337,Product_019
2024-10-07,126.16218812357026,Product_019
2024-10-14,113.46245840660757,Product_019
2024-10-21,116.97958629178513,Product_019
2024-10-28,123.87127622280262,Product_019
2024-11-04,128.85850306842917,Product_019
2024-11-11,128.48253906384605,Product_019
2024-11-18,510.452196112023,Product_019
2024-11-25,553.0557205057422,Product_019
2024-12-02,139.46968190702756,Product_019
2024-12-09,147.25151947703375,Product_019
2024-12-16,143.94348018247732,Product_019
2024-12-23,144.65565688012893,Product_019
2024-12-30,149.5763893257552,Product_019
2023-01-02,113.99906960848172,Product_020
2023-01-09,110.18475467527622,Product_020
2023-01-16,108.01061392219498,Product_020
2023-01-23,118.36403831719863,Product_020
2023-01-30,123.18827675749607,Product_020
2023-02-06,119.3801651249445,Product_020
2023-02-13,125.83637238331904,Product_020
2023-02-20,130.341114988963,Product_020
2023-02-27,131.675023531631,Product_020
2023-03-06,128.1969434069253,Product_020
2023-03-13,126.6860519613365,Product_020
2023-03-20,135.7218118669662,Product_020
2023-03-27,133.95965087750326,Product_020
2023-04-03,134.24459947366802,Product_020
2023-04-10,135.70252707867652,Product_020
2023-04-17,140.50350545252869,Product_020
2023-04-24,134.87656404771957,Product_020
2023-05-01,132.05543244059626,Product_020
2023-05-08,136.4144916657392,Product_020
2023-05-15,126.11847426985706,Product_020
2023-05-22,256.49870633710634,Product_020
2023-05-29,129.17785591913153,Product_020
2023-06-05,120.86941978618694,Product_020
2023-06-12,123.90002301034016,Product_020
2023-06-19,117.3096295601256,Product_020
2023-06-26,119.65742111806391,Product_020
2023-07-03,120.74312090517381,Product_020
2023-07-10,116.27268679204496,Product_020
2023-07-17,109.3777154526104,Product_020
2023-07-24,111.26457484155308,Product_020
2023-07-31,4.8316714927336255,Product_020
2023-08-07,111.19297440810605,Product_020
2023-08-14,99.62282764688028,Product_020
2023-08-21,105.05101023806589,Product_020
2023-08-28,99.20130814605164,Product_020
2023-09-04,106.36680962603742,Product_020
2023-09-11,93.33580739771335,Product_020
2023-09-18,94.10793293533945,Product_020
2023-09-25,97.22374959947832,Product_020
2023-10-02,97.86514868529022,Product_020
2023-10-09,100.70937228098394,Product_020
2023-10-16,98.06613386820247,Product_020
2023-10-23,98.56235237176459,Product_020
2023-10-30,106.26818607768894,Product_020
2023-11-06,106.57371902323231,Product_020
2023-11-13,105.64579293619556,Product_020
2023-11-20,435.3539584511052,Product_020
2023-11-27,434.9581965081777,Product_020
2023-12-04,116.49037345660322,Product_020
2023-12-11,119.20218832552513,Product_020
2023-12-18,120.9221440298279,Product_020
2023-12-25,115.24421208084267,Product_020
2024-01-01,119.79501025476453,Product_020
2024-01-08,134.22637630962836,Product_020
2024-01-15,136.99442685840387,Product_020
2024-01-22,138.6243066395475,Product_020
2024-01-29,144.00925772090682,Product_020
2024-02-05,138.78708655253826,Product_020
2024-02-12,147.66568462067332,Product_020
2024-02-19,148.62682215327177,Product_020
2024-02-26,159.2668545159646,Product_020
2024-03-04,157.24254123094374,Product_020
2024-03-11,153.94824225554794,Product_020
2024-03-18,156.49257865688125,Product_020
2024-03-25,155.99686659806687,Product_020
2024-04-01,163.35408620139575,Product_020
2024-04-08,159.1970234047197,Product_020
2024-04-15,152.02460106253065,Product_020
2024-04-22,153.5388938769613,Product_020
2024-04-29,152.23486076583194,Product_020
2024-05-06,333.6493945429416,Product_020
2024-05-13,156.9801608097602,Product_020
2024-05-20,151.10212364527152,Product_020
2024-05-27,147.40377563349168,Product_020
2024-06-03,147.32750969306488,Product_020
2024-06-10,137.24772735672585,Product_020
2024-06-17,144.7805898259443,Product_020
2024-06-24,136.73621266713485,Product_020
2024-07-01,146.15758149755078,Product_020
2024-07-08,135.68777332511664,Product_020
2024-07-15,128.98855304880342,Product_020
2024-07-22,132.79113838092908,Product_020
2024-07-29,129.00564292917926,Product_020
2024-08-05,129.9185003714209,Product_020
2024-08-12,127.07408424929399,Product_020
2024-08-19,723.9716024002889,Product_020
2024-08-26,125.91956525805588,Product_020
2024-09-02,119.47267556854017,Product_020
2024-09-09,122.49309242534717,Product_020
2024-09-16,119.98644322465935,Product_020
2024-09-23,118.76611020242258,Product_020
2024-09-30,122.67081973337687,Product_020
2024-10-07,122.17723253552491,Product_020
2024-10-14,120.66544356110268,Product_020
2024-10-21,122.81172027102478,Product_020
2024-10-28,126.3190195184104,Product_020
2024-11-04,121.27031070737789,Product_020
2024-11-11,123.35777035194282,Product_020
2024-11-18,538.8085406620678,Product_020
2024-11-25,546.2767803940594,Product_020
2024-12-02,138.89043632751006,Product_020
2024-12-09,137.5377081657366,Product_020
2024-12-16,137.96771482841027,Product_020
2024-12-23,146.15206153978204,Product_020
2024-12-30,149.90263692242902,Product_020
2023-01-02,87.79877666539805,Product_021
2023-01-09,98.72594584562732,Product_021
2023-01-16,92.40248186727987,Product_021
2023-01-23,103.7262576874716,Product_021
2023-01-30,107.88520700530485,Product_021
2023-02-06,112.81386534662894,Product_021
2023-02-13,112.20837363774785,Product_021
2023-02-20,119.54933543143042,Product_021
2023-02-27,118.00601738383679,Product_021
2023-03-06,119.31529376882507,Product_021
2023-03-13,112.46924798597719,Product_021
2023-03-20,119.56285292185596,Product_021
2023-03-27,121.04128253746558,Product_021
2023-04-03,127.96784224891773,Product_021
2023-04-10,125.5804727871964,Product_021
2023-04-17,124.16018506599956,Product_021
2023-04-24,126.2584969711818,Product_021
2023-05-01,123.33503070896153,Product_021
2023-05-08,131.77272424166543,Product_021
2023-05-15,121.390626040696,Product_021
2023-05-22,242.32716902937582,Product_021
2023-05-29,126.69245179628402,Product_021
2023-06-05,115.84145711999439,Product_021
2023-06-12,111.42925780078009,Product_021
2023-06-19,111.59438016094713,Product_021
2023-06-26,114.89626717848955,Product_021
2023-07-03,104.99854009490552,Product_021
2023-07-10,106.18908474841434,Product_021
2023-07-17,95.44898532096485,Product_021
2023-07-24,90.43785508448474,Product_021
2023-07-31,4.92737245190305,Product_021
2023-08-07,93.43955717250975,Product_021
2023-08-14,94.00113981893777,Product_021
2023-08-21,94.25826399331415,Product_021
2023-08-28,85.50105535022684,Product_021
2023-09-04,82.34940594631315,Product_021
2023-09-11,84.71176089412555,Product_021
2023-09-18,86.45142493143935,Product_021
2023-09-25,88.68980934706175,Product_021
2023-10-02,92.0041276198656,Product_021
2023-10-09,86.11941385187731,Product_021
2023-10-16,93.63483981451424,Product_021
2023-10-23,94.99106220259428,Product_021
2023-10-30,96.53785646414345,Product_021
2023-11-06,97.8550129188993,Product_021
2023-11-13,92.06466548284453,Product_021
2023-11-20,429.88337913218817,Product_021
2023-11-27,420.0330943721133,Product_021
2023-12-04,104.67938653613218,Product_021
2023-12-11,106.597869991289,Product_021
2023-12-18,111.15377046488483,Product_021
2023-12-25,116.03846973194693,Product_021
2024-01-01,118.61782939984329,Product_021
2024-01-08,126.39154831475935,Product_021
2024-01-15,124.57272708610029,Product_021
2024-01-22,134.7043060553409,Product_021
2024-01-29,141.20717357933358,Product_021
2024-02-05,136.04432781455748,Product_021
2024-02-12,139.26239325266025,Product_021
2024-02-19,146.009120481964,Product_021
2024-02-26,146.91415683275767,Product_021
2024-03-04,145.7655369841308,Product_021
2024-03-11,152.65455912994145,Product_021
2024-03-18,153.21700957789744,Product_021
2024-03-25,146.44797743805393,Product_021
2024-04-01,158.98991058311114,Product_021
2024-04-08,153.84260259148402,Product_021
2024-04-15,153.64844930096496,Product_021
2024-04-22,154.34541747084413,Product_021
2024-04-29,150.64085807185455,Product_021
2024-05-06,326.4010237199852,Product_021
2024-05-13,153.27033138303327,Product_021
2024-05-20,150.13028946691307,Product_021
2024-05-27,146.61864925904354,Product_021
2024-06-03,145.09748415568313,Product_021
2024-06-10,134.22803850603503,Product_021
2024-06-17,143.70515129978585,Product_021
2024-06-24,142.87321071154844,Product_021
2024-07-01,137.18594689281724,Product_021
2024-07-08,131.2987623859922,Product_021
2024-07-15,127.81404314859017,Product_021
2024-07-22,128.3170617064643,Product_021
2024-07-29,130.59767544539017,Product_021
2024-08-05,128.16825726080123,Product_021
2024-08-12,126.1448885675804,Product_021
2024-08-19,717.9593475157121,Product_021
2024-08-26,120.01647982290166,Product_021
2024-09-02,113.51825205320682,Product_021
2024-09-09,113.10397505570904,Product_021
2024-09-16,116.04819780741092,Product_021
2024-09-23,115.58816650641728,Product_021
2024-09-30,118.82099374330427,Product_021
2024-10-07,117.43679403913625,Product_021
2024-10-14,121.93694619761683,Product_021
2024-10-21,121.06095609622956,Product_021
2024-10-28,117.72643784934802,Product_021
2024-11-04,125.13098756071487,Product_021
2024-11-11,130.96196780495538,Product_021
2024-11-18,528.700315684416,Product_021
2024-11-25,562.6730119437844,Product_021
2024-12-02,135.4417832479235,Product_021
2024-12-09,128.61517523714707,Product_021
2024-12-16,140.14304979857042,Product_021
2024-12-23,150.74574876268164,Product_021
2024-12-30,144.81852593615972,Product_021
2023-01-02,99.19293811209339,Product_022
2023-01-09,101.52127233091718,Product_022
2023-01-16,105.37865101447807,Product_022
2023-01-23,106.0128960275465,Product_022
2023-01-30,120.05578080138972,Product_022
2023-02-06,116.58902631953436,Product_022
2023-02-13,118.84690492361406,Product_022
2023-02-20,118.09542446973153,Product_022
2023-02-27,125.3706647898507,Product_022
2023-03-06,124.31899952216597,Product_022
2023-03-13,128.35741319669,Product_022
2023-03-20,127.21047954452489,Product_022
2023-03-27,133.5008482497526,Product_022
2023-04-03,131.25522804642983,Product_022
2023-04-10,129.02565462705928,Product_022
2023-04-17,129.2063119161379,Product_022
2023-04-24,137.5179474991182,Product_022
2023-05-01,139.59082557637075,Product_022
2023-05-08,133.16452412739554,Product_022
2023-05-15,132.2351392157634,Product_022
2023-05-22,263.8811043760334,Product_022
2023-05-29,127.13121917708592,Product_022
2023-06-05,119.3677499479554,Product_022
2023-06-12,122.59615060853662,Product_022
2023-06-19,114.00142310376918,Product_022
2023-06-26,117.61595069267864,Product_022
2023-07-03,111.41104824851685,Product_022
2023-07-10,110.81294082680417,Product_022
2023-07-17,104.41655653167538,Product_022
2023-07-24,104.15552702165226,Product_022
2023-07-31,5.109003180472043,Product_022
2023-08-07,98.98122376748137,Product_022
2023-08-14,98.5105824068716,Product_022
2023-08-21,97.83160331040234,Product_022
2023-08-28,95.42515026425393,Product_022
2023-09-04,97.85094572311202,Product_022
2023-09-11,97.54402485085302,Product_022
2023-09-18,102.14259503703325,Product_022
2023-09-25,95.18478661902962,Product_022
2023-10-02,92.90269867582643,Product_022
2023-10-09,90.42301795627006,Product_022
2023-10-16,91.77882157501745,Product_022
2023-10-23,96.48496592713276,Product_022
2023-10-30,103.43172793725594,Product_022
2023-11-06,99.33813873220684,Product_022
2023-11-13,104.5732574842013,Product_022
2023-11-20,424.42411367380515,Product_022
2023-11-27,434.0760208484848,Product_022
2023-12-04,113.70945288987772,Product_022
2023-12-11,112.2454361329922,Product_022
2023-12-18,116.22651949465912,Product_022
2023-12-25,120.37566437953623,Product_022
2024-01-01,128.50284108688876,Product_022
2024-01-08,132.7789611312163,Product_022
2024-01-15,128.070745984306,Product_022
2024-01-22,141.12597958507854,Product_022
2024-01-29,140.86094213891323,Product_022
2024-02-05,141.18224714981343,Product_022
2024-02-12,138.91951931611254,Product_022
2024-02-19,150.17570724493874,Product_022
2024-02-26,147.76169749158984,Product_022
2024-03-04,152.12171633797266,Product_022
2024-03-11,156.26906397680202,Product_022
2024-03-18,155.24653513579855,Product_022
2024-03-25,152.97008091321098,Product_022
2024-04-01,157.85216568390848,Product_022
2024-04-08,156.78788874466775,Product_022
2024-04-15,153.75772896558627,Product_022
2024-04-22,155.40256514336423,Product_022
2024-04-29,155.45227501238764,Product_022
2024-05-06,327.45163769907873,Product_022
2024-05-13,153.70985375683992,Product_022
2024-05-20,159.9091299844154,Product_022
2024-05-27,158.66597542079566,Product_022
2024-06-03,146.72984196120444,Product_022
2024-06-10,136.10503353019973,Product_022
2024-06-17,141.8506566238001,Product_022
2024-06-24,142.24795058095418,Product_022
2024-07-01,137.1335289851268,Product_022
2024-07-08,133.24896876703752,Product_022
2024-07-15,132.37079612547217,Product_022
2024-07-22,132.35173046146724,Product_022
2024-07-29,122.81097859861961,Product_022
2024-08-05,130.9274166276419,Product_022
2024-08-12,119.10243901128052,Product_022
2024-08-19,729.2240317001784,Product_022
2024-08-26,116.4968920569191,Product_022
2024-09-02,114.80263679893963,Product_022
2024-09-09,116.28378368497735,Product_022
2024-09-16,125.00591494030556,Product_022
2024-09-23,120.45272680403913,Product_022
2024-09-30,119.91642817856993,Product_022
2024-10-07,121.2721695100527,Product_022
2024-10-14,120.01057030137144,Product_022
2024-10-21,115.83621149215546,Product_022
2024-10-28,124.47369794559293,Product_022
2024-11-04,124.70461494703282,Product_022
2024-11-11,133.31130812597473,Product_022
2024-11-18,560.2124716390426,Product_022
2024-11-25,536.7112915011212,Product_022
2024-12-02,132.7635968038159,Product_022
2024-12-09,140.71308624089414,Product_022
2024-12-16,147.1073398451589,Product_022
2024-12-23,137.93031128484287,Product_022
2024-12-30,145.33524661326763,Product_022
2023-01-02,92.51686260822187,Product_023
2023-01-09,92.85635167411634,Product_023
2023-01-16,106.32708313013902,Product_023
2023-01-23,106.68790332884848,Product_023
2023-01-30,111.8234979064743,Product_023
2023-02-06,109.05744801182833,Product_023
2023-02-13,116.75309342732078,Product_023
2023-02-20,119.73854743127542,Product_023
2023-02-27,114.07326483840832,Product_023
2023-03-06,119.94881820233884,Product_023
2023-03-13,128.73657355506407,Product_023
2023-03-20,125.00600035478557,Product_023
2023-03-27,128.7481772167348,Product_023
2023-04-03,124.01756007025395,Product_023
2023-04-10,127.70350826893392,Product_023
2023-04-17,126.67932447894898,Product_023
2023-04-24,132.18736079876,Product_023
2023-05-01,128.2558144857732,Product_023
2023-05-08,120.8635129941557,Product_023
2023-05-15,121.560875333036,Product_023
2023-05-22,248.54223222209566,Product_023
2023-05-29,115.8543641613859,Product_023
2023-06-05,118.66481728337229,Product_023
2023-06-12,116.73716865578645,Product_023
2023-06-19,107.66659812228347,Product_023
2023-06-26,105.99865037457903,Product_023
2023-07-03,108.91894476379815,Product_023
2023-07-10,107.78207368926844,Product_023
2023-07-17,97.73983772663735,Product_023
2023-07-24,96.7524812209855,Product_023
2023-07-31,5.213146966193002,Product_023
2023-08-07,96.80995007116108,Product_023
2023-08-14,99.12592455054093,Product_023
2023-08-21,90.56252885198516,Product_023
2023-08-28,92.88086743124992,Product_023
2023-09-04,94.34387131756877,Product_023
2023-09-11,89.49974751749893,Product_023
2023-09-18,90.712510233757,Product_023
2023-09-25,87.28894713198784,Product_023
2023-10-02,89.6606875044739,Product_023
2023-10-09,89.6001448164851,Product_023
2023-10-16,97.6971721453701,Product_023
2023-10-23,90.98141872880781,Product_023
2023-10-30,96.5968830007384,Product_023
2023-11-06,91.02393933831195,Product_023
2023-11-13,99.4396138542228,Product_023
2023-11-20,404.3755178824371,Product_023
2023-11-27,401.5147649049639,Product_023
2023-12-04,103.15528107396464,Product_023
2023-12-11,115.42361348137231,Product_023
2023-12-18,120.58474848586778,Product_023
2023-12-25,119.57658656408469,Product_023
2024-01-01,116.44887597148565,Product_023
2024-01-08,124.64375529495398,Product_023
2024-01-15,121.56338879033116,Product_023
2024-01-22,130.9856584500196,Product_023
2024-01-29,142.42072369427913,Product_023
2024-02-05,143.40307286524748,Product_023
2024-02-12,137.30178266101208,Product_023
2024-02-19,145.95169843174892,Product_023
2024-02-26,150.7531047748886,Product_023
2024-03-04,147.3376798277303,Product_023
2024-03-11,154.54071218025487,Product_023
2024-03-18,155.63004315031193,Product_023
2024-03-25,150.18424599375152,Product_023
2024-04-01,157.59072544028285,Product_023
2024-04-08,152.11972667378296,Product_023
2024-04-15,153.01746993044642,Product_023
2024-04-22,154.05002767923318,Product_023
2024-04-29,146.2097414361397,Product_023
2024-05-06,308.4615869630156,Product_023
2024-05-13,152.1083773605101,Product_023
2024-05-20,145.9720762095954,Product_023
2024-05-27,144.29111813789672,Product_023
2024-06-03,143.75074072108814,Product_023
2024-06-10,143.197714685837,Product_023
2024-06-17,141.17276103257603,Product_023
2024-06-24,133.095726421997,Product_023
2024-07-01,142.31696921201626,Product_023
2024-07-08,135.17469140063184,Product_023
2024-07-15,125.61317025603864,Product_023
2024-07-22,127.72485300332345,Product_023
2024-07-29,125.71409350965382,Product_023
2024-08-05,121.06633118210965,Product_023
2024-08-12,124.04834811051295,Product_023
2024-08-19,719.13692576672,Product_023
2024-08-26,115.09675179733725,Product_023
2024-09-02,116.96317548858049,Product_023
2024-09-09,114.34227825407203,Product_023
2024-09-16,121.52865711934251,Product_023
2024-09-23,127.60610765025253,Product_023
2024-09-30,120.58273429944848,Product_023
2024-10-07,115.12143822752701,Product_023
2024-10-14,116.8939407610028,Product_023
2024-10-21,125.42907105844631,Product_023
2024-10-28,124.79952930657286,Product_023
2024-11-04,121.72381459391272,Product_023
2024-11-11,124.54001360376624,Product_023
2024-11-18,521.0711735945152,Product_023
2024-11-25,506.37844723053877,Product_023
2024-12-02,134.1373270623108,Product_023
2024-12-09,134.94881612054255,Product_023
2024-12-16,137.63929516672883,Product_023
2024-12-23,148.21918690977844,Product_023
2024-12-30,153.11047025165513,Product_023
2023-01-02,84.32756990304952,Product_024
2023-01-09,85.0891612962182,Product_024
2023-01-16,82.49071983474983,Product_024
2023-01-23,87.34189315874754,Product_024
2023-01-30,101.21682473837456,Product_024
2023-02-06,102.09585150485209,Product_024
2023-02-13,97.97358905699308,Product_024
2023-02-20,109.89488063294795,Product_024
2023-02-27,106.11991905190291,Product_024
2023-03-06,114.70017485203611,Product_024
2023-03-13,109.19637368099606,Product_024
2023-03-20,106.55443361527762,Product_024
2023-03-27,117.49376864978795,Product_024
2023-04-03,110.37836033368168,Product_024
2023-04-10,118.81513567237877,Product_024
2023-04-17,116.16333187492043,Product_024
2023-04-24,117.98075816788725,Product_024
2023-05-01,119.14927866649016,Product_024
2023-05-08,115.6087263728391,Product_024
2023-05-15,111.57107060603383,Product_024
2023-05-22,220.16249569506434,Product_024
2023-05-29,110.92827853661596,Product_024
2023-06-05,100.86921871857578,Product_024
2023-06-12,104.32107335340382,Product_024
2023-06-19,102.699070347534,Product_024
2023-06-26,100.43626838560812,Product_024
2023-07-03,101.57385102921072,Product_024
2023-07-10,92.83101481543319,Product_024
2023-07-17,90.60231487421419,Product_024
2023-07-24,95.1115103078588,Product_024
2023-07-31,4.618542039579281,Product_024
2023-08-07,87.62800853283042,Product_024
2023-08-14,78.99476360866097,Product_024
2023-08-21,82.87344854993793,Product_024
2023-08-28,82.13488474781883,Product_024
2023-09-04,86.97243422228526,Product_024
2023-09-11,74.70970456079228,Product_024
2023-09-18,78.35200714965468,Product_024
2023-09-25,80.97480198990617,Product_024
2023-10-02,80.01134150228002,Product_024
2023-10-09,80.16927717302806,Product_024
2023-10-16,90.14778685898006,Product_024
2023-10-23,87.50915496999734,Product_024
2023-10-30,90.1897993132309,Product_024
2023-11-06,85.13914529356707,Product_024
2023-11-13,91.48403340151474,Product_024
2023-11-20,380.6322911110249,Product_024
2023-11-27,391.3623315164917,Product_024
2023-12-04,102.20966303311005,Product_024
2023-12-11,110.73838226462239,Product_024
2023-12-18,105.3370304595351,Product_024
2023-12-25,111.24413679847241,Product_024
2024-01-01,114.44803975298487,Product_024
2024-01-08,112.89248147093005,Product_024
2024-01-15,127.7180466076419,Product_024
2024-01-22,132.10289698624393,Product_024
2024-01-29,127.05243563276628,Product_024
2024-02-05,130.85679724704892,Product_024
2024-02-12,129.0468778266026,Product_024
2024-02-19,141.5549211328202,Product_024
2024-02-26,143.38145014019605,Product_024
2024-03-04,150.67068908445466,Product_024
2024-03-11,142.2381793498028,Product_024
2024-03-18,149.72576713291053,Product_024
2024-03-25,153.69257193747538,Product_024
2024-04-01,153.84955286237775,Product_024
2024-04-08,149.94459265329309,Product_024
2024-04-15,156.1116023022164,Product_024
2024-04-22,150.93854547342016,Product_024
2024-04-29,156.2031280470473,Product_024
2024-05-06,318.95441682203557,Product_024
2024-05-13,144.13152028464128,Product_024
2024-05-20,145.62456525089098,Product_024
2024-05-27,148.54666360408763,Product_024
2024-06-03,142.36532072731015,Product_024
2024-06-10,145.8866632823484,Product_024
2024-06-17,126.05934385910554,Product_024
2024-06-24,131.3475684313939,Product_024
2024-07-01,134.069343960158,Product_024
2024-07-08,131.82684599611565,Product_024
2024-07-15,131.79470302296474,Product_024
2024-07-22,122.31942087127251,Product_024
2024-07-29,129.57311496016354,Product_024
2024-08-05,123.23261235064426,Product_024
2024-08-12,120.52133756328607,Product_024
2024-08-19,713.6206338516178,Product_024
2024-08-26,119.64012186674708,Product_024
2024-09-02,118.67038559795473,Product_024
2024-09-09,115.60512337933102,Product_024
2024-09-16,112.32444275575648,Product_024
2024-09-23,118.03233773232344,Product_024
2024-09-30,116.45909293736229,Product_024
2024-10-07,117.01893519025775,Product_024
2024-10-14,112.05721330883325,Product_024
2024-10-21,122.11885092131993,Product_024
2024-10-28,125.56412401894225,Product_024
2024-11-04,130.0560808791385,Product_024
2024-11-11,126.86853880067798,Product_024
2024-11-18,494.37620271348067,Product_024
2024-11-25,548.7382081039704,Product_024
2024-12-02,137.33704121966875,Product_024
2024-12-09,140.84560076040293,Product_024
2024-12-16,144.79535900686554,Product_024
2024-12-23,143.3876463592547,Product_024
2024-12-30,146.53406778011464,Product_024
2023-01-02,106.96345732140688,Product_025
2023-01-09,117.89757848126197,Product_025
2023-01-16,123.56741934308536,Product_025
2023-01-23,121.86270358819664,Product_025
2023-01-30,119.483334791218,Product_025
2023-02-06,130.0311373650198,Product_025
2023-02-13,132.7308082528488,Product_025
2023-02-20,134.4014815777982,Product_025
2023-02-27,136.15774347941763,Product_025
2023-03-06,134.9977086673986,Product_025
2023-03-13,142.46012274434526,Product_025
2023-03-20,141.47521759078907,Product_025
2023-03-27,139.50913957461051,Product_025
2023-04-03,140.4497611869768,Product_025
2023-04-10,135.98843314163713,Product_025
2023-04-17,142.27999760046595,Product_025
2023-04-24,144.87224498818455,Product_025
2023-05-01,134.9828529414041,Product_025
2023-05-08,139.80660009580504,Product_025
2023-05-15,134.74170335717886,Product_025
2023-05-22,282.2790129699886,Product_025
2023-05-29,136.5586759953139,Product_025
2023-06-05,127.6603474048772,Product_025
2023-06-12,126.57402862665776,Product_025
2023-06-19,123.1242361864713,Product_025
2023-06-26,122.20735977882767,Product_025
2023-07-03,121.55579955178602,Product_025
2023-07-10,119.56652389050815,Product_025
2023-07-17,120.05984390352687,Product_025
2023-07-24,114.77578329957127,Product_025
2023-07-31,5.3006796602357475,Product_025
2023-08-07,103.54887052948048,Product_025
2023-08-14,108.43368027690161,Product_025
2023-08-21,101.98002430254324,Product_025
2023-08-28,100.22786819162819,Product_025
2023-09-04,101.91803912031084,Product_025
2023-09-11,98.2872322201567,Product_025
2023-09-18,98.38330635933754,Product_025
2023-09-25,98.76987161862031,Product_025
2023-10-02,100.96934963214207,Product_025
2023-10-09,99.90979304534724,Product_025
2023-10-16,102.48667033522604,Product_025
2023-10-23,101.73879593542644,Product_025
2023-10-30,110.2549472716112,Product_025
2023-11-06,104.19355760864285,Product_025
2023-11-13,106.37450858325026,Product_025
2023-11-20,469.9217581299965,Product_025
2023-11-27,464.85398476632236,Product_025
2023-12-04,114.57471790557015,Product_025
2023-12-11,104.22378923966498,Product_025
2023-12-18,123.78076326346068,Product_025
2023-12-25,129.98017584337083,Product_025
2024-01-01,132.34161007708292,Product_025
2024-01-08,133.72048857863163,Product_025
2024-01-15,132.3674869050965,Product_025
2024-01-22,145.17944161828393,Product_025
2024-01-29,146.8470487256518,Product_025
2024-02-05,147.09223460937002,Product_025
2024-02-12,146.0375820996481,Product_025
2024-02-19,152.63161629709714,Product_025
2024-02-26,147.9545018987211,Product_025
2024-03-04,154.18866843277627,Product_025
2024-03-11,154.25970455273819,Product_025
2024-03-18,161.63013649724226,Product_025
2024-03-25,165.7524721877023,Product_025
2024-04-01,160.7790827580939,Product_025
2024-04-08,154.02373759876403,Product_025
2024-04-15,158.66243247623015,Product_025
2024-04-22,160.42943892051144,Product_025
2024-04-29,156.96747617009092,Product_025
2024-05-06,332.1986207285529,Product_025
2024-05-13,159.29290523940622,Product_025
2024-05-20,156.48972022699047,Product_025
2024-05-27,146.77388932621434,Product_025
2024-06-03,153.48710144944866,Product_025
2024-06-10,144.6283992869414,Product_025
2024-06-17,145.55724147733602,Product_025
2024-06-24,148.9167325865558,Product_025
2024-07-01,140.39985057909715,Product_025
2024-07-08,135.1695948396709,Product_025
2024-07-15,137.6913442243694,Product_025
2024-07-22,128.82623974804775,Product_025
2024-07-29,135.02540674837326,Product_025
2024-08-05,132.3231938832683,Product_025
2024-08-12,119.0505921046841,Product_025
2024-08-19,724.8523111702611,Product_025
2024-08-26,126.53062914056513,Product_025
2024-09-02,127.19082354337165,Product_025
2024-09-09,119.7562291627488,Product_025
2024-09-16,122.42677486940296,Product_025
2024-09-23,112.94641166680199,Product_025
2024-09-30,115.99469914459357,Product_025
2024-10-07,124.21301032811999,Product_025
2024-10-14,109.13772770118705,Product_025
2024-10-21,110.65809228161265,Product_025
2024-10-28,125.77825127118984,Product_025
2024-11-04,133.04626072798104,Product_025
2024-11-11,131.83102424955152,Product_025
2024-11-18,534.4490216778503,Product_025
2024-11-25,547.1432784756881,Product_025
2024-12-02,146.22470109368464,Product_025
2024-12-09,141.43312925033558,Product_025
2024-12-16,147.6869343921127,Product_025
2024-12-23,150.05504849072742,Product_025
2024-12-30,148.87179015463153,Product_025
2023-01-02,96.57659508524955,Product_026
2023-01-09,92.748433364298,Product_026
2023-01-16,106.27552412949777,Product_026
2023-01-23,106.34950528582385,Product_026
2023-01-30,107.28044318286437,Product_026
2023-02-06,111.96464975115794,Product_026
2023-02-13,120.09431800467932,Product_026
2023-02-20,115.55372597144556,Product_026
2023-02-27,117.21783027226074,Product_026
2023-03-06,118.70105227013892,Product_026
2023-03-13,121.41954439889913,Product_026
2023-03-20,129.43852997709308,Product_026
2023-03-27,131.02826279003187,Product_026
2023-04-03,130.0323565689751,Product_026
2023-04-10,127.44904205799463,Product_026
2023-04-17,126.8328375707472,Product_026
2023-04-24,125.26501795703865,Product_026
2023-05-01,131.01361331152856,Product_026
2023-05-08,126.70743770602141,Product_026
2023-05-15,124.28036251900036,Product_026
2023-05-22,249.02315801811812,Product_026
2023-05-29,128.93902140892487,Product_026
2023-06-05,122.63848867313351,Product_026
2023-06-12,115.36865718701502,Product_026
2023-06-19,117.79625568049823,Product_026
2023-06-26,107.51963682822674,Product_026
2023-07-03,109.1574613077298,Product_026
2023-07-10,113.99005225130112,Product_026
2023-07-17,102.9616133477177,Product_026
2023-07-24,107.27789109472319,Product_026
2023-07-31,4.773818929929014,Product_026
2023-08-07,95.78542207079637,Product_026
2023-08-14,91.43815698529194,Product_026
2023-08-21,99.85867133275084,Product_026
2023-08-28,96.80033606395882,Product_026
2023-09-04,86.3127742989951,Product_026
2023-09-11,98.15000263641689,Product_026
2023-09-18,87.28655524644016,Product_026
2023-09-25,89.45934196660595,Product_026
2023-10-02,88.93225974388173,Product_026
2023-10-09,89.83579563317711,Product_026
2023-10-16,94.7130387702931,Product_026
2023-10-23,97.10824742055848,Product_026
2023-10-30,88.42530767776891,Product_026
2023-11-06,106.95740853551169,Product_026
2023-11-13,103.9087800711074,Product_026
2023-11-20,418.86555682731637,Product_026
2023-11-27,414.46624421770196,Product_026
2023-12-04,105.72789145176208,Product_026
2023-12-11,111.18099698259019,Product_026
2023-12-18,120.39496047165878,Product_026
2023-12-25,123.11897073765988,Product_026
2024-01-01,127.48925164768302,Product_026
2024-01-08,124.08308619307674,Product_026
2024-01-15,131.09525626117644,Product_026
2024-01-22,135.77111613210317,Product_026
2024-01-29,141.76572941559039,Product_026
2024-02-05,147.60985677297938,Product_026
2024-02-12,142.5121421808384,Product_026
2024-02-19,152.74732143502072,Product_026
2024-02-26,154.90237987227906,Product_026
2024-03-04,147.75823066073744,Product_026
2024-03-11,150.38543420326056,Product_026
2024-03-18,162.52337499296493,Product_026
2024-03-25,157.50950299199823,Product_026
2024-04-01,153.13482742070107,Product_026
2024-04-08,160.80464135606346,Product_026
2024-04-15,156.54775077502046,Product_026
2024-04-22,154.24843616553926,Product_026
2024-04-29,165.03200234336254,Product_026
2024-05-06,318.0852127897383,Product_026
2024-05-13,155.04619908300253,Product_026
2024-05-20,150.1698937000564,Product_026
2024-05-27,148.58927733114268,Product_026
2024-06-03,144.75102023110117,Product_026
2024-06-10,145.98053084942424,Product_026
2024-06-17,140.55691236926347,Product_026
2024-06-24,132.31589196247901,Product_026
2024-07-01,141.00364751344645,Product_026
2024-07-08,135.12049449595193,Product_026
2024-07-15,139.4730184685937,Product_026
2024-07-22,125.43310589977074,Product_026
2024-07-29,129.83124592159015,Product_026
2024-08-05,126.75117744081739,Product_026
2024-08-12,123.96029733693267,Product_026
2024-08-19,725.3398003705396,Product_026
2024-08-26,114.39525624065936,Product_026
2024-09-02,113.45276144921075,Product_026
2024-09-09,118.59476221019074,Product_026
2024-09-16,118.13138557333755,Product_026
2024-09-23,129.4573792508552,Product_026
2024-09-30,119.56501371254294,Product_026
2024-10-07,121.25095779053586,Product_026
2024-10-14,115.64383206836996,Product_026
2024-10-21,121.33213135908223,Product_026
2024-10-28,117.59256813630189,Product_026
2024-11-04,123.29683350363482,Product_026
2024-11-11,131.97258210790594,Product_026
2024-11-18,520.4363147393451,Product_026
2024-11-25,536.6124858148302,Product_026
2024-12-02,142.22667490120512,Product_026
2024-12-09,142.26217054667063,Product_026
2024-12-16,136.1810302585927,Product_026
2024-12-23,148.81919973572488,Product_026
2024-12-30,146.8637646716843,Product_026
2023-01-02,97.37446745926741,Product_027
2023-01-09,98.23094732706241,Product_027
2023-01-16,106.47121862966424,Product_027
2023-01-23,113.07932669471828,Product_027
2023-01-30,117.79679214031574,Product_027
2023-02-06,117.63502582980159,Product_027
2023-02-13,122.35803707788568,Product_027
2023-02-20,127.31262517390371,Product_027
2023-02-27,124.08624825271478,Product_027
2023-03-06,128.9932521230019,Product_027
2023-03-13,122.07158873122968,Product_027
2023-03-20,131.70764586587362,Product_027
2023-03-27,131.8798756600476,Product_027
2023-04-03,136.36349770331537,Product_027
2023-04-10,132.21784493082984,Product_027
2023-04-17,132.45123524301079,Product_027
2023-04-24,135.02582472374033,Product_027
2023-05-01,133.15235751439695,Product_027
2023-05-08,131.4976550026306,Product_027
2023-05-15,131.58808945421623,Product_027
2023-05-22,252.49576825884785,Product_027
2023-05-29,120.24020692167197,Product_027
2023-06-05,123.08299351305007,Product_027
2023-06-12,121.21074523295955,Product_027
2023-06-19,121.02541348416776,Product_027
2023-06-26,113.75980927202333,Product_027
2023-07-03,113.74548776134289,Product_027
2023-07-10,104.35643396753053,Product_027
2023-07-17,110.6308494812962,Product_027
2023-07-24,105.8265730514133,Product_027
2023-07-31,5.110984272133339,Product_027
2023-08-07,95.82445403284254,Product_027
2023-08-14,99.29016002341538,Product_027
2023-08-21,104.066829596757,Product_027
2023-08-28,102.77184587009958,Product_027
2023-09-04,104.57408574127717,Product_027
2023-09-11,102.35171845132263,Product_027
2023-09-18,96.93643321374867,Product_027
2023-09-25,92.8708935002708,Product_027
2023-10-02,100.24769964467441,Product_027
2023-10-09,92.79342637151005,Product_027
2023-10-16,102.32705185743328,Product_027
2023-10-23,105.83683355004347,Product_027
2023-10-30,97.34151829993671,Product_027
2023-11-06,105.53752145035946,Product_027
2023-11-13,106.17316178927618,Product_027
2023-11-20,443.04484156685015,Product_027
2023-11-27,436.687345719599,Product_027
2023-12-04,104.73995998510055,Product_027
2023-12-11,122.21866502241458,Product_027
2023-12-18,120.20840961034943,Product_027
2023-12-25,125.62791502645729,Product_027
2024-01-01,117.30955116038005,Product_027
2024-01-08,126.38871583109676,Product_027
2024-01-15,130.41526531626957,Product_027
2024-01-22,140.30251545908743,Product_027
2024-01-29,142.2393139340321,Product_027
2024-02-05,143.80068650405974,Product_027
2024-02-12,150.4644579485928,Product_027
2024-02-19,143.08430398014778,Product_027
2024-02-26,146.87100487280406,Product_027
2024-03-04,152.50841981521626,Product_027
2024-03-11,168.0733620800563,Product_027
2024-03-18,155.41216805972059,Product_027
2024-03-25,154.91555033198014,Product_027
2024-04-01,159.92288673063328,Product_027
2024-04-08,163.30484285045293,Product_027
2024-04-15,162.75613586775538,Product_027
2024-04-22,159.80748602059305,Product_027
2024-04-29,151.5235182519317,Product_027
2024-05-06,341.52261135969115,Product_027
2024-05-13,151.70214798982596,Product_027
2024-05-20,149.51609019644962,Product_027
2024-05-27,150.01482972367393,Product_027
2024-06-03,149.232787766366,Product_027
2024-06-10,147.56156560060631,Product_027
2024-06-17,141.23936766547672,Product_027
2024-06-24,143.3252425948955,Product_027
2024-07-01,139.1295596359655,Product_027
2024-07-08,138.48870748611785,Product_027
2024-07-15,133.29875136484287,Product_027
2024-07-22,131.36555557976558,Product_027
2024-07-29,131.26218504941005,Product_027
2024-08-05,125.19261030473673,Product_027
2024-08-12,126.24212341996846,Product_027
2024-08-19,723.1614246979295,Product_027
2024-08-26,125.86376669533726,Product_027
2024-09-02,116.56948615200206,Product_027
2024-09-09,117.08883992595123,Product_027
2024-09-16,119.48322229710246,Product_027
2024-09-23,113.80089903978929,Product_027
2024-09-30,116.0549868187728,Product_027
2024-10-07,114.47038502570079,Product_027
2024-10-14,117.76850488849814,Product_027
2024-10-21,126.13350124848255,Product_027
2024-10-28,124.53969947348492,Product_027
2024-11-04,129.14751720062426,Product_027
2024-11-11,124.78312238256436,Product_027
2024-11-18,530.5090843876662,Product_027
2024-11-25,530.5768610622698,Product_027
2024-12-02,145.36886674170657,Product_027
2024-12-09,146.84750960130407,Product_027
2024-12-16,141.19653638732154,Product_027
2024-12-23,141.64718765686095,Product_027
2024-12-30,159.17479565140988,Product_027
2023-01-02,115.05755702216527,Product_028
2023-01-09,107.98597998714683,Product_028
2023-01-16,124.72855828883426,Product_028
2023-01-23,119.55317778119529,Product_028
2023-01-30,118.36038573575694,Product_028
2023-02-06,128.47253887495316,Product_028
2023-02-13,119.68731106905234,Product_028
2023-02-20,125.3662877551697,Product_028
2023-02-27,130.00104512838308,Product_028
2023-03-06,132.0550875469007,Product_028
2023-03-13,135.38024638634866,Product_028
2023-03-20,130.61085360221932,Product_028
2023-03-27,132.19962455359186,Product_028
2023-04-03,136.40600168850406,Product_028
2023-04-10,140.15420433928367,Product_028
2023-04-17,137.2969272919027,Product_028
2023-04-24,140.1298457615972,Product_028
2023-05-01,140.98241610002515,Product_028
2023-05-08,132.59991089562104,Product_028
2023-05-15,131.87309053935184,Product_028
2023-05-22,270.63772232978897,Product_028
2023-05-29,132.13933370216841,Product_028
2023-06-05,127.3030891863102,Product_028
2023-06-12,120.17644469619938,Product_028
2023-06-19,123.1521453963568,Product_028
2023-06-26,122.70250897751431,Product_028
2023-07-03,115.67054961184884,Product_028
2023-07-10,116.31735955124864,Product_028
2023-07-17,118.95728324903702,Product_028
2023-07-24,107.94839782059796,Product_028
2023-07-31,5.347381123573448,Product_028
2023-08-07,106.02972774553912,Product_028
2023-08-14,102.71561231395631,Product_028
2023-08-21,98.85642809461854,Product_028
2023-08-28,101.51722805967557,Product_028
2023-09-04,102.2618969793402,Product_028
2023-09-11,98.16300125670651,Product_028
2023-09-18,97.81326094443483,Product_028
2023-09-25,101.6972984602602,Product_028
2023-10-02,90.49344096182188,Product_028
2023-10-09,101.49066506413028,Product_028
2023-10-16,102.64086303870613,Product_028
2023-10-23,103.29181878388945,Product_028
2023-10-30,96.60618604532463,Product_028
2023-11-06,104.66013278361874,Product_028
2023-11-13,103.48517316255406,Product_028
2023-11-20,438.27516375136526,Product_028
2023-11-27,481.22542980586275,Product_028
2023-12-04,116.23125357142779,Product_028
2023-12-11,118.81114669692603,Product_028
2023-12-18,128.8459233978655,Product_028
2023-12-25,127.97050149147864,Product_028
2024-01-01,126.75130826871802,Product_028
2024-01-08,139.91845231162927,Product_028
2024-01-15,137.34260602784772,Product_028
2024-01-22,143.78091707505595,Product_028
2024-01-29,148.95196569105138,Product_028
2024-02-05,145.8307313590642,Product_028
2024-02-12,148.25124308653423,Product_028
2024-02-19,147.94039901957638,Product_028
2024-02-26,154.65152388261725,Product_028
2024-03-04,155.26505915405306,Product_028
2024-03-11,160.40389218458444,Product_028
2024-03-18,153.67899139072333,Product_028
2024-03-25,161.2505123373356,Product_028
2024-04-01,160.79814842301266,Product_028
2024-04-08,156.22370308794652,Product_028
2024-04-15,160.48309087166373,Product_028
2024-04-22,162.0082107235023,Product_028
2024-04-29,158.25271339616785,Product_028
2024-05-06,323.20524793335346,Product_028
2024-05-13,155.4353273139035,Product_028
2024-05-20,148.44953764721345,Product_028
2024-05-27,151.2579489964609,Product_028
2024-06-03,154.1931462091453,Product_028
2024-06-10,144.3909052072398,Product_028
2024-06-17,147.75815831244833,Product_028
2024-06-24,146.8167303066857,Product_028
2024-07-01,145.1535964600715,Product_028
2024-07-08,134.69919404007436,Product_028
2024-07-15,135.17305761551742,Product_028
2024-07-22,127.30245999011568,Product_028
2024-07-29,129.69741300088089,Product_028
2024-08-05,122.73353469814614,Product_028
2024-08-12,128.60559412976738,Product_028
2024-08-19,730.7799901311228,Product_028
2024-08-26,123.26749265455406,Product_028
2024-09-02,122.72702324964838,Product_028
2024-09-09,120.44263333766953,Product_028
2024-09-16,128.51969699045475,Product_028
2024-09-23,116.70626011088522,Product_028
2024-09-30,120.75497979123956,Product_028
2024-10-07,123.92698647913997,Product_028
2024-10-14,121.12994089563462,Product_028
2024-10-21,119.74475762971115,Product_028
2024-10-28,127.43785989762556,Product_028
2024-11-04,124.66845444618939,Product_028
2024-11-11,125.7712437408928,Product_028
2024-11-18,537.7819361809403,Product_028
2024-11-25,552.2997843382293,Product_028
2024-12-02,133.37632076175464,Product_028
2024-12-09,134.85795455046167,Product_028
2024-12-16,145.22832964531534,Product_028
2024-12-23,149.14988427216412,Product_028
2024-12-30,152.23743279481087,Product_028
2023-01-02,75.73387908039264,Product_029
2023-01-09,89.91238465390062,Product_029
2023-01-16,87.16817672844665,Product_029
2023-01-23,85.01687793766894,Product_029
2023-01-30,95.03036090027031,Product_029
2023-02-06,95.26763200016646,Product_029
2023-02-13,97.59500802843716,Product_029
2023-02-20,103.5829769811113,Product_029
2023-02-27,104.26852076459859,Product_029
2023-03-06,108.0807808151715,Product_029
2023-03-13,115.137857778338,Product_029
2023-03-20,117.40928039046985,Product_029
2023-03-27,112.97417041148387,Product_029
2023-04-03,115.53002761084983,Product_029
2023-04-10,114.50617080244166,Product_029
2023-04-17,116.9335506636487,Product_029
2023-04-24,121.11060343530434,Product_029
2023-05-01,116.74787871954645,Product_029
2023-05-08,119.34422828570024,Product_029
2023-05-15,122.43592522262797,Product_029
2023-05-22,214.5332653195562,Product_029
2023-05-29,112.59261352673936,Product_029
2023-06-05,107.26632173710452,Product_029
2023-06-12,105.59060932010162,Product_029
2023-06-19,99.72499376397867,Product_029
2023-06-26,100.35312826382882,Product_029
2023-07-03,97.40235651646702,Product_029
2023-07-10,98.90002729076807,Product_029
2023-07-17,89.25878488912093,Product_029
2023-07-24,84.20890542804405,Product_029
2023-07-31,4.431574114892541,Product_029
2023-08-07,85.03383676393238,Product_029
2023-08-14,87.84087637032036,Product_029
2023-08-21,87.92613330824457,Product_029
2023-08-28,94.19998804834795,Product_029
2023-09-04,83.12043901473406,Product_029
2023-09-11,79.44569993733974,Product_029
2023-09-18,76.46651552804178,Product_029
2023-09-25,78.39952959724202,Product_029
2023-10-02,88.07693057950068,Product_029
2023-10-09,83.17527019929774,Product_029
2023-10-16,88.6455020900525,Product_029
2023-10-23,87.62863965052868,Product_029
2023-10-30,85.55300247591157,Product_029
2023-11-06,95.55688322542152,Product_029
2023-11-13,97.78533564033707,Product_029
2023-11-20,396.92490742414793,Product_029
2023-11-27,389.7814747169236,Product_029
2023-12-04,94.84359803487035,Product_029
2023-12-11,99.73298641984867,Product_029
2023-12-18,108.4432603393959,Product_029
2023-12-25,113.37881018744717,Product_029
2024-01-01,115.60796192892228,Product_029
2024-01-08,125.51830801439671,Product_029
2024-01-15,120.14770275850158,Product_029
2024-01-22,129.320751892694,Product_029
2024-01-29,133.22071509515584,Product_029
2024-02-05,138.21846128818052,Product_029
2024-02-12,146.45731786159058,Product_029
2024-02-19,139.23401245604637,Product_029
2024-02-26,137.82357387992946,Product_029
2024-03-04,150.64222001183387,Product_029
2024-03-11,147.7909642378262,Product_029
2024-03-18,144.11742378534532,Product_029
2024-03-25,148.9563297700657,Product_029
2024-04-01,149.86744518154663,Product_029
2024-04-08,150.67597998294463,Product_029
2024-04-15,147.0309701656081,Product_029
2024-04-22,153.6587017213327,Product_029
2024-04-29,145.93813962755485,Product_029
2024-05-06,316.48805829916205,Product_029
2024-05-13,146.17379235085295,Product_029
2024-05-20,141.57467674737413,Product_029
2024-05-27,143.88215848402388,Product_029
2024-06-03,141.9803736430848,Product_029
2024-06-10,139.60275339690773,Product_029
2024-06-17,134.15878660715165,Product_029
2024-06-24,135.3486787262693,Product_029
2024-07-01,130.99802460992092,Product_029
2024-07-08,133.12379468876668,Product_029
2024-07-15,128.43723456908856,Product_029
2024-07-22,119.01180548041285,Product_029
2024-07-29,117.14841536694061,Product_029
2024-08-05,119.26297990327244,Product_029
2024-08-12,115.14874608141065,Product_029
2024-08-19,716.7497348374202,Product_029
2024-08-26,117.72983725116414,Product_029
2024-09-02,115.49159060050115,Product_029
2024-09-09,118.53904237191145,Product_029
2024-09-16,114.93245575222058,Product_029
2024-09-23,118.79714408266983,Product_029
2024-09-30,120.41401189337542,Product_029
2024-10-07,118.33034351083691,Product_029
2024-10-14,119.59950707474749,Product_029
2024-10-21,121.16444777627562,Product_029
2024-10-28,117.95984612301444,Product_029
2024-11-04,118.90014131314864,Product_029
2024-11-11,127.65399805504514,Product_029
2024-11-18,537.1389743842733,Product_029
2024-11-25,533.7474406104194,Product_029
2024-12-02,137.05769412582796,Product_029
2024-12-09,132.22374606975885,Product_029
2024-12-16,143.68703340290494,Product_029
2024-12-23,152.08870636084097,Product_029
2024-12-30,152.81793194139868,Product_029
2023-01-02,92.93043562267046,Product_030
2023-01-09,97.54038123164453,Product_030
2023-01-16,102.09601298275985,Product_030
2023-01-23,109.7404078059272,Product_030
2023-01-30,103.89854385468556,Product_030
2023-02-06,106.97156614392584,Product_030
2023-02-13,114.32960256590175,Product_030
2023-02-20,116.4310922942967,Product_030
2023-02-27,116.68879053189295,Product_030
2023-03-06,122.9973569205612,Product_030
2023-03-13,119.48338573194472,Product_030
2023-03-20,118.21021508280134,Product_030
2023-03-27,125.36079590518072,Product_030
2023-04-03,131.08117594939395,Product_030
2023-04-10,121.95756779703898,Product_030
2023-04-17,129.11679146283754,Product_030
2023-04-24,124.71289288800891,Product_030
2023-05-01,118.16704279911416,Product_030
2023-05-08,126.31914235304544,Product_030
2023-05-15,118.08807282037273,Product_030
2023-05-22,241.85949399561932,Product_030
2023-05-29,118.40906020120674,Product_030
2023-06-05,115.67731587744396,Product_030
2023-06-12,117.09419439753123,Product_030
2023-06-19,109.50932280196895,Product_030
2023-06-26,110.72231217416352,Product_030
2023-07-03,105.09147067909474,Product_030
2023-07-10,112.39284852840262,Product_030
2023-07-17,102.12292654246032,Product_030
2023-07-24,99.04434880965941,Product_030
2023-07-31,4.598010206283846,Product_030
2023-08-07,92.95410517049756,Product_030
2023-08-14,94.87245181028145,Product_030
2023-08-21,95.36424402819993,Product_030
2023-08-28,87.16563631678646,Product_030
2023-09-04,89.18779607284922,Product_030
2023-09-11,89.03358042705048,Product_030
2023-09-18,87.45394208235813,Product_030
2023-09-25,88.21932554404732,Product_030
2023-10-02,94.49767695082568,Product_030
2023-10-09,82.5009735088286,Product_030
2023-10-16,91.81814275406414,Product_030
2023-10-23,95.87820831796452,Product_030
2023-10-30,98.90826029097454,Product_030
2023-11-06,92.41603493282041,Product_030
2023-11-13,96.8883907171398,Product_030
2023-11-20,395.91940192239394,Product_030
2023-11-27,430.1709074204037,Product_030
2023-12-04,101.58714349143582,Product_030
2023-12-11,107.594001503842,Product_030
2023-12-18,107.27930507858204,Product_030
2023-12-25,116.59735452802974,Product_030
2024-01-01,126.09254075653405,Product_030
2024-01-08,129.65874383456278,Product_030
2024-01-15,127.68346566513273,Product_030
2024-01-22,138.72460769655572,Product_030
2024-01-29,135.1768528290798,Product_030
2024-02-05,149.3804842502152,Product_030
2024-02-12,132.90254730347803,Product_030
2024-02-19,133.80883793148155,Product_030
2024-02-26,139.9896131576429,Product_030
2024-03-04,149.0791945369963,Product_030
2024-03-11,158.16900979522163,Product_030
2024-03-18,155.13565427568,Product_030
2024-03-25,156.1821856396559,Product_030
2024-04-01,151.2949195380583,Product_030
2024-04-08,157.37539312435294,Product_030
2024-04-15,153.37494538009923,Product_030
2024-04-22,153.57610016872255,Product_030
2024-04-29,153.88468804399798,Product_030
2024-05-06,326.7258945781237,Product_030
2024-05-13,148.9167137263209,Product_030
2024-05-20,152.23141229455692,Product_030
2024-05-27,145.85422077550098,Product_030
2024-06-03,142.76854426084537,Product_030
2024-06-10,141.69843758933357,Product_030
2024-06-17,137.61910240540954,Product_030
2024-06-24,132.81837806249595,Product_030
2024-07-01,145.66262756488672,Product_030
2024-07-08,129.04776506645294,Product_030
2024-07-15,124.19377481564918,Product_030
2024-07-22,121.62830181246404,Product_030
2024-07-29,122.35935403970349,Product_030
2024-08-05,127.27771558094705,Product_030
2024-08-12,126.82229127670927,Product_030
2024-08-19,719.1102873714258,Product_030
2024-08-26,110.56794274165662,Product_030
2024-09-02,111.15283840715406,Product_030
2024-09-09,119.6847150470836,Product_030
2024-09-16,117.2085518298912,Product_030
2024-09-23,113.57591876848767,Product_030
2024-09-30,118.19315182459312,Product_030
2024-10-07,115.03634650776743,Product_030
2024-10-14,122.08572765392297,Product_030
2024-10-21,129.9361796008762,Product_030
2024-10-28,117.36309704785118,Product_030
2024-11-04,124.35953706757135,Product_030
2024-11-11,129.50870476146997,Product_030
2024-11-18,526.0347097100382,Product_030
2024-11-25,511.61839651639474,Product_030
2024-12-02,135.76610776448894,Product_030
2024-12-09,134.7406622866265,Product_030
2024-12-16,148.69522778308226,Product_030
2024-12-23,153.1887286635325,Product_030
2024-12-30,147.81820337582465,Product_030
2023-01-02,120.06473131752499,Product_031
2023-01-09,129.02140547196768,Product_031
2023-01-16,136.7596881314965,Product_031
2023-01-23,119.77692889212442,Product_031
2023-01-30,124.9367561126603,Product_031
2023-02-06,136.99304295767612,Product_031
2023-02-13,142.71504150092989,Product_031
2023-02-20,132.8911695901085,Product_031
2023-02-27,140.3435738792168,Product_031
2023-03-06,153.05021629309059,Product_031
2023-03-13,149.75596179947334,Product_031
2023-03-20,145.51817885107693,Product_031
2023-03-27,147.2947306708301,Product_031
2023-04-03,146.72429264078096,Product_031
2023-04-10,149.17834842270267,Product_031
2023-04-17,144.23372766292601,Product_031
2023-04-24,148.6744278702724,Product_031
2023-05-01,146.6603661109394,Product_031
2023-05-08,143.18948594666884,Product_031
2023-05-15,148.1880411432661,Product_031
2023-05-22,286.09296091994236,Product_031
2023-05-29,143.43909079008174,Product_031
2023-06-05,134.93391983855895,Product_031
2023-06-12,129.32260988268342,Product_031
2023-06-19,138.39373640840503,Product_031
2023-06-26,118.89698780139727,Product_031
2023-07-03,129.86085675198612,Product_031
2023-07-10,122.00521253080545,Product_031
2023-07-17,118.59096613370613,Product_031
2023-07-24,115.046776359615,Product_031
2023-07-31,5.928575801187059,Product_031
2023-08-07,116.47648834233537,Product_031
2023-08-14,108.82757535753582,Product_031
2023-08-21,111.67200315591653,Product_031
2023-08-28,111.30806708340106,Product_031
2023-09-04,108.88017523469037,Product_031
2023-09-11,112.30387899133683,Product_031
2023-09-18,105.58916827535991,Product_031
2023-09-25,101.75865656345496,Product_031
2023-10-02,108.72216310437256,Product_031
2023-10-09,104.73336027927452,Product_031
2023-10-16,113.19155679670132,Product_031
2023-10-23,106.20896951480756,Product_031
2023-10-30,106.09276792736134,Product_031
2023-11-06,115.506604064391,Product_031
2023-11-13,115.18381281953494,Product_031
2023-11-20,474.6716409137757,Product_031
2023-11-27,498.5171884804014,Product_031
2023-12-04,121.66568939667484,Product_031
2023-12-11,125.75319706584379,Product_031
2023-12-18,127.67635217705092,Product_031
2023-12-25,132.85014801316578,Product_031
2024-01-01,131.08110652188296,Product_031
2024-01-08,135.0194692809513,Product_031
2024-01-15,146.49854247120481,Product_031
2024-01-22,140.33288560213214,Product_031
2024-01-29,146.2281306393107,Product_031
2024-02-05,149.95125910476932,Product_031
2024-02-12,158.18217704366762,Product_031
2024-02-19,149.3433915894152,Product_031
2024-02-26,157.65825837328413,Product_031
2024-03-04,163.17556669780188,Product_031
2024-03-11,168.78384400025064,Product_031
2024-03-18,162.66219048438472,Product_031
2024-03-25,164.21576271517517,Product_031
2024-04-01,167.1300759475957,Product_031
2024-04-08,163.87698791712643,Product_031
2024-04-15,162.6008670830874,Product_031
2024-04-22,171.69326672634747,Product_031
2024-04-29,162.8008971350068,Product_031
2024-05-06,345.9004872771182,Product_031
2024-05-13,156.29597390578428,Product_031
2024-05-20,151.18979706211,Product_031
2024-05-27,153.28191254686973,Product_031
2024-06-03,157.59110380117627,Product_031
2024-06-10,149.54656787672806,Product_031
2024-06-17,150.2313933735395,Product_031
2024-06-24,146.85695477593407,Product_031
2024-07-01,146.46080890357223,Product_031
2024-07-08,142.7653349330955,Product_031
2024-07-15,137.33657213526158,Product_031
2024-07-22,131.87819266429048,Product_031
2024-07-29,141.24370193657217,Product_031
2024-08-05,126.29235131705141,Product_031
2024-08-12,124.60392718615776,Product_031
2024-08-19,728.9681061475911,Product_031
2024-08-26,123.7561818175978,Product_031
2024-09-02,119.3586055364517,Product_031
2024-09-09,118.68915058298592,Product_031
2024-09-16,123.66508802895558,Product_031
2024-09-23,124.45487819189535,Product_031
2024-09-30,124.42489710518771,Product_031
2024-10-07,128.12717830257165,Product_031
2024-10-14,123.95453408738835,Product_031
2024-10-21,116.55940798818513,Product_031
2024-10-28,127.66348094833037,Product_031
2024-11-04,124.51813135855838,Product_031
2024-11-11,133.48201793593984,Product_031
2024-11-18,549.0961379839171,Product_031
2024-11-25,530.003421753518,Product_031
2024-12-02,134.34292615319725,Product_031
2024-12-09,137.60486665306283,Product_031
2024-12-16,146.77780217273232,Product_031
2024-12-23,142.52447901042584,Product_031
2024-12-30,147.30171801346407,Product_031
2023-01-02,93.39561235995365,Product_032
2023-01-09,100.42408541725916,Product_032
2023-01-16,107.87904310546675,Product_032
2023-01-23,103.33746002128365,Product_032
2023-01-30,110.40754062987884,Product_032
2023-02-06,115.88715458780958,Product_032
2023-02-13,124.13403850794634,Product_032
2023-02-20,122.39990104152434,Product_032
2023-02-27,124.40966875709078,Product_032
2023-03-06,131.55868989688028,Product_032
2023-03-13,124.63798568058125,Product_032
2023-03-20,124.51748648371841,Product_032
2023-03-27,129.23433146777873,Product_032
2023-04-03,128.34681197449618,Product_032
2023-04-10,129.46777021305581,Product_032
2023-04-17,127.12608393306616,Product_032
2023-04-24,124.91199768139211,Product_032
2023-05-01,128.72184719197276,Product_032
2023-05-08,122.57097504861235,Product_032
2023-05-15,122.86911965954582,Product_032
2023-05-22,253.666645649594,Product_032
2023-05-29,124.18902364687888,Product_032
2023-06-05,117.74680846753135,Product_032
2023-06-12,118.09598603117504,Product_032
2023-06-19,110.83156138772014,Product_032
2023-06-26,113.1923707532007,Product_032
2023-07-03,113.07386579597451,Product_032
2023-07-10,107.9019409881016,Product_032
2023-07-17,111.10462082147399,Product_032
2023-07-24,100.7971304004061,Product_032
2023-07-31,4.975193690760087,Product_032
2023-08-07,101.8453173889431,Product_032
2023-08-14,96.0405986066776,Product_032
2023-08-21,96.32697145024261,Product_032
2023-08-28,96.6831262124477,Product_032
2023-09-04,92.24972752614566,Product_032
2023-09-11,86.1487312447891,Product_032
2023-09-18,86.2441573369429,Product_032
2023-09-25,96.45258818427467,Product_032
2023-10-02,95.34846243775154,Product_032
2023-10-09,92.80213700741287,Product_032
2023-10-16,89.17366538475774,Product_032
2023-10-23,88.29088931312921,Product_032
2023-10-30,91.42250929350911,Product_032
2023-11-06,93.37903020050716,Product_032
2023-11-13,98.17365910784491,Product_032
2023-11-20,432.58648039815927,Product_032
2023-11-27,430.42391344708,Product_032
2023-12-04,112.51244060454202,Product_032
2023-12-11,112.55513884816838,Product_032
2023-12-18,116.75787763076416,Product_032
2023-12-25,120.65197032503396,Product_032
2024-01-01,128.83617658214766,Product_032
2024-01-08,126.22019452065732,Product_032
2024-01-15,130.2882291580441,Product_032
2024-01-22,128.65626400406256,Product_032
2024-01-29,136.75537305406846,Product_032
2024-02-05,143.86245009314405,Product_032
2024-02-12,144.16940330503965,Product_032
2024-02-19,146.02485744205524,Product_032
2024-02-26,153.777652973873,Product_032
2024-03-04,145.03153903369397,Product_032
2024-03-11,146.20351118202032,Product_032
2024-03-18,148.13045076068485,Product_032
2024-03-25,161.54936341310605,Product_032
2024-04-01,154.9087370048374,Product_032
2024-04-08,158.9705609224687,Product_032
2024-04-15,155.1656553942981,Product_032
2024-04-22,160.00124371541048,Product_032
2024-04-29,149.83687857102476,Product_032
2024-05-06,329.020697034367,Product_032
2024-05-13,155.5435328093776,Product_032
2024-05-20,158.28521527378533,Product_032
2024-05-27,153.22702801282617,Product_032
2024-06-03,147.49096442156872,Product_032
2024-06-10,147.32225813292933,Product_032
2024-06-17,145.9698143032861,Product_032
2024-06-24,138.82215712085554,Product_032
2024-07-01,138.4575635937115,Product_032
2024-07-08,130.07214874481068,Product_032
2024-07-15,126.68702186465687,Product_032
2024-07-22,126.87958291597494,Product_032
2024-07-29,133.98655852417295,Product_032
2024-08-05,123.3733179932622,Product_032
2024-08-12,120.37455535712323,Product_032
2024-08-19,717.9982984871529,Product_032
2024-08-26,119.96676543761872,Product_032
2024-09-02,116.88087927052823,Product_032
2024-09-09,119.69257851664011,Product_032
2024-09-16,117.34215583985127,Product_032
2024-09-23,120.06484166854504,Product_032
2024-09-30,122.91386916050116,Product_032
2024-10-07,123.65498111467262,Product_032
2024-10-14,113.29932706373909,Product_032
2024-10-21,115.61391972045361,Product_032
2024-10-28,124.44213203866262,Product_032
2024-11-04,125.00870282662807,Product_032
2024-11-11,128.08630286803296,Product_032
2024-11-18,511.8412603101697,Product_032
2024-11-25,533.7080145262893,Product_032
2024-12-02,135.48678883581346,Product_032
2024-12-09,144.86862613611947,Product_032
2024-12-16,152.29132172462525,Product_032
2024-12-23,140.2404166469861,Product_032
2024-12-30,150.67791259327876,Product_032
2023-01-02,99.80542313566355,Product_033
2023-01-09,110.28175382711106,Product_033
2023-01-16,106.92409045127238,Product_033
2023-01-23,111.94374509055837,Product_033
2023-01-30,116.7731931991513,Product_033
2023-02-06,111.55698705268168,Product_033
2023-02-13,122.0083753890007,Product_033
2023-02-20,122.97254778112321,Product_033
2023-02-27,124.14997504052634,Product_033
2023-03-06,120.47214832753684,Product_033
2023-03-13,133.28288411656624,Product_033
2023-03-20,129.00221369765222,Product_033
2023-03-27,124.18223900934042,Product_033
2023-04-03,132.7006236463087,Product_033
2023-04-10,133.58463911448737,Product_033
2023-04-17,129.79378646171702,Product_033
2023-04-24,128.8137708131852,Product_033
2023-05-01,129.00409720068927,Product_033
2023-05-08,129.77196695128657,Product_033
2023-05-15,134.97440328068274,Product_033
2023-05-22,236.0444819655479,Product_033
2023-05-29,131.0300581835243,Product_033
2023-06-05,127.19646219715708,Product_033
2023-06-12,121.4677383334575,Product_033
2023-06-19,112.95125361069589,Product_033
2023-06-26,112.19236937806401,Product_033
2023-07-03,109.18774458807377,Product_033
2023-07-10,107.75628889276315,Product_033
2023-07-17,112.29001630826818,Product_033
2023-07-24,109.28102360751278,Product_033
2023-07-31,5.151983656390192,Product_033
2023-08-07,99.34145153681476,Product_033
2023-08-14,95.93763844260997,Product_033
2023-08-21,93.59680654752395,Product_033
2023-08-28,95.87310481963762,Product_033
2023-09-04,99.30313814299765,Product_033
2023-09-11,94.90494481238022,Product_033
2023-09-18,91.76560784469463,Product_033
2023-09-25,95.67541159921048,Product_033
2023-10-02,97.3088243025195,Product_033
2023-10-09,92.3022358011288,Product_033
2023-10-16,95.01551052015607,Product_033
2023-10-23,96.75812192339801,Product_033
2023-10-30,100.13836870176749,Product_033
2023-11-06,97.35047924828918,Product_033
2023-11-13,100.86094318483757,Product_033
2023-11-20,403.66314494495373,Product_033
2023-11-27,405.9487185526085,Product_033
2023-12-04,111.28121487737688,Product_033
2023-12-11,114.02290263907032,Product_033
2023-12-18,127.62805571085127,Product_033
2023-12-25,120.76067368645458,Product_033
2024-01-01,124.23346553904274,Product_033
2024-01-08,133.1167708209413,Product_033
2024-01-15,130.47706341513984,Product_033
2024-01-22,137.1202963542833,Product_033
2024-01-29,141.31619026019166,Product_033
2024-02-05,142.6546792205228,Product_033
2024-02-12,140.74841892205274,Product_033
2024-02-19,149.70372835290024,Product_033
2024-02-26,143.01320744750208,Product_033
2024-03-04,154.80334995788715,Product_033
2024-03-11,158.87126348490196,Product_033
2024-03-18,150.04747214168003,Product_033
2024-03-25,157.45820383597365,Product_033
2024-04-01,149.5154732731279,Product_033
2024-04-08,155.8213928366902,Product_033
2024-04-15,157.38638006345943,Product_033
2024-04-22,161.2057762677028,Product_033
2024-04-29,156.68544408819545,Product_033
2024-05-06,310.6366890849355,Product_033
2024-05-13,153.79453950055836,Product_033
2024-05-20,154.15319304980102,Product_033
2024-05-27,141.7567681191318,Product_033
2024-06-03,145.4430894868448,Product_033
2024-06-10,143.45658663091925,Product_033
2024-06-17,139.23032841681535,Product_033
2024-06-24,140.3632536479583,Product_033
2024-07-01,138.3198256575855,Product_033
2024-07-08,135.62526979961436,Product_033
2024-07-15,132.82355351569117,Product_033
2024-07-22,128.28463346223867,Product_033
2024-07-29,129.7274090540949,Product_033
2024-08-05,134.97909526227517,Product_033
2024-08-12,124.83349919828966,Product_033
2024-08-19,722.1938981055578,Product_033
2024-08-26,127.7885912127845,Product_033
2024-09-02,114.43346272332654,Product_033
2024-09-09,117.87068336086868,Product_033
2024-09-16,121.31514838516723,Product_033
2024-09-23,116.5752806101542,Product_033
2024-09-30,123.92343128822696,Product_033
2024-10-07,118.88535544920944,Product_033
2024-10-14,115.27933801374493,Product_033
2024-10-21,119.67312793594033,Product_033
2024-10-28,117.81878696026591,Product_033
2024-11-04,125.97733417781079,Product_033
2024-11-11,127.09426187297878,Product_033
2024-11-18,540.5528017027141,Product_033
2024-11-25,548.2638846926355,Product_033
2024-12-02,139.29966442426516,Product_033
2024-12-09,136.460350143179,Product_033
2024-12-16,146.62323691210347,Product_033
2024-12-23,151.65852785282385,Product_033
2024-12-30,152.00396305834283,Product_033
2023-01-02,92.77575531181445,Product_034
2023-01-09,98.81342271378563,Product_034
2023-01-16,104.1922776353827,Product_034
2023-01-23,109.02666756115255,Product_034
2023-01-30,114.91143884606743,Product_034
2023-02-06,112.86876234814773,Product_034
2023-02-13,121.97682058063076,Product_034
2023-02-20,119.84581401684666,Product_034
2023-02-27,125.5899550599475,Product_034
2023-03-06,127.53487771996286,Product_034
2023-03-13,122.97022911619074,Product_034
2023-03-20,125.75656938227456,Product_034
2023-03-27,130.09269412180402,Product_034
2023-04-03,127.13378006718385,Product_034
2023-04-10,119.93173643441303,Product_034
2023-04-17,129.39805912999813,Product_034
2023-04-24,130.21015007225188,Product_034
2023-05-01,126.04127690922294,Product_034
2023-05-08,132.58512492943834,Product_034
2023-05-15,120.06349989356026,Product_034
2023-05-22,239.42082583814195,Product_034
2023-05-29,128.3182131348372,Product_034
2023-06-05,118.79739767835525,Product_034
2023-06-12,115.35603183663568,Product_034
2023-06-19,117.82330320416047,Product_034
2023-06-26,114.33597532412037,Product_034
2023-07-03,110.27543117304239,Product_034
2023-07-10,114.40298141481753,Product_034
2023-07-17,111.96475512992812,Product_034
2023-07-24,101.97340012633562,Product_034
2023-07-31,5.264494106914575,Product_034
2023-08-07,104.34476685396278,Product_034
2023-08-14,94.92520822903485,Product_034
2023-08-21,99.05074072172879,Product_034
2023-08-28,97.8442919436654,Product_034
2023-09-04,93.79717278108642,Product_034
2023-09-11,92.24371721668508,Product_034
2023-09-18,92.66388336173806,Product_034
2023-09-25,90.15819062476093,Product_034
2023-10-02,88.26869518042312,Product_034
2023-10-09,89.03363712479609,Product_034
2023-10-16,89.36740997269433,Product_034
2023-10-23,94.98049286150814,Product_034
2023-10-30,93.61593700848046,Product_034
2023-11-06,106.92263935627037,Product_034
2023-11-13,102.76938987271976,Product_034
2023-11-20,419.14927349629954,Product_034
2023-11-27,401.50838994678764,Product_034
2023-12-04,105.50653176734161,Product_034
2023-12-11,115.97058812077938,Product_034
2023-12-18,118.07400487497864,Product_034
2023-12-25,118.84246321157471,Product_034
2024-01-01,126.65673632121337,Product_034
2024-01-08,129.98332285465125,Product_034
2024-01-15,132.2435624248993,Product_034
2024-01-22,141.85691428291332,Product_034
2024-01-29,133.78013216352073,Product_034
2024-02-05,140.85438543466972,Product_034
2024-02-12,140.0889815618824,Product_034
2024-02-19,147.30590392705565,Product_034
2024-02-26,148.09063413022406,Product_034
2024-03-04,151.65177836974652,Product_034
2024-03-11,148.1572887776801,Product_034
2024-03-18,149.6197041305868,Product_034
2024-03-25,156.25508463217318,Product_034
2024-04-01,156.7656322986704,Product_034
2024-04-08,159.33210480719086,Product_034
2024-04-15,149.64474869310575,Product_034
2024-04-22,153.06591114049684,Product_034
2024-04-29,148.5097689397442,Product_034
2024-05-06,325.0204759307766,Product_034
2024-05-13,160.5263338899558,Product_034
2024-05-20,146.91070603190772,Product_034
2024-05-27,143.95059077624396,Product_034
2024-06-03,142.81697177562612,Product_034
2024-06-10,136.01394928761476,Product_034
2024-06-17,145.4417024821441,Product_034
2024-06-24,137.222485526457,Product_034
2024-07-01,141.4722201873315,Product_034
2024-07-08,134.85335244590243,Product_034
2024-07-15,128.94707947940867,Product_034
2024-07-22,133.53524470086873,Product_034
2024-07-29,122.96613345730525,Product_034
2024-08-05,124.01775274156526,Product_034
2024-08-12,120.92166696497195,Product_034
2024-08-19,712.6876345923307,Product_034
2024-08-26,119.98770293553099,Product_034
2024-09-02,118.49295245915027,Product_034
2024-09-09,118.03294294416168,Product_034
2024-09-16,117.10590199147052,Product_034
2024-09-23,116.49170060545454,Product_034
2024-09-30,126.96377410924735,Product_034
2024-10-07,122.96076735101504,Product_034
2024-10-14,126.52160597032774,Product_034
2024-10-21,128.10405163592543,Product_034
2024-10-28,126.58499216521142,Product_034
2024-11-04,134.2084749526407,Product_034
2024-11-11,131.77050528663992,Product_034
2024-11-18,514.2181182817006,Product_034
2024-11-25,545.5399274791305,Product_034
2024-12-02,137.3861065355897,Product_034
2024-12-09,140.81371647333373,Product_034
2024-12-16,144.32148071607745,Product_034
2024-12-23,149.33140718753654,Product_034
2024-12-30,153.86308404141522,Product_034
2023-01-02,78.4933671867602,Product_035
2023-01-09,93.3616704602745,Product_035
2023-01-16,94.81552859319508,Product_035
2023-01-23,91.60560831016515,Product_035
2023-01-30,105.3572128573198,Product_035
2023-02-06,112.08762172199938,Product_035
2023-02-13,99.5128177097848,Product_035
2023-02-20,103.13493045455135,Product_035
2023-02-27,112.02991311188237,Product_035
2023-03-06,107.82999913443848,Product_035
2023-03-13,110.54535857750037,Product_035
2023-03-20,117.01377398695196,Product_035
2023-03-27,120.89471356487435,Product_035
2023-04-03,113.57803456348377,Product_035
2023-04-10,126.58257642292442,Product_035
2023-04-17,118.402196682487,Product_035
2023-04-24,115.61945274047069,Product_035
2023-05-01,116.77030817572421,Product_035
2023-05-08,115.57405130140522,Product_035
2023-05-15,125.73335869769974,Product_035
2023-05-22,224.85618498088155,Product_035
2023-05-29,120.51100889383692,Product_035
2023-06-05,104.81485009828522,Product_035
2023-06-12,100.60022192226592,Product_035
2023-06-19,105.73200729880519,Product_035
2023-06-26,98.47858555321316,Product_035
2023-07-03,103.74545829608472,Product_035
2023-07-10,98.3457671818711,Product_035
2023-07-17,86.66868725906384,Product_035
2023-07-24,98.14699877974498,Product_035
2023-07-31,4.559067074124225,Product_035
2023-08-07,91.07264958663369,Product_035
2023-08-14,86.95570817488597,Product_035
2023-08-21,81.48010407386546,Product_035
2023-08-28,88.01904202930965,Product_035
2023-09-04,86.26885051851426,Product_035
2023-09-11,83.06968179489488,Product_035
2023-09-18,80.5751703793309,Product_035
2023-09-25,82.29785344237999,Product_035
2023-10-02,80.3873686177663,Product_035
2023-10-09,88.77300823005078,Product_035
2023-10-16,89.72810856359581,Product_035
2023-10-23,87.39139382947747,Product_035
2023-10-30,88.2277982943519,Product_035
2023-11-06,93.60037007388388,Product_035
2023-11-13,93.4132143446047,Product_035
2023-11-20,402.1400156417065,Product_035
2023-11-27,381.71721165765155,Product_035
2023-12-04,104.32850518233217,Product_035
2023-12-11,104.80834391731457,Product_035
2023-12-18,110.07624247164806,Product_035
2023-12-25,111.50804868112188,Product_035
2024-01-01,116.49986382801981,Product_035
2024-01-08,122.61712815472308,Product_035
2024-01-15,126.87095276697077,Product_035
2024-01-22,130.83254693474825,Product_035
2024-01-29,135.45971527372126,Product_035
2024-02-05,128.78608807587838,Product_035
2024-02-12,135.98322753468403,Product_035
2024-02-19,143.3730975697728,Product_035
2024-02-26,136.54826043537915,Product_035
2024-03-04,150.0276289231145,Product_035
2024-03-11,145.78710643106552,Product_035
2024-03-18,146.6460145079989,Product_035
2024-03-25,151.58634505650366,Product_035
2024-04-01,146.45437472772002,Product_035
2024-04-08,153.4096299227549,Product_035
2024-04-15,154.81212841668037,Product_035
2024-04-22,150.73682655647826,Product_035
2024-04-29,154.11234466978786,Product_035
2024-05-06,315.34245586860044,Product_035
2024-05-13,148.41490132621362,Product_035
2024-05-20,146.23856655534468,Product_035
2024-05-27,135.53109978277857,Product_035
2024-06-03,149.44699103874777,Product_035
2024-06-10,139.52617859784232,Product_035
2024-06-17,133.04515041643472,Product_035
2024-06-24,141.5602986167612,Product_035
2024-07-01,141.82758403343894,Product_035
2024-07-08,129.0619317309528,Product_035
2024-07-15,127.7907646243584,Product_035
2024-07-22,125.82384112809213,Product_035
2024-07-29,124.39970894968042,Product_035
2024-08-05,125.98967125604524,Product_035
2024-08-12,128.90441699157282,Product_035
2024-08-19,722.3891070242543,Product_035
2024-08-26,122.0111556140577,Product_035
2024-09-02,115.60266610822816,Product_035
2024-09-09,125.29959598420643,Product_035
2024-09-16,119.93593272054727,Product_035
2024-09-23,122.61123691226244,Product_035
2024-09-30,117.59588975314446,Product_035
2024-10-07,115.29374906337799,Product_035
2024-10-14,116.6479946383807,Product_035
2024-10-21,126.87106611661034,Product_035
2024-10-28,120.6817629639298,Product_035
2024-11-04,126.98010398746302,Product_035
2024-11-11,124.31112900936927,Product_035
2024-11-18,512.0125298059485,Product_035
2024-11-25,539.4610489263183,Product_035
2024-12-02,130.33986398083204,Product_035
2024-12-09,140.04293124908187,Product_035
2024-12-16,147.59129996201193,Product_035
2024-12-23,143.52172973017218,Product_035
2024-12-30,146.06691718689174,Product_035
2023-01-02,92.91155367676133,Product_036
2023-01-09,98.7559928737137,Product_036
2023-01-16,101.14572849646855,Product_036
2023-01-23,103.86648530917903,Product_036
2023-01-30,107.9274152101178,Product_036
2023-02-06,109.58802528276327,Product_036
2023-02-13,114.64109435205941,Product_036
2023-02-20,120.30736375109439,Product_036
2023-02-27,115.70642927304996,Product_036
2023-03-06,125.4072799544645,Product_036
2023-03-13,119.87626672298798,Product_036
2023-03-20,125.77027751332929,Product_036
2023-03-27,126.40118612547883,Product_036
2023-04-03,128.90749851656622,Product_036
2023-04-10,133.74748884404784,Product_036
2023-04-17,128.27321767291986,Product_036
2023-04-24,121.97375695090795,Product_036
2023-05-01,120.2217206677368,Product_036
2023-05-08,126.7789790026923,Product_036
2023-05-15,126.05197355948451,Product_036
2023-05-22,239.92432706983487,Product_036
2023-05-29,117.81521980955351,Product_036
2023-06-05,117.54217396360525,Product_036
2023-06-12,117.53300765551678,Product_036
2023-06-19,119.3479880252301,Product_036
2023-06-26,108.46958819789859,Product_036
2023-07-03,111.25378970424944,Product_036
2023-07-10,106.30774028011191,Product_036
2023-07-17,108.99175114239218,Product_036
2023-07-24,105.30994413650787,Product_036
2023-07-31,5.165206901588235,Product_036
2023-08-07,100.40191326947617,Product_036
2023-08-14,89.70826447323688,Product_036
2023-08-21,93.54368885353168,Product_036
2023-08-28,102.1739269630949,Product_036
2023-09-04,96.08294037193511,Product_036
2023-09-11,90.68950034286331,Product_036
2023-09-18,88.57513403134105,Product_036
2023-09-25,85.55201394243772,Product_036
2023-10-02,89.88015951915406,Product_036
2023-10-09,97.71227476686423,Product_036
2023-10-16,93.7155098121607,Product_036
2023-10-23,94.23177499290841,Product_036
2023-10-30,98.18889562820465,Product_036
2023-11-06,97.46292322588295,Product_036
2023-11-13,99.70140714443438,Product_036
2023-11-20,417.01109480988373,Product_036
2023-11-27,405.7100079651202,Product_036
2023-12-04,109.63869281163367,Product_036
2023-12-11,107.5053148111704,Product_036
2023-12-18,111.60465230202823,Product_036
2023-12-25,117.7596542184315,Product_036
2024-01-01,121.35098158466559,Product_036
2024-01-08,127.29211544939162,Product_036
2024-01-15,129.73346090125895,Product_036
2024-01-22,138.48365114386954,Product_036
2024-01-29,130.09614727954678,Product_036
2024-02-05,136.47722377920903,Product_036
2024-02-12,149.64545840205207,Product_036
2024-02-19,145.688274882749,Product_036
2024-02-26,155.17224024298332,Product_036
2024-03-04,143.4400691303561,Product_036
2024-03-11,152.15945182140524,Product_036
2024-03-18,150.4473404843524,Product_036
2024-03-25,153.64849573675468,Product_036
2024-04-01,155.78400561467714,Product_036
2024-04-08,152.5810101519553,Product_036
2024-04-15,153.8392501719006,Product_036
2024-04-22,156.91450711538695,Product_036
2024-04-29,148.36931919915858,Product_036
2024-05-06,319.10480981234406,Product_036
2024-05-13,152.10488713961658,Product_036
2024-05-20,144.46684290131972,Product_036
2024-05-27,146.66235814039976,Product_036
2024-06-03,138.5207678324397,Product_036
2024-06-10,153.81494084619825,Product_036
2024-06-17,139.36276464395146,Product_036
2024-06-24,138.3775258788311,Product_036
2024-07-01,131.57364371931732,Product_036
2024-07-08,132.8344100436697,Product_036
2024-07-15,127.95963061081945,Product_036
2024-07-22,125.76610524835161,Product_036
2024-07-29,133.44484567352052,Product_036
2024-08-05,125.40370140207621,Product_036
2024-08-12,111.92899849647235,Product_036
2024-08-19,721.3299976382941,Product_036
2024-08-26,122.39671439797662,Product_036
2024-09-02,123.56344104182358,Product_036
2024-09-09,115.34088881955529,Product_036
2024-09-16,119.30421845534647,Product_036
2024-09-23,114.41465153080797,Product_036
2024-09-30,112.74967316318373,Product_036
2024-10-07,115.78932204184869,Product_036
2024-10-14,117.85170338539447,Product_036
2024-10-21,122.56798976455015,Product_036
2024-10-28,126.50813789820877,Product_036
2024-11-04,122.96380795364738,Product_036
2024-11-11,119.70402857694555,Product_036
2024-11-18,511.9610466483303,Product_036
2024-11-25,545.5399593367833,Product_036
2024-12-02,135.55835653074334,Product_036
2024-12-09,136.43843401484128,Product_036
2024-12-16,143.62310144161597,Product_036
2024-12-23,150.37349916925461,Product_036
2024-12-30,148.11393858553592,Product_036
2023-01-02,96.1295223314252,Product_037
2023-01-09,98.03060369502877,Product_037
2023-01-16,103.43924905898153,Product_037
2023-01-23,102.78110869695998,Product_037
2023-01-30,108.13072382307354,Product_037
2023-02-06,110.78567668643207,Product_037
2023-02-13,117.0181383923117,Product_037
2023-02-20,116.73610917269045,Product_037
2023-02-27,111.70960463862023,Product_037
2023-03-06,116.02431739571966,Product_037
2023-03-13,126.1275209627713,Product_037
2023-03-20,124.15069959861385,Product_037
2023-03-27,126.61897879769077,Product_037
2023-04-03,123.5945869120504,Product_037
2023-04-10,126.00363572286302,Product_037
2023-04-17,122.4811847110588,Product_037
2023-04-24,120.42836542410495,Product_037
2023-05-01,124.86765250219482,Product_037
2023-05-08,123.3005858398291,Product_037
2023-05-15,123.45759439220977,Product_037
2023-05-22,229.8517395532351,Product_037
2023-05-29,116.72635556404957,Product_037
2023-06-05,119.50929153311266,Product_037
2023-06-12,107.9980739650521,Product_037
2023-06-19,122.79056395063775,Product_037
2023-06-26,116.95237074816487,Product_037
2023-07-03,108.28665569276512,Product_037
2023-07-10,104.79915907687324,Product_037
2023-07-17,109.14430438007034,Product_037
2023-07-24,97.00774684344533,Product_037
2023-07-31,5.08304950210656,Product_037
2023-08-07,84.337585947596,Product_037
2023-08-14,87.50322833576267,Product_037
2023-08-21,95.34100449379709,Product_037
2023-08-28,89.57925784085963,Product_037
2023-09-04,90.19853596306798,Product_037
2023-09-11,92.87781211639245,Product_037
2023-09-18,88.07955747827073,Product_037
2023-09-25,88.27355536052096,Product_037
2023-10-02,90.60766031421737,Product_037
2023-10-09,89.87873305187266,Product_037
2023-10-16,98.81029736794605,Product_037
2023-10-23,92.27071594564052,Product_037
2023-10-30,94.06673440166345,Product_037
2023-11-06,96.6117797590001,Product_037
2023-11-13,100.8320851543965,Product_037
2023-11-20,413.03734447004143,Product_037
2023-11-27,429.3531828750198,Product_037
2023-12-04,105.88102611516742,Product_037
2023-12-11,116.66222261133439,Product_037
2023-12-18,117.32416451916941,Product_037
2023-12-25,113.57607966083664,Product_037
2024-01-01,122.96727377825702,Product_037
2024-01-08,120.67211121088044,Product_037
2024-01-15,135.62102426228603,Product_037
2024-01-22,136.26667429355504,Product_037
2024-01-29,142.94847926497113,Product_037
2024-02-05,141.71418324290696,Product_037
2024-02-12,134.48334415746783,Product_037
2024-02-19,138.20162965355098,Product_037
2024-02-26,147.12866268272666,Product_037
2024-03-04,147.56213834383388,Product_037
2024-03-11,146.2533166886452,Product_037
2024-03-18,158.54102833841438,Product_037
2024-03-25,156.39315975641048,Product_037
2024-04-01,157.32338686495345,Product_037
2024-04-08,153.14603046477757,Product_037
2024-04-15,162.27405895319075,Product_037
2024-04-22,149.1668133169519,Product_037
2024-04-29,150.82737572687475,Product_037
2024-05-06,328.52453908746884,Product_037
2024-05-13,149.7091469293176,Product_037
2024-05-20,152.73225584223889,Product_037
2024-05-27,149.59396420123807,Product_037
2024-06-03,148.05172210908907,Product_037
2024-06-10,137.85007746088039,Product_037
2024-06-17,152.95925076192637,Product_037
2024-06-24,144.03624460436924,Product_037
2024-07-01,136.4189551978549,Product_037
2024-07-08,128.81523532724006,Product_037
2024-07-15,123.01739180531882,Product_037
2024-07-22,131.47252633248925,Product_037
2024-07-29,131.38797422495338,Product_037
2024-08-05,121.6084029972309,Product_037
2024-08-12,120.07115144094229,Product_037
2024-08-19,723.5906936935755,Product_037
2024-08-26,128.68816512656042,Product_037
2024-09-02,120.60483027541639,Product_037
2024-09-09,113.29758416595573,Product_037
2024-09-16,111.43730159540351,Product_037
2024-09-23,114.25335045588606,Product_037
2024-09-30,113.68027304883988,Product_037
2024-10-07,121.57304600594135,Product_037
2024-10-14,115.29666134261528,Product_037
2024-10-21,120.6785831547029,Product_037
2024-10-28,123.91037140779788,Product_037
2024-11-04,128.9127342165821,Product_037
2024-11-11,127.81404360543844,Product_037
2024-11-18,516.5356600469305,Product_037
2024-11-25,529.7723344275048,Product_037
2024-12-02,144.53590359710483,Product_037
2024-12-09,136.501625669368,Product_037
2024-12-16,142.18211170908398,Product_037
2024-12-23,149.82710606661354,Product_037
2024-12-30,153.10059940921172,Product_037
2023-01-02,81.25274308304138,Product_038
2023-01-09,88.26108667264117,Product_038
2023-01-16,84.84201101194742,Product_038
2023-01-23,96.35923470841358,Product_038
2023-01-30,92.897149496233,Product_038
2023-02-06,102.18081622593427,Product_038
2023-02-13,109.05965770517241,Product_038
2023-02-20,104.4209923765289,Product_038
2023-02-27,108.03936085031644,Product_038
2023-03-06,111.68874660100089,Product_038
2023-03-13,111.17782003172917,Product_038
2023-03-20,106.35075368536694,Product_038
2023-03-27,111.83385134419817,Product_038
2023-04-03,110.52796476326779,Product_038
2023-04-10,117.56946621342777,Product_038
2023-04-17,106.75963779811684,Product_038
2023-04-24,116.22321838007385,Product_038
2023-05-01,116.87503394481325,Product_038
2023-05-08,123.98039592968652,Product_038
2023-05-15,117.55512637559993,Product_038
2023-05-22,226.3437435932713,Product_038
2023-05-29,112.24936268146472,Product_038
2023-06-05,105.13159080351775,Product_038
2023-06-12,104.05359011377232,Product_038
2023-06-19,99.6283844151271,Product_038
2023-06-26,97.45014704131333,Product_038
2023-07-03,96.06751617911988,Product_038
2023-07-10,88.3036006691489,Product_038
2023-07-17,93.0488528499721,Product_038
2023-07-24,91.00447222387963,Product_038
2023-07-31,4.514856733139024,Product_038
2023-08-07,95.06227228836104,Product_038
2023-08-14,86.79234003884889,Product_038
2023-08-21,82.38723028762445,Product_038
2023-08-28,82.22078322786209,Product_038
2023-09-04,82.23418944104554,Product_038
2023-09-11,78.74772481832854,Product_038
2023-09-18,76.6581049145512,Product_038
2023-09-25,80.956429715905,Product_038
2023-10-02,80.49779322053672,Product_038
2023-10-09,84.17590571264932,Product_038
2023-10-16,91.33416608214384,Product_038
2023-10-23,80.23155045149615,Product_038
2023-10-30,85.29027241512836,Product_038
2023-11-06,94.44215761427691,Product_038
2023-11-13,88.46271022132032,Product_038
2023-11-20,408.3612687642752,Product_038
2023-11-27,429.32999614379696,Product_038
2023-12-04,102.37871087581443,Product_038
2023-12-11,105.67318901262321,Product_038
2023-12-18,109.23609747822842,Product_038
2023-12-25,116.86167715030996,Product_038
2024-01-01,111.037374414916,Product_038
2024-01-08,127.0146722647816,Product_038
2024-01-15,124.85268917155402,Product_038
2024-01-22,134.84083576666143,Product_038
2024-01-29,131.08169896769067,Product_038
2024-02-05,135.91050545330654,Product_038
2024-02-12,139.29108196072738,Product_038
2024-02-19,139.88905543381478,Product_038
2024-02-26,150.08566098074087,Product_038
2024-03-04,138.46467515742455,Product_038
2024-03-11,144.57165535382518,Product_038
2024-03-18,142.94650272805657,Product_038
2024-03-25,146.2234297397448,Product_038
2024-04-01,147.95792971111283,Product_038
2024-04-08,144.89714040824956,Product_038
2024-04-15,146.70059436725944,Product_038
2024-04-22,153.92623067073453,Product_038
2024-04-29,148.59556167792942,Product_038
2024-05-06,328.3815618304942,Product_038
2024-05-13,148.2206775817378,Product_038
2024-05-20,143.17034343686385,Product_038
2024-05-27,150.773437231627,Product_038
2024-06-03,142.5837727029368,Product_038
2024-06-10,138.76526724755476,Product_038
2024-06-17,137.86407064723846,Product_038
2024-06-24,136.6450778527109,Product_038
2024-07-01,134.93003312631967,Product_038
2024-07-08,128.03109606338066,Product_038
2024-07-15,133.48864333801757,Product_038
2024-07-22,124.06420521115601,Product_038
2024-07-29,121.5825522256261,Product_038
2024-08-05,128.89109221068395,Product_038
2024-08-12,117.89374037685413,Product_038
2024-08-19,721.0938428461517,Product_038
2024-08-26,119.6435478439329,Product_038
2024-09-02,116.25053852548155,Product_038
2024-09-09,119.9785524915764,Product_038
2024-09-16,112.56049220066325,Product_038
2024-09-23,110.10396559066561,Product_038
2024-09-30,114.53655115909756,Product_038
2024-10-07,120.47220140459596,Product_038
2024-10-14,114.08814680084562,Product_038
2024-10-21,124.21725897784636,Product_038
2024-10-28,119.19146008478018,Product_038
2024-11-04,123.85101323440578,Product_038
2024-11-11,125.84263086177816,Product_038
2024-11-18,508.1340518226783,Product_038
2024-11-25,542.7566867359692,Product_038
2024-12-02,130.6641164589098,Product_038
2024-12-09,136.04815425527437,Product_038
2024-12-16,141.59046821548998,Product_038
2024-12-23,151.44013839933385,Product_038
2024-12-30,150.59990382748003,Product_038
2023-01-02,111.07280519253695,Product_039
2023-01-09,118.47055612170732,Product_039
2023-01-16,123.07975993485643,Product_039
2023-01-23,128.8037048869758,Product_039
2023-01-30,124.3501729707901,Product_039
2023-02-06,127.0802543373672,Product_039
2023-02-13,134.82667402648562,Product_039
2023-02-20,140.81500460678242,Product_039
2023-02-27,134.3197486429223,Product_039
2023-03-06,134.4527770588983,Product_039
2023-03-13,144.9963249880706,Product_039
2023-03-20,137.62663467354534,Product_039
2023-03-27,147.918521909102,Product_039
2023-04-03,151.2198593536123,Product_039
2023-04-10,138.46842118949294,Product_039
2023-04-17,143.65788065611267,Product_039
2023-04-24,140.16867379572298,Product_039
2023-05-01,141.46028116803748,Product_039
2023-05-08,144.4620268961482,Product_039
2023-05-15,141.69167928691564,Product_039
2023-05-22,271.57321301570903,Product_039
2023-05-29,130.53176049736288,Product_039
2023-06-05,131.17041336498872,Product_039
2023-06-12,128.07334205329653,Product_039
2023-06-19,128.35390776246174,Product_039
2023-06-26,121.145761481615,Product_039
2023-07-03,123.51252502551579,Product_039
2023-07-10,117.44958156966544,Product_039
2023-07-17,128.0440012784339,Product_039
2023-07-24,113.83091953184133,Product_039
2023-07-31,5.49315840949604,Product_039
2023-08-07,103.96337500180265,Product_039
2023-08-14,105.41324778393437,Product_039
2023-08-21,107.93005473498889,Product_039
2023-08-28,101.58363535248999,Product_039
2023-09-04,99.44276957467775,Product_039
2023-09-11,96.49172450079773,Product_039
2023-09-18,104.0131430366546,Product_039
2023-09-25,97.0984576612727,Product_039
2023-10-02,106.62638448945225,Product_039
2023-10-09,103.67766150711445,Product_039
2023-10-16,111.35062486981657,Product_039
2023-10-23,105.81369094486726,Product_039
2023-10-30,111.59733428538269,Product_039
2023-11-06,99.72210189212306,Product_039
2023-11-13,110.31758383384371,Product_039
2023-11-20,458.7688176334639,Product_039
2023-11-27,457.1090439719716,Product_039
2023-12-04,120.40284476592323,Product_039
2023-12-11,118.45700075654015,Product_039
2023-12-18,130.57595126936513,Product_039
2023-12-25,130.43910437746194,Product_039
2024-01-01,130.55927134459236,Product_039
2024-01-08,138.5068611798806,Product_039
2024-01-15,140.78352245829709,Product_039
2024-01-22,149.75726895222724,Product_039
2024-01-29,143.99612671214555,Product_039
2024-02-05,143.05073787983622,Product_039
2024-02-12,154.7788712529367,Product_039
2024-02-19,147.91234957337642,Product_039
2024-02-26,149.7986457003985,Product_039
2024-03-04,157.02670837912135,Product_039
2024-03-11,149.59565952784854,Product_039
2024-03-18,154.72744863011144,Product_039
2024-03-25,160.45797015141497,Product_039
2024-04-01,163.68841160950888,Product_039
2024-04-08,167.36137742574454,Product_039
2024-04-15,166.55345754180445,Product_039
2024-04-22,159.55811566512648,Product_039
2024-04-29,160.7960384756641,Product_039
2024-05-06,331.7924535489842,Product_039
2024-05-13,151.63660181956269,Product_039
2024-05-20,153.07968436314152,Product_039
2024-05-27,150.42640788955939,Product_039
2024-06-03,156.13193575626502,Product_039
2024-06-10,147.04487881121833,Product_039
2024-06-17,148.58832543609083,Product_039
2024-06-24,144.47933248928723,Product_039
2024-07-01,135.78864245159974,Product_039
2024-07-08,135.68387127622432,Product_039
2024-07-15,139.31375563495482,Product_039
2024-07-22,127.22923615930392,Product_039
2024-07-29,126.30696566090079,Product_039
2024-08-05,126.61781272795687,Product_039
2024-08-12,123.24046377688988,Product_039
2024-08-19,716.8686014755366,Product_039
2024-08-26,120.73517478392544,Product_039
2024-09-02,118.17992427929275,Product_039
2024-09-09,121.24400475814852,Product_039
2024-09-16,122.20219153978196,Product_039
2024-09-23,119.99102280604346,Product_039
2024-09-30,117.93231410074722,Product_039
2024-10-07,121.749898071735,Product_039
2024-10-14,120.98001884725441,Product_039
2024-10-21,127.24006157830739,Product_039
2024-10-28,127.6598285083973,Product_039
2024-11-04,124.07476960565924,Product_039
2024-11-11,119.7742216506087,Product_039
2024-11-18,508.8508103588667,Product_039
2024-11-25,541.24224958444,Product_039
2024-12-02,138.43752511704514,Product_039
2024-12-09,132.92667824655953,Product_039
2024-12-16,142.9949496924197,Product_039
2024-12-23,146.28467518492963,Product_039
2024-12-30,152.63125795972616,Product_039
2023-01-02,107.54054610960297,Product_040
2023-01-09,109.42049508326438,Product_040
2023-01-16,110.31173918260706,Product_040
2023-01-23,107.55269477775714,Product_040
2023-01-30,116.45478359614819,Product_040
2023-02-06,120.99809055467564,Product_040
2023-02-13,125.135402136333,Product_040
2023-02-20,125.35959470030757,Product_040
2023-02-27,119.81089260332904,Product_040
2023-03-06,128.9284506996452,Product_040
2023-03-13,135.63841875857176,Product_040
2023-03-20,134.98535258623332,Product_040
2023-03-27,135.1150591146773,Product_040
2023-04-03,131.94236659423967,Product_040
2023-04-10,135.80054601901824,Product_040
2023-04-17,140.22916346876298,Product_040
2023-04-24,130.92284053299954,Product_040
2023-05-01,138.82207879056156,Product_040
2023-05-08,132.052884581907,Product_040
2023-05-15,139.25712840037684,Product_040
2023-05-22,257.42234085639006,Product_040
2023-05-29,127.69857440374584,Product_040
2023-06-05,130.8132984253178,Product_040
2023-06-12,123.10315205202004,Product_040
2023-06-19,119.31746194568619,Product_040
2023-06-26,116.1309723380334,Product_040
2023-07-03,112.28966859569631,Product_040
2023-07-10,110.5582909372268,Product_040
2023-07-17,107.52457125820843,Product_040
2023-07-24,113.42510255106015,Product_040
2023-07-31,4.972024878581973,Product_040
2023-08-07,106.34868709613482,Product_040
2023-08-14,100.2566257418928,Product_040
2023-08-21,102.42936678446262,Product_040
2023-08-28,99.78228830605126,Product_040
2023-09-04,106.0569164040824,Product_040
2023-09-11,92.35195573996349,Product_040
2023-09-18,89.22070400914153,Product_040
2023-09-25,97.7962972407184,Product_040
2023-10-02,100.62519471643651,Product_040
2023-10-09,91.37681794007261,Product_040
2023-10-16,90.20461190258193,Product_040
2023-10-23,100.68312596570765,Product_040
2023-10-30,102.20421514789705,Product_040
2023-11-06,108.64054127527677,Product_040
2023-11-13,104.99568994518108,Product_040
2023-11-20,431.27309752363345,Product_040
2023-11-27,454.5909816150848,Product_040
2023-12-04,111.11768501351145,Product_040
2023-12-11,123.38282754812312,Product_040
2023-12-18,124.85838083879635,Product_040
2023-12-25,125.60785242800135,Product_040
2024-01-01,122.95867877345253,Product_040
2024-01-08,131.55436414238417,Product_040
2024-01-15,126.46244114763576,Product_040
2024-01-22,137.86717698372306,Product_040
2024-01-29,148.2211273685813,Product_040
2024-02-05,143.67939406327565,Product_040
2024-02-12,139.8870696480515,Product_040
2024-02-19,151.0548990293277,Product_040
2024-02-26,149.76420378830122,Product_040
2024-03-04,155.13843793554287,Product_040
2024-03-11,155.29957131619088,Product_040
2024-03-18,157.91688405886347,Product_040
2024-03-25,155.6151026974,Product_040
2024-04-01,158.686493689595,Product_040
2024-04-08,160.83395590306844,Product_040
2024-04-15,148.59000370998038,Product_040
2024-04-22,157.96711649685125,Product_040
2024-04-29,152.47925760456152,Product_040
2024-05-06,325.99348164126417,Product_040
2024-05-13,147.46448614205963,Product_040
2024-05-20,152.04062636665532,Product_040
2024-05-27,153.80777651085566,Product_040
2024-06-03,144.60442344000714,Product_040
2024-06-10,149.4804471684426,Product_040
2024-06-17,144.00917348221049,Product_040
2024-06-24,140.77416275549743,Product_040
2024-07-01,140.4478425607981,Product_040
2024-07-08,138.38536684655594,Product_040
2024-07-15,138.84091689500679,Product_040
2024-07-22,128.0869558265193,Product_040
2024-07-29,124.40599096003761,Product_040
2024-08-05,124.851977746666,Product_040
2024-08-12,124.86512316447073,Product_040
2024-08-19,718.119482581603,Product_040
2024-08-26,117.2893992840532,Product_040
2024-09-02,125.11015495104004,Product_040
2024-09-09,116.78464089634382,Product_040
2024-09-16,117.1993454825698,Product_040
2024-09-23,123.31662067100653,Product_040
2024-09-30,113.11608842816703,Product_040
2024-10-07,121.58989123711221,Product_040
2024-10-14,118.60140574361942,Product_040
2024-10-21,123.47473848613663,Product_040
2024-10-28,125.14683068925176,Product_040
2024-11-04,129.3533915408857,Product_040
2024-11-11,124.56879710107742,Product_040
2024-11-18,523.8251161845028,Product_040
2024-11-25,535.9718636213873,Product_040
2024-12-02,140.21505346645498,Product_040
2024-12-09,140.39305636919997,Product_040
2024-12-16,140.26199471469548,Product_040
2024-12-23,153.15540159975507,Product_040
2024-12-30,147.3919879169309,Product_040
2023-01-02,104.23255576880814,Product_041
2023-01-09,113.35574146885043,Product_041
2023-01-16,115.03393507637483,Product_041
2023-01-23,124.99861477728342,Product_041
2023-01-30,125.70631015808965,Product_041
2023-02-06,125.10409645906066,Product_041
2023-02-13,135.24863132598247,Product_041
2023-02-20,135.0871232410811,Product_041
2023-02-27,126.29032913137799,Product_041
2023-03-06,138.85372605551217,Product_041
2023-03-13,135.6413080711231,Product_041
2023-03-20,132.6348945305483,Product_041
2023-03-27,140.84610911249834,Product_041
2023-04-03,140.52386668975296,Product_041
2023-04-10,143.44286828406356,Product_041
2023-04-17,139.04060182399186,Product_041
2023-04-24,148.17625619558524,Product_041
2023-05-01,137.20361000311007,Product_041
2023-05-08,136.50527733230092,Product_041
2023-05-15,136.43695857757956,Product_041
2023-05-22,282.8020984562663,Product_041
2023-05-29,138.59179466686535,Product_041
2023-06-05,127.51983177957253,Product_041
2023-06-12,133.0996969123359,Product_041
2023-06-19,123.04856666245354,Product_041
2023-06-26,120.06078771512281,Product_041
2023-07-03,115.96234031855798,Product_041
2023-07-10,120.14244801087237,Product_041
2023-07-17,123.31085885951151,Product_041
2023-07-24,110.01921723089475,Product_041
2023-07-31,5.743477950727699,Product_041
2023-08-07,110.00027630515903,Product_041
2023-08-14,106.77251867269871,Product_041
2023-08-21,105.89962261588862,Product_041
2023-08-28,103.53397376223829,Product_041
2023-09-04,103.24483487328054,Product_041
2023-09-11,102.74681693302612,Product_041
2023-09-18,98.96166235579304,Product_041
2023-09-25,98.00027262102014,Product_041
2023-10-02,94.91763414601138,Product_041
2023-10-09,101.53667346692096,Product_041
2023-10-16,97.32872471911384,Product_041
2023-10-23,103.72630644502911,Product_041
2023-10-30,101.9320138899511,Product_041
2023-11-06,111.1482637862507,Product_041
2023-11-13,113.58864935092046,Product_041
2023-11-20,433.91519810114295,Product_041
2023-11-27,468.3474946672827,Product_041
2023-12-04,108.60970812554221,Product_041
2023-12-11,115.24101776883448,Product_041
2023-12-18,126.47426331704307,Product_041
2023-12-25,128.223496336043,Product_041
2024-01-01,135.1626753464401,Product_041
2024-01-08,124.75387646719693,Product_041
2024-01-15,138.22235171695357,Product_041
2024-01-22,145.54013177995554,Product_041
2024-01-29,145.0859678482394,Product_041
2024-02-05,144.14612598815893,Product_041
2024-02-12,142.45971998075612,Product_041
2024-02-19,150.49983214306314,Product_041
2024-02-26,145.58419493139874,Product_041
2024-03-04,159.7650010139639,Product_041
2024-03-11,158.29035513012502,Product_041
2024-03-18,155.49892256799603,Product_041
2024-03-25,165.6071128249394,Product_041
2024-04-01,155.981889491449,Product_041
2024-04-08,155.71018250010098,Product_041
2024-04-15,158.03166633170136,Product_041
2024-04-22,164.85928203179225,Product_041
2024-04-29,155.71670957423459,Product_041
2024-05-06,330.76276080884264,Product_041
2024-05-13,157.2199502189584,Product_041
2024-05-20,153.80407275115004,Product_041
2024-05-27,149.23772136191332,Product_041
2024-06-03,152.60788711232976,Product_041
2024-06-10,149.32862490124575,Product_041
2024-06-17,149.15175199208855,Product_041
2024-06-24,134.53612584239448,Product_041
2024-07-01,143.95277692898887,Product_041
2024-07-08,131.21875696189832,Product_041
2024-07-15,133.26408799961843,Product_041
2024-07-22,141.04028331594762,Product_041
2024-07-29,126.99384163972077,Product_041
2024-08-05,128.94136594294324,Product_041
2024-08-12,124.24046856682742,Product_041
2024-08-19,722.3358939869776,Product_041
2024-08-26,121.40235125611488,Product_041
2024-09-02,125.80827341626765,Product_041
2024-09-09,126.55047844177683,Product_041
2024-09-16,120.25636618946685,Product_041
2024-09-23,120.81342015643648,Product_041
2024-09-30,122.06227524952023,Product_041
2024-10-07,125.62699850092332,Product_041
2024-10-14,124.72477517737924,Product_041
2024-10-21,120.02074029139278,Product_041
2024-10-28,117.3448813402919,Product_041
2024-11-04,125.50141732706514,Product_041
2024-11-11,133.9620026226652,Product_041
2024-11-18,518.9504950663066,Product_041
2024-11-25,534.6370830913582,Product_041
2024-12-02,138.23551774695707,Product_041
2024-12-09,141.68959813596894,Product_041
2024-12-16,146.66781356086804,Product_041
2024-12-23,149.53436403148947,Product_041
2024-12-30,151.68224504293465,Product_041
2023-01-02,96.73941279365081,Product_042
2023-01-09,104.54576281175417,Product_042
2023-01-16,102.69749831160946,Product_042
2023-01-23,105.68729013349567,Product_042
2023-01-30,109.8214143752944,Product_042
2023-02-06,118.07966452908154,Product_042
2023-02-13,114.24336835238016,Product_042
2023-02-20,120.61787651828976,Product_042
2023-02-27,122.41902785268744,Product_042
2023-03-06,123.12116708720892,Product_042
2023-03-13,127.22904166666387,Product_042
2023-03-20,129.04240926606755,Product_042
2023-03-27,123.51957841877756,Product_042
2023-04-03,131.87601175658375,Product_042
2023-04-10,135.32598250903615,Product_042
2023-04-17,125.56797790299257,Product_042
2023-04-24,133.96056551978515,Product_042
2023-05-01,128.61323308733066,Product_042
2023-05-08,131.79255726408016,Product_042
2023-05-15,123.43260053127545,Product_042
2023-05-22,247.1317655906226,Product_042
2023-05-29,125.87385055004775,Product_042
2023-06-05,122.44069622240698,Product_042
2023-06-12,124.49777652708767,Product_042
2023-06-19,120.36914280372179,Product_042
2023-06-26,117.64587205614927,Product_042
2023-07-03,111.18731136422292,Product_042
2023-07-10,112.63489661141294,Product_042
2023-07-17,107.15009903125846,Product_042
2023-07-24,103.24612051722721,Product_042
2023-07-31,5.201709430044545,Product_042
2023-08-07,95.90351323956571,Product_042
2023-08-14,93.01189611183835,Product_042
2023-08-21,99.46278617714763,Product_042
2023-08-28,96.24816039068892,Product_042
2023-09-04,96.69762325779915,Product_042
2023-09-11,95.35976499962315,Product_042
2023-09-18,92.36935885671407,Product_042
2023-09-25,98.76738092711761,Product_042
2023-10-02,91.58506880106354,Product_042
2023-10-09,88.54243618030786,Product_042
2023-10-16,92.32854259596719,Product_042
2023-10-23,102.52526709530358,Product_042
2023-10-30,92.41523471110533,Product_042
2023-11-06,103.83637899360697,Product_042
2023-11-13,112.00644105782573,Product_042
2023-11-20,431.78674842619944,Product_042
2023-11-27,468.7302643463322,Product_042
2023-12-04,116.32438471836902,Product_042
2023-12-11,113.16027215926962,Product_042
2023-12-18,116.11518422585873,Product_042
2023-12-25,125.07026369692146,Product_042
2024-01-01,125.81766659376515,Product_042
2024-01-08,129.4655971949057,Product_042
2024-01-15,125.36100049773862,Product_042
2024-01-22,136.11887186317165,Product_042
2024-01-29,132.8495405420492,Product_042
2024-02-05,136.27834825795458,Product_042
2024-02-12,145.72627565470663,Product_042
2024-02-19,144.11552854759753,Product_042
2024-02-26,147.73596660777358,Product_042
2024-03-04,147.34611747398634,Product_042
2024-03-11,155.84915242482447,Product_042
2024-03-18,148.56906486678443,Product_042
2024-03-25,161.5725571699197,Product_042
2024-04-01,153.96284406512981,Product_042
2024-04-08,157.56955294489853,Product_042
2024-04-15,150.38411944023554,Product_042
2024-04-22,154.61523300829597,Product_042
2024-04-29,156.91926127269497,Product_042
2024-05-06,311.9370415053531,Product_042
2024-05-13,148.05380184670707,Product_042
2024-05-20,147.21763929474736,Product_042
2024-05-27,148.78576214619278,Product_042
2024-06-03,149.1067030266359,Product_042
2024-06-10,143.10743349070793,Product_042
2024-06-17,141.3251234972719,Product_042
2024-06-24,139.35459447367583,Product_042
2024-07-01,141.94555392500928,Product_042
2024-07-08,130.35696077063332,Product_042
2024-07-15,132.12165206524298,Product_042
2024-07-22,124.9075084390154,Product_042
2024-07-29,134.89115921754535,Product_042
2024-08-05,130.3535473820743,Product_042
2024-08-12,124.8862432826943,Product_042
2024-08-19,717.827879882709,Product_042
2024-08-26,121.78866170808443,Product_042
2024-09-02,117.73979203397859,Product_042
2024-09-09,123.60540961092629,Product_042
2024-09-16,120.82565064500308,Product_042
2024-09-23,123.75588657628772,Product_042
2024-09-30,122.99797725035046,Product_042
2024-10-07,126.74745830876718,Product_042
2024-10-14,122.4659153485057,Product_042
2024-10-21,123.63146972219386,Product_042
2024-10-28,129.3012378852298,Product_042
2024-11-04,122.02205858340872,Product_042
2024-11-11,122.05834913446002,Product_042
2024-11-18,501.4583027253767,Product_042
2024-11-25,524.7256857855953,Product_042
2024-12-02,137.5545229982962,Product_042
2024-12-09,137.96612622755558,Product_042
2024-12-16,139.06604624574095,Product_042
2024-12-23,148.55391870553328,Product_042
2024-12-30,153.24733815297532,Product_042
2023-01-02,94.71747285963458,Product_043
2023-01-09,98.59650013277329,Product_043
2023-01-16,100.28373742123833,Product_043
2023-01-23,95.9585706650434,Product_043
2023-01-30,102.89049091984359,Product_043
2023-02-06,111.2333641220916,Product_043
2023-02-13,113.46119657384509,Product_043
2023-02-20,111.70880643741631,Product_043
2023-02-27,117.06822257643664,Product_043
2023-03-06,114.55680372841611,Product_043
2023-03-13,111.05082974179622,Product_043
2023-03-20,122.12774687929645,Product_043
2023-03-27,126.40528768767243,Product_043
2023-04-03,118.53375729177871,Product_043
2023-04-10,119.73714128452397,Product_043
2023-04-17,125.74663724133335,Product_043
2023-04-24,124.7901995296116,Product_043
2023-05-01,125.66429957559687,Product_043
2023-05-08,115.35346531749623,Product_043
2023-05-15,118.10120185813952,Product_043
2023-05-22,217.52154301405466,Product_043
2023-05-29,112.31065576465708,Product_043
2023-06-05,119.34879904897825,Product_043
2023-06-12,110.91832562453273,Product_043
2023-06-19,108.42498530005919,Product_043
2023-06-26,109.97151215754063,Product_043
2023-07-03,96.82624505787582,Product_043
2023-07-10,101.828541703179,Product_043
2023-07-17,100.10968217291487,Product_043
2023-07-24,92.76912252881044,Product_043
2023-07-31,4.882464045631189,Product_043
2023-08-07,89.71278918753438,Product_043
2023-08-14,94.86672891376173,Product_043
2023-08-21,100.17230052369185,Product_043
2023-08-28,85.07037222589354,Product_043
2023-09-04,91.40656246366234,Product_043
2023-09-11,86.01674960891833,Product_043
2023-09-18,81.38505058539891,Product_043
2023-09-25,87.57529572302363,Product_043
2023-10-02,83.2592054498573,Product_043
2023-10-09,79.32021270719572,Product_043
2023-10-16,90.49450937168895,Product_043
2023-10-23,93.17923344471384,Product_043
2023-10-30,98.46143307294969,Product_043
2023-11-06,91.32982266071991,Product_043
2023-11-13,91.67467945427131,Product_043
2023-11-20,384.53283117500854,Product_043
2023-11-27,398.51612140642607,Product_043
2023-12-04,100.09201940258922,Product_043
2023-12-11,114.84908001279868,Product_043
2023-12-18,116.90432587518707,Product_043
2023-12-25,110.9700623551917,Product_043
2024-01-01,120.86012583906086,Product_043
2024-01-08,130.21895928392527,Product_043
2024-01-15,133.47316753035798,Product_043
2024-01-22,125.07969548206663,Product_043
2024-01-29,140.29441471422774,Product_043
2024-02-05,132.26364691374846,Product_043
2024-02-12,143.77810184804423,Product_043
2024-02-19,139.91209772807474,Product_043
2024-02-26,149.09361097207864,Product_043
2024-03-04,142.02871093598398,Product_043
2024-03-11,147.80379775993333,Product_043
2024-03-18,150.27285731148035,Product_043
2024-03-25,156.68403638131335,Product_043
2024-04-01,156.16897803290613,Product_043
2024-04-08,152.5791309409556,Product_043
2024-04-15,145.51488871949022,Product_043
2024-04-22,155.20076137383586,Product_043
2024-04-29,148.09413840056953,Product_043
2024-05-06,331.6120792229354,Product_043
2024-05-13,145.6442547151641,Product_043
2024-05-20,144.63366476279998,Product_043
2024-05-27,141.34171284798305,Product_043
2024-06-03,151.67450552127275,Product_043
2024-06-10,141.52058267962198,Product_043
2024-06-17,141.3059031592618,Product_043
2024-06-24,138.8034835559756,Product_043
2024-07-01,139.8677730785786,Product_043
2024-07-08,133.2820691872077,Product_043
2024-07-15,130.04594149818203,Product_043
2024-07-22,125.3638394704621,Product_043
2024-07-29,125.52041621221449,Product_043
2024-08-05,124.77218937649434,Product_043
2024-08-12,127.06251075853079,Product_043
2024-08-19,721.2978966353153,Product_043
2024-08-26,117.93469039532627,Product_043
2024-09-02,123.5389729370928,Product_043
2024-09-09,120.96340264509918,Product_043
2024-09-16,111.72049762992887,Product_043
2024-09-23,110.19097471332329,Product_043
2024-09-30,118.0865622565407,Product_043
2024-10-07,120.52792027727362,Product_043
2024-10-14,119.43678686494309,Product_043
2024-10-21,121.46922727870174,Product_043
2024-10-28,127.95326338677992,Product_043
2024-11-04,128.74743788946063,Product_043
2024-11-11,128.53036062873153,Product_043
2024-11-18,513.4284699269865,Product_043
2024-11-25,543.924055885774,Product_043
2024-12-02,133.10791915388052,Product_043
2024-12-09,141.97551605425724,Product_043
2024-12-16,139.7649996692462,Product_043
2024-12-23,145.65150271121715,Product_043
2024-12-30,156.31111451807647,Product_043
2023-01-02,82.8276189572403,Product_044
2023-01-09,88.1795955021815,Product_044
2023-01-16,90.27654120609193,Product_044
2023-01-23,93.93662459516494,Product_044
2023-01-30,100.8043215958142,Product_044
2023-02-06,108.43615532939188,Product_044
2023-02-13,115.97102370453055,Product_044
2023-02-20,101.76763072761376,Product_044
2023-02-27,104.75664684823127,Product_044
2023-03-06,112.87263182504466,Product_044
2023-03-13,115.23264887391286,Product_044
2023-03-20,112.10933318661198,Product_044
2023-03-27,117.96038935154316,Product_044
2023-04-03,121.50478804259242,Product_044
2023-04-10,123.77016324537972,Product_044
2023-04-17,121.3173910026514,Product_044
2023-04-24,111.44630971873993,Product_044
2023-05-01,117.29483278619965,Product_044
2023-05-08,116.94875565790345,Product_044
2023-05-15,116.25443626993373,Product_044
2023-05-22,206.87417383920226,Product_044
2023-05-29,113.58898377768024,Product_044
2023-06-05,114.79292120032281,Product_044
2023-06-12,108.96088523157539,Product_044
2023-06-19,108.7906806404856,Product_044
2023-06-26,104.15587547025585,Product_044
2023-07-03,93.80576001656075,Product_044
2023-07-10,105.68405798753449,Product_044
2023-07-17,104.50693972202137,Product_044
2023-07-24,96.27709370190263,Product_044
2023-07-31,4.927203361865061,Product_044
2023-08-07,87.45236198661459,Product_044
2023-08-14,83.82269571979153,Product_044
2023-08-21,85.81725801865592,Product_044
2023-08-28,86.72116149940298,Product_044
2023-09-04,95.24052446035842,Product_044
2023-09-11,86.92333464036628,Product_044
2023-09-18,83.58321815995272,Product_044
2023-09-25,93.60085779590358,Product_044
2023-10-02,80.02491102517445,Product_044
2023-10-09,85.79614305548728,Product_044
2023-10-16,87.7880574245801,Product_044
2023-10-23,87.04680286416551,Product_044
2023-10-30,80.74702009896176,Product_044
2023-11-06,96.5328788546007,Product_044
2023-11-13,99.77472416153469,Product_044
2023-11-20,414.87125097920347,Product_044
2023-11-27,403.94582415468926,Product_044
2023-12-04,99.088108001769,Product_044
2023-12-11,102.03490607148585,Product_044
2023-12-18,108.0376619022037,Product_044
2023-12-25,113.34789497632299,Product_044
2024-01-01,113.09031632409895,Product_044
2024-01-08,123.36709967038489,Product_044
2024-01-15,132.1512514391502,Product_044
2024-01-22,126.51549289855153,Product_044
2024-01-29,136.3652793941098,Product_044
2024-02-05,133.39568778928958,Product_044
2024-02-12,137.81459784795433,Product_044
2024-02-19,132.97545190618223,Product_044
2024-02-26,149.4284704377418,Product_044
2024-03-04,148.04257444901296,Product_044
2024-03-11,149.4538957775166,Product_044
2024-03-18,149.47431904332947,Product_044
2024-03-25,150.29234242155624,Product_044
2024-04-01,158.20483269231556,Product_044
2024-04-08,148.86938726314253,Product_044
2024-04-15,153.09410195165282,Product_044
2024-04-22,155.4367055533865,Product_044
2024-04-29,149.37752070927945,Product_044
2024-05-06,318.7156677049038,Product_044
2024-05-13,150.60162367678728,Product_044
2024-05-20,144.14206811418958,Product_044
2024-05-27,140.6399124593507,Product_044
2024-06-03,149.12822001710845,Product_044
2024-06-10,134.88851275675518,Product_044
2024-06-17,133.24693774045636,Product_044
2024-06-24,139.6423291692214,Product_044
2024-07-01,134.04852213355778,Product_044
2024-07-08,132.419069254053,Product_044
2024-07-15,124.6840319438238,Product_044
2024-07-22,125.75887255611622,Product_044
2024-07-29,126.95351488038442,Product_044
2024-08-05,124.32668845968495,Product_044
2024-08-12,114.57456468027017,Product_044
2024-08-19,713.3798126271852,Product_044
2024-08-26,119.51306824996357,Product_044
2024-09-02,110.74845892725132,Product_044
2024-09-09,107.86009755235224,Product_044
2024-09-16,120.1275891993918,Product_044
2024-09-23,118.20977562651379,Product_044
2024-09-30,114.32524438724421,Product_044
2024-10-07,111.80963614415676,Product_044
2024-10-14,109.34954052269124,Product_044
2024-10-21,113.49906084941831,Product_044
2024-10-28,121.76269613765955,Product_044
2024-11-04,124.93420216973654,Product_044
2024-11-11,134.6524915206001,Product_044
2024-11-18,512.0334520454046,Product_044
2024-11-25,524.4230360979014,Product_044
2024-12-02,136.70454925447444,Product_044
2024-12-09,147.21842454541311,Product_044
2024-12-16,146.28171758796287,Product_044
2024-12-23,143.8740323648539,Product_044
2024-12-30,144.22103777706573,Product_044
2023-01-02,85.13968418254925,Product_045
2023-01-09,85.25759086497598,Product_045
2023-01-16,90.77188448672004,Product_045
2023-01-23,94.02646299296245,Product_045
2023-01-30,96.46039832871601,Product_045
2023-02-06,98.58761296411731,Product_045
2023-02-13,106.34587289154169,Product_045
2023-02-20,104.61730985012545,Product_045
2023-02-27,105.66998655287543,Product_045
2023-03-06,109.55315082694183,Product_045
2023-03-13,106.56679502169469,Product_045
2023-03-20,117.80255766711193,Product_045
2023-03-27,108.41142609872438,Product_045
2023-04-03,119.45490320282039,Product_045
2023-04-10,113.7138436041642,Product_045
2023-04-17,121.2110210401452,Product_045
2023-04-24,114.98062027233439,Product_045
2023-05-01,107.14604987338001,Product_045
2023-05-08,114.45040080170908,Product_045
2023-05-15,114.30037106825955,Product_045
2023-05-22,227.48169240794286,Product_045
2023-05-29,106.86302396186477,Product_045
2023-06-05,108.8032130044257,Product_045
2023-06-12,109.61912514828187,Product_045
2023-06-19,95.8292402783519,Product_045
2023-06-26,107.66452077398596,Product_045
2023-07-03,98.15435901564835,Product_045
2023-07-10,94.64250814189658,Product_045
2023-07-17,91.52135951847941,Product_045
2023-07-24,83.56207653579109,Product_045
2023-07-31,4.5241225465764465,Product_045
2023-08-07,88.35565844929988,Product_045
2023-08-14,80.27306068724346,Product_045
2023-08-21,76.9063473926154,Product_045
2023-08-28,85.00883291781687,Product_045
2023-09-04,74.65260671546339,Product_045
2023-09-11,83.41524292628323,Product_045
2023-09-18,80.17196254257826,Product_045
2023-09-25,78.55706405545851,Product_045
2023-10-02,82.99275589041271,Product_045
2023-10-09,92.1515667199892,Product_045
2023-10-16,79.559689195537,Product_045
2023-10-23,88.99448431193305,Product_045
2023-10-30,87.30417816618662,Product_045
2023-11-06,86.07953157568707,Product_045
2023-11-13,96.10248630165727,Product_045
2023-11-20,392.81210049698046,Product_045
2023-11-27,372.9126992726431,Product_045
2023-12-04,101.28842943390578,Product_045
2023-12-11,104.04996604817597,Product_045
2023-12-18,101.69852400885362,Product_045
2023-12-25,110.07288646805802,Product_045
2024-01-01,114.05830196023717,Product_045
2024-01-08,119.7202231499989,Product_045
2024-01-15,120.73994383832806,Product_045
2024-01-22,132.9547085328784,Product_045
2024-01-29,124.08991599162505,Product_045
2024-02-05,133.49446035033995,Product_045
2024-02-12,136.10069825058824,Product_045
2024-02-19,148.1442753755114,Product_045
2024-02-26,141.84375690238306,Product_045
2024-03-04,148.6841598021379,Product_045
2024-03-11,143.33603110689495,Product_045
2024-03-18,143.80820739601884,Product_045
2024-03-25,139.5863031250446,Product_045
2024-04-01,138.63686174429205,Product_045
2024-04-08,142.3862600732327,Product_045
2024-04-15,158.86120073566377,Product_045
2024-04-22,149.12192540157,Product_045
2024-04-29,147.3347972738015,Product_045
2024-05-06,309.5537824915816,Product_045
2024-05-13,143.49170828385652,Product_045
2024-05-20,144.393380670302,Product_045
2024-05-27,142.19399605344177,Product_045
2024-06-03,145.18951866462692,Product_045
2024-06-10,141.40601403936822,Product_045
2024-06-17,140.36811140730984,Product_045
2024-06-24,131.81969880389948,Product_045
2024-07-01,131.76104525161927,Product_045
2024-07-08,129.21878952654325,Product_045
2024-07-15,130.95440959367826,Product_045
2024-07-22,134.07004286937575,Product_045
2024-07-29,122.55475466400821,Product_045
2024-08-05,121.7824261622972,Product_045
2024-08-12,116.0963739837645,Product_045
2024-08-19,723.3227139558742,Product_045
2024-08-26,117.29462433581742,Product_045
2024-09-02,115.00139263733882,Product_045
2024-09-09,120.1321681496215,Product_045
2024-09-16,117.44485256359286,Product_045
2024-09-23,116.44342125561171,Product_045
2024-09-30,117.55699036221078,Product_045
2024-10-07,113.34569592590316,Product_045
2024-10-14,122.61091473002215,Product_045
2024-10-21,123.77076079462182,Product_045
2024-10-28,125.67694681352978,Product_045
2024-11-04,121.26515229433642,Product_045
2024-11-11,125.7410815135857,Product_045
2024-11-18,531.3241906280809,Product_045
2024-11-25,521.9215057356879,Product_045
2024-12-02,134.97352766666714,Product_045
2024-12-09,135.46693476656114,Product_045
2024-12-16,143.06865842910497,Product_045
2024-12-23,144.58961998361445,Product_045
2024-12-30,152.58716266888072,Product_045
2023-01-02,118.88147746208685,Product_046
2023-01-09,118.61734231931531,Product_046
2023-01-16,123.4946705983955,Product_046
2023-01-23,126.37119816226944,Product_046
2023-01-30,119.05570017392222,Product_046
2023-02-06,131.57008100463125,Product_046
2023-02-13,127.8281566131037,Product_046
2023-02-20,128.4961719618495,Product_046
2023-02-27,134.2616607413291,Product_046
2023-03-06,138.39143474102264,Product_046
2023-03-13,144.33308845220193,Product_046
2023-03-20,141.5093122694717,Product_046
2023-03-27,142.14178321275784,Product_046
2023-04-03,147.53770913608085,Product_046
2023-04-10,139.91883700925288,Product_046
2023-04-17,146.2234983324831,Product_046
2023-04-24,142.48422628945465,Product_046
2023-05-01,138.20499332186174,Product_046
2023-05-08,133.99567722685632,Product_046
2023-05-15,133.75218852026023,Product_046
2023-05-22,258.55841240876475,Product_046
2023-05-29,131.85588967559883,Product_046
2023-06-05,133.1107041805223,Product_046
2023-06-12,128.6707763369178,Product_046
2023-06-19,127.91033701491787,Product_046
2023-06-26,120.88139791533233,Product_046
2023-07-03,127.07294406417796,Product_046
2023-07-10,121.40109950325048,Product_046
2023-07-17,123.71946727324023,Product_046
2023-07-24,111.3935903419898,Product_046
2023-07-31,5.7843719866135865,Product_046
2023-08-07,115.03787774394401,Product_046
2023-08-14,107.00131761371038,Product_046
2023-08-21,111.65238084826893,Product_046
2023-08-28,99.78913890209665,Product_046
2023-09-04,98.59822244680231,Product_046
2023-09-11,97.2265406502581,Product_046
2023-09-18,101.96719381200614,Product_046
2023-09-25,103.32621359153671,Product_046
2023-10-02,94.02578236095414,Product_046
2023-10-09,102.41255195649049,Product_046
2023-10-16,102.58451321812096,Product_046
2023-10-23,103.25527815332168,Product_046
2023-10-30,105.87227243907546,Product_046
2023-11-06,105.53873788308304,Product_046
2023-11-13,105.84685812270675,Product_046
2023-11-20,433.71928173524475,Product_046
2023-11-27,425.8459053699264,Product_046
2023-12-04,118.6716732223427,Product_046
2023-12-11,118.06520890649792,Product_046
2023-12-18,114.35159242645463,Product_046
2023-12-25,125.15741504282884,Product_046
2024-01-01,126.96181758052059,Product_046
2024-01-08,138.98722538134902,Product_046
2024-01-15,140.18419981572094,Product_046
2024-01-22,135.4780356768835,Product_046
2024-01-29,140.37701729434957,Product_046
2024-02-05,142.9182417532796,Product_046
2024-02-12,157.1955894701057,Product_046
2024-02-19,147.66202193997216,Product_046
2024-02-26,156.95786498137377,Product_046
2024-03-04,154.00263402553227,Product_046
2024-03-11,152.38219433538922,Product_046
2024-03-18,158.71875725008752,Product_046
2024-03-25,154.51608679148845,Product_046
2024-04-01,156.53338562183976,Product_046
2024-04-08,164.05005051416543,Product_046
2024-04-15,162.0398822102431,Product_046
2024-04-22,161.5970096234707,Product_046
2024-04-29,157.62725046314583,Product_046
2024-05-06,322.4254163330047,Product_046
2024-05-13,152.07094780081164,Product_046
2024-05-20,152.21242258292887,Product_046
2024-05-27,152.6592757245011,Product_046
2024-06-03,150.53585706757536,Product_046
2024-06-10,152.2875218277139,Product_046
2024-06-17,144.57393841302326,Product_046
2024-06-24,132.89454265209847,Product_046
2024-07-01,135.71660398468563,Product_046
2024-07-08,138.14888879895548,Product_046
2024-07-15,131.53574898462787,Product_046
2024-07-22,134.3424116509589,Product_046
2024-07-29,123.1192574163919,Product_046
2024-08-05,122.77409758203937,Product_046
2024-08-12,129.52079396233077,Product_046
2024-08-19,725.6464350776738,Product_046
2024-08-26,122.50971558053183,Product_046
2024-09-02,133.85938978902652,Product_046
2024-09-09,125.30927610943402,Product_046
2024-09-16,122.75289842253628,Product_046
2024-09-23,121.3505921101363,Product_046
2024-09-30,125.41854967826595,Product_046
2024-10-07,121.75583964383796,Product_046
2024-10-14,119.68775146282648,Product_046
2024-10-21,116.04690226727807,Product_046
2024-10-28,123.68952870818784,Product_046
2024-11-04,128.79027851209855,Product_046
2024-11-11,126.03397612902813,Product_046
2024-11-18,513.2320107204903,Product_046
2024-11-25,536.1440971122084,Product_046
2024-12-02,139.40593161614336,Product_046
2024-12-09,142.4995733349193,Product_046
2024-12-16,143.48113820569532,Product_046
2024-12-23,143.5786312709584,Product_046
2024-12-30,154.22141405833153,Product_046
2023-01-02,87.64083506912469,Product_047
2023-01-09,94.07270116330058,Product_047
2023-01-16,99.00695676433408,Product_047
2023-01-23,96.91053634479783,Product_047
2023-01-30,106.38580099168259,Product_047
2023-02-06,103.26316763424649,Product_047
2023-02-13,116.8662440904368,Product_047
2023-02-20,108.85213332097968,Product_047
2023-02-27,112.0546937268773,Product_047
2023-03-06,110.49017889801098,Product_047
2023-03-13,118.98695577831118,Product_047
2023-03-20,128.8667411021076,Product_047
2023-03-27,121.24550301060815,Product_047
2023-04-03,118.83531728386359,Product_047
2023-04-10,129.06851375081715,Product_047
2023-04-17,123.3452419804076,Product_047
2023-04-24,127.22462547293594,Product_047
2023-05-01,124.17882397034512,Product_047
2023-05-08,130.56358620724995,Product_047
2023-05-15,120.15654661947289,Product_047
2023-05-22,227.50893545831124,Product_047
2023-05-29,118.35941005551256,Product_047
2023-06-05,115.68475447715612,Product_047
2023-06-12,111.86893425366284,Product_047
2023-06-19,109.66415463144858,Product_047
2023-06-26,106.92642503614623,Product_047
2023-07-03,106.12415577750025,Product_047
2023-07-10,103.02585047259825,Product_047
2023-07-17,91.76502964072588,Product_047
2023-07-24,102.7433870822754,Product_047
2023-07-31,4.913857634559316,Product_047
2023-08-07,92.76941931723182,Product_047
2023-08-14,93.34033994087267,Product_047
2023-08-21,92.80726321488697,Product_047
2023-08-28,91.91657289668257,Product_047
2023-09-04,86.16239586471461,Product_047
2023-09-11,85.5620633329274,Product_047
2023-09-18,80.22031499404375,Product_047
2023-09-25,96.64187228009918,Product_047
2023-10-02,84.5090672170478,Product_047
2023-10-09,94.79094960557795,Product_047
2023-10-16,89.10838996565849,Product_047
2023-10-23,88.18635497548748,Product_047
2023-10-30,96.55923985015545,Product_047
2023-11-06,92.9001116706887,Product_047
2023-11-13,95.81013918835676,Product_047
2023-11-20,400.4896707943921,Product_047
2023-11-27,405.2189072283805,Product_047
2023-12-04,108.43107514032336,Product_047
2023-12-11,106.25521674010054,Product_047
2023-12-18,113.69137574191136,Product_047
2023-12-25,117.98224775185857,Product_047
2024-01-01,117.12902474085195,Product_047
2024-01-08,124.90045862753982,Product_047
2024-01-15,126.42350996532564,Product_047
2024-01-22,128.65289894843878,Product_047
2024-01-29,134.17902420659442,Product_047
2024-02-05,144.83601432954703,Product_047
2024-02-12,135.36416510068088,Product_047
2024-02-19,141.0320903262539,Product_047
2024-02-26,154.56271209989265,Product_047
2024-03-04,149.15484407101957,Product_047
2024-03-11,154.63155876639772,Product_047
2024-03-18,154.3939756205639,Product_047
2024-03-25,154.70350311083033,Product_047
2024-04-01,161.16191776075127,Product_047
2024-04-08,154.84723852832715,Product_047
2024-04-15,152.3960078286598,Product_047
2024-04-22,145.4676304860469,Product_047
2024-04-29,147.92239421061748,Product_047
2024-05-06,314.5943217050685,Product_047
2024-05-13,156.0849981597562,Product_047
2024-05-20,145.99300902098702,Product_047
2024-05-27,145.22211778381134,Product_047
2024-06-03,142.84129660523323,Product_047
2024-06-10,146.3862998573502,Product_047
2024-06-17,142.94556405260994,Product_047
2024-06-24,137.95197377082243,Product_047
2024-07-01,130.9678691143947,Product_047
2024-07-08,133.68463183165483,Product_047
2024-07-15,133.32462950259728,Product_047
2024-07-22,121.55821477541652,Product_047
2024-07-29,128.50432566608632,Product_047
2024-08-05,121.528593029305,Product_047
2024-08-12,124.39534601409554,Product_047
2024-08-19,717.9208792581546,Product_047
2024-08-26,127.55446763276944,Product_047
2024-09-02,122.28508108434359,Product_047
2024-09-09,116.46549723225941,Product_047
2024-09-16,121.8914957729215,Product_047
2024-09-23,109.17395073510855,Product_047
2024-09-30,120.26575312160524,Product_047
2024-10-07,126.13822578240612,Product_047
2024-10-14,124.77759317813498,Product_047
2024-10-21,123.18908757138922,Product_047
2024-10-28,122.86883921202588,Product_047
2024-11-04,124.79444188098442,Product_047
2024-11-11,125.87312557450213,Product_047
2024-11-18,506.55971408647,Product_047
2024-11-25,534.4070966964371,Product_047
2024-12-02,134.8043449537743,Product_047
2024-12-09,139.33022777003148,Product_047
2024-12-16,138.15701036007667,Product_047
2024-12-23,152.8183728307341,Product_047
2024-12-30,151.10754387088954,Product_047
2023-01-02,105.55008387221143,Product_048
2023-01-09,108.00042552181944,Product_048
2023-01-16,111.05523077201663,Product_048
2023-01-23,124.58920325312963,Product_048
2023-01-30,123.94869212975789,Product_048
2023-02-06,123.81279832823009,Product_048
2023-02-13,127.49185356719869,Product_048
2023-02-20,126.32163370854543,Product_048
2023-02-27,139.03588180637738,Product_048
2023-03-06,143.48677089472548,Product_048
2023-03-13,135.45883363007695,Product_048
2023-03-20,132.8626543090508,Product_048
2023-03-27,141.47915736469747,Product_048
2023-04-03,136.48758552898758,Product_048
2023-04-10,146.01273840541472,Product_048
2023-04-17,133.72364372095296,Product_048
2023-04-24,136.88492878139965,Product_048
2023-05-01,133.44791501646196,Product_048
2023-05-08,133.1917533052616,Product_048
2023-05-15,132.20554886489734,Product_048
2023-05-22,277.14283507492325,Product_048
2023-05-29,128.68753749526522,Product_048
2023-06-05,125.04767816689069,Product_048
2023-06-12,126.77935816523424,Product_048
2023-06-19,127.09106724038799,Product_048
2023-06-26,115.39748744720464,Product_048
2023-07-03,116.24923035147361,Product_048
2023-07-10,114.33175986921285,Product_048
2023-07-17,111.39479163848455,Product_048
2023-07-24,110.4163216435278,Product_048
2023-07-31,5.66819795317918,Product_048
2023-08-07,101.72293585053598,Product_048
2023-08-14,105.60026106156592,Product_048
2023-08-21,103.16414154626484,Product_048
2023-08-28,100.43613389799928,Product_048
2023-09-04,99.7302565783314,Product_048
2023-09-11,95.85525188804989,Product_048
2023-09-18,106.7591994419028,Product_048
2023-09-25,96.21243864051041,Product_048
2023-10-02,96.70215935072531,Product_048
2023-10-09,96.72148971486172,Product_048
2023-10-16,92.03981761869858,Product_048
2023-10-23,104.61904423392242,Product_048
2023-10-30,106.87336338231461,Product_048
2023-11-06,101.63935438797941,Product_048
2023-11-13,95.0760338536746,Product_048
2023-11-20,459.2913571340018,Product_048
2023-11-27,467.91493208809806,Product_048
2023-12-04,114.88382949305444,Product_048
2023-12-11,121.6283567759463,Product_048
2023-12-18,117.19762854200457,Product_048
2023-12-25,124.51108560522518,Product_048
2024-01-01,131.90802650419002,Product_048
2024-01-08,133.83747312161265,Product_048
2024-01-15,139.17562035995434,Product_048
2024-01-22,133.679588397462,Product_048
2024-01-29,138.30573967955826,Product_048
2024-02-05,147.4304288883339,Product_048
2024-02-12,148.4162707632717,Product_048
2024-02-19,150.62856408237462,Product_048
2024-02-26,154.29500072636935,Product_048
2024-03-04,158.11520598004742,Product_048
2024-03-11,159.15054549862288,Product_048
2024-03-18,158.56486102676496,Product_048
2024-03-25,158.2120227448507,Product_048
2024-04-01,158.9416609987744,Product_048
2024-04-08,160.45646931925617,Product_048
2024-04-15,156.5459007695845,Product_048
2024-04-22,164.62444007580683,Product_048
2024-04-29,152.24967372278877,Product_048
2024-05-06,319.68506835185303,Product_048
2024-05-13,157.85531841088797,Product_048
2024-05-20,156.71302219451334,Product_048
2024-05-27,154.60497529617572,Product_048
2024-06-03,148.0686832353178,Product_048
2024-06-10,148.61828337411114,Product_048
2024-06-17,141.00992873673505,Product_048
2024-06-24,146.5225735452695,Product_048
2024-07-01,141.5282982429997,Product_048
2024-07-08,133.75196648030047,Product_048
2024-07-15,131.5072614756029,Product_048
2024-07-22,123.50003102948075,Product_048
2024-07-29,125.56595798503746,Product_048
2024-08-05,128.14035207250677,Product_048
2024-08-12,127.92264766125486,Product_048
2024-08-19,727.1126639806919,Product_048
2024-08-26,124.28067015440853,Product_048
2024-09-02,120.25074851758946,Product_048
2024-09-09,120.10856189570113,Product_048
2024-09-16,113.51861714691753,Product_048
2024-09-23,114.96729632858371,Product_048
2024-09-30,108.42684947882361,Product_048
2024-10-07,112.49003285211818,Product_048
2024-10-14,122.82893627933872,Product_048
2024-10-21,122.7977792758909,Product_048
2024-10-28,125.04392237884099,Product_048
2024-11-04,123.93786248422265,Product_048
2024-11-11,130.7711264150522,Product_048
2024-11-18,539.411179232718,Product_048
2024-11-25,543.2956727753968,Product_048
2024-12-02,142.46539296043963,Product_048
2024-12-09,140.2902483131308,Product_048
2024-12-16,136.78159361098736,Product_048
2024-12-23,148.58762941583257,Product_048
2024-12-30,152.4836414751872,Product_048
2023-01-02,82.70967867661847,Product_049
2023-01-09,89.89847435814202,Product_049
2023-01-16,89.08935535901772,Product_049
2023-01-23,102.97482635719645,Product_049
2023-01-30,101.58717963093966,Product_049
2023-02-06,101.27622648606349,Product_049
2023-02-13,101.06898797294778,Product_049
2023-02-20,113.6519337410305,Product_049
2023-02-27,108.32283505260213,Product_049
2023-03-06,114.25836681351952,Product_049
2023-03-13,117.30653456736897,Product_049
2023-03-20,113.83198433532434,Product_049
2023-03-27,123.07274351955068,Product_049
2023-04-03,117.1941670464367,Product_049
2023-04-10,114.78089873758758,Product_049
2023-04-17,114.99861866188357,Product_049
2023-04-24,120.56741732857776,Product_049
2023-05-01,122.47442448321037,Product_049
2023-05-08,115.98345157406018,Product_049
2023-05-15,113.72159815124061,Product_049
2023-05-22,227.28657381720973,Product_049
2023-05-29,115.35333518887158,Product_049
2023-06-05,107.98350952265342,Product_049
2023-06-12,112.9053944902497,Product_049
2023-06-19,102.23029127763776,Product_049
2023-06-26,112.01357524253721,Product_049
2023-07-03,102.40712529332953,Product_049
2023-07-10,97.72121422355633,Product_049
2023-07-17,98.57927942997233,Product_049
2023-07-24,93.96495080276463,Product_049
2023-07-31,4.411997249036232,Product_049
2023-08-07,89.9255188668561,Product_049
2023-08-14,91.3786265630832,Product_049
2023-08-21,83.97293728797993,Product_049
2023-08-28,91.32261635868802,Product_049
2023-09-04,78.07818570405938,Product_049
2023-09-11,92.49335730896797,Product_049
2023-09-18,93.25283831833278,Product_049
2023-09-25,85.89353822641037,Product_049
2023-10-02,85.59682599409379,Product_049
2023-10-09,81.54378809824956,Product_049
2023-10-16,84.87475733314682,Product_049
2023-10-23,87.39565317428384,Product_049
2023-10-30,88.78695227493499,Product_049
2023-11-06,89.83419327050832,Product_049
2023-11-13,99.77892754362223,Product_049
2023-11-20,385.8365985193532,Product_049
2023-11-27,365.62962310384614,Product_049
2023-12-04,103.55446636823609,Product_049
2023-12-11,117.79753580671665,Product_049
2023-12-18,99.4073716448385,Product_049
2023-12-25,110.48389651743256,Product_049
2024-01-01,117.93865119290723,Product_049
2024-01-08,118.27293978227546,Product_049
2024-01-15,126.6850242410727,Product_049
2024-01-22,123.30958132236576,Product_049
2024-01-29,131.5904368033664,Product_049
2024-02-05,129.46958822592669,Product_049
2024-02-12,133.76213232494175,Product_049
2024-02-19,144.1120386378308,Product_049
2024-02-26,140.41995807470116,Product_049
2024-03-04,140.47767252937808,Product_049
2024-03-11,144.68931214343485,Product_049
2024-03-18,150.4070568781924,Product_049
2024-03-25,146.92753472448072,Product_049
2024-04-01,152.0464687846189,Product_049
2024-04-08,150.56946371087142,Product_049
2024-04-15,149.35510308546083,Product_049
2024-04-22,149.20288277739917,Product_049
2024-04-29,147.85368669686233,Product_049
2024-05-06,307.3407080249973,Product_049
2024-05-13,148.99222698464365,Product_049
2024-05-20,148.03024762049714,Product_049
2024-05-27,143.34107212205555,Product_049
2024-06-03,141.86645395615778,Product_049
2024-06-10,140.09965014405577,Product_049
2024-06-17,138.32415502470764,Product_049
2024-06-24,133.98508866733113,Product_049
2024-07-01,133.4225485813916,Product_049
2024-07-08,130.75313285754888,Product_049
2024-07-15,131.24640157413776,Product_049
2024-07-22,122.14032124964244,Product_049
2024-07-29,126.19833164529831,Product_049
2024-08-05,121.35197840347853,Product_049
2024-08-12,124.02068800701618,Product_049
2024-08-19,716.9159045017648,Product_049
2024-08-26,116.9474646160001,Product_049
2024-09-02,105.75942076856144,Product_049
2024-09-09,118.24744667444016,Product_049
2024-09-16,113.6806482568387,Product_049
2024-09-23,113.32324090127108,Product_049
2024-09-30,118.35566610575046,Product_049
2024-10-07,118.89017273092293,Product_049
2024-10-14,112.16086406124758,Product_049
2024-10-21,119.46555301234397,Product_049
2024-10-28,124.71778144344277,Product_049
2024-11-04,126.26398578562805,Product_049
2024-11-11,131.28343910502537,Product_049
2024-11-18,501.03444307155127,Product_049
2024-11-25,517.504512932632,Product_049
2024-12-02,135.67939985721188,Product_049
2024-12-09,135.48091168600328,Product_049
2024-12-16,142.82063121723755,Product_049
2024-12-23,145.33524056502225,Product_049
2024-12-30,150.30348667474797,Product_049
2023-01-02,93.96234637606202,Product_050
2023-01-09,97.07040153613521,Product_050
2023-01-16,100.51235087629091,Product_050
2023-01-23,95.79417520322345,Product_050
2023-01-30,102.20224504052347,Product_050
2023-02-06,111.43155894196455,Product_050
2023-02-13,104.89560667064553,Product_050
2023-02-20,112.16672936893488,Product_050
2023-02-27,119.2494562762034,Product_050
2023-03-06,119.34397885840347,Product_050
2023-03-13,118.78530451198193,Product_050
2023-03-20,122.12042124308103,Product_050
2023-03-27,119.74261358741208,Product_050
2023-04-03,121.88791138406437,Product_050
2023-04-10,130.78162674880954,Product_050
2023-04-17,123.8740577625202,Product_050
2023-04-24,126.85978723286271,Product_050
2023-05-01,121.97700583659436,Product_050
2023-05-08,127.68888527413596,Product_050
2023-05-15,126.95491524701156,Product_050
2023-05-22,241.88640809539976,Product_050
2023-05-29,109.59694963123532,Product_050
2023-06-05,112.22543327232111,Product_050
2023-06-12,114.71905763649775,Product_050
2023-06-19,112.5483875783324,Product_050
2023-06-26,109.09488720955274,Product_050
2023-07-03,107.67440207893604,Product_050
2023-07-10,94.71860936302522,Product_050
2023-07-17,99.65883335884054,Product_050
2023-07-24,95.76318514490312,Product_050
2023-07-31,4.995352789640727,Product_050
2023-08-07,93.57186470687444,Product_050
2023-08-14,92.58835194709559,Product_050
2023-08-21,95.99960296985623,Product_050
2023-08-28,88.37632363259752,Product_050
2023-09-04,83.6135932441412,Product_050
2023-09-11,92.13695963066935,Product_050
2023-09-18,88.45466735362311,Product_050
2023-09-25,83.53373151540542,Product_050
2023-10-02,94.48617350008719,Product_050
2023-10-09,87.46178962617257,Product_050
2023-10-16,94.01578175999542,Product_050
2023-10-23,97.32533643863069,Product_050
2023-10-30,97.20665833544241,Product_050
2023-11-06,97.32777481100825,Product_050
2023-11-13,107.04000095071379,Product_050
2023-11-20,413.49169979706744,Product_050
2023-11-27,406.6981379351435,Product_050
2023-12-04,106.30894275853382,Product_050
2023-12-11,111.82720078638258,Product_050
2023-12-18,115.89054616863137,Product_050
2023-12-25,114.84772395073551,Product_050
2024-01-01,117.35052305121584,Product_050
2024-01-08,126.91713571714435,Product_050
2024-01-15,127.69569099939918,Product_050
2024-01-22,131.08837633740015,Product_050
2024-01-29,124.41824906841053,Product_050
2024-02-05,137.2024279280611,Product_050
2024-02-12,141.2983315470075,Product_050
2024-02-19,143.46461233332275,Product_050
2024-02-26,144.8121232710507,Product_050
2024-03-04,149.09867168971263,Product_050
2024-03-11,154.43897762914716,Product_050
2024-03-18,154.13054600674815,Product_050
2024-03-25,151.8597262084659,Product_050
2024-04-01,150.18190345078378,Product_050
2024-04-08,154.1048503968578,Product_050
2024-04-15,153.07662934786748,Product_050
2024-04-22,157.44852621458583,Product_050
2024-04-29,146.690595397657,Product_050
2024-05-06,328.57798667136524,Product_050
2024-05-13,151.3706844710464,Product_050
2024-05-20,151.77614177535787,Product_050
2024-05-27,142.68525964989365,Product_050
2024-06-03,144.07680209151798,Product_050
2024-06-10,139.198680388062,Product_050
2024-06-17,140.74763575278686,Product_050
2024-06-24,137.97991049495337,Product_050
2024-07-01,138.88880484848033,Product_050
2024-07-08,130.75607112260673,Product_050
2024-07-15,135.58950545289508,Product_050
2024-07-22,130.0102850269455,Product_050
2024-07-29,120.695483286288,Product_050
2024-08-05,124.98349779901463,Product_050
2024-08-12,120.76769991490346,Product_050
2024-08-19,715.1781357189703,Product_050
2024-08-26,130.47620776297455,Product_050
2024-09-02,117.24535087760951,Product_050
2024-09-09,115.01279281058069,Product_050
2024-09-16,112.27584863038422,Product_050
2024-09-23,116.4344140183617,Product_050
2024-09-30,116.02732385954836,Product_050
2024-10-07,120.25384371545499,Product_050
2024-10-14,118.37747835463743,Product_050
2024-10-21,125.48410178369275,Product_050
2024-10-28,130.22872893276977,Product_050
2024-11-04,124.92553976343724,Product_050
2024-11-11,133.07492410770507,Product_050
2024-11-18,511.82024552148675,Product_050
2024-11-25,505.3536098474472,Product_050
2024-12-02,131.04172685541843,Product_050
2024-12-09,142.10311927567517,Product_050
2024-12-16,142.11354788440485,Product_050
2024-12-23,143.7930677385334,Product_050
2024-12-30,148.99276204140614,Product_050
2023-01-02,80.12378931130064,Product_051
2023-01-09,80.9622509118003,Product_051
2023-01-16,94.40383154498704,Product_051
2023-01-23,99.34629998470967,Product_051
2023-01-30,99.66546559266894,Product_051
2023-02-06,102.47693333594427,Product_051
2023-02-13,102.22029524112921,Product_051
2023-02-20,112.33114068334869,Product_051
2023-02-27,108.46095290423064,Product_051
2023-03-06,112.01760672070135,Product_051
2023-03-13,115.58304041547837,Product_051
2023-03-20,115.82522664145073,Product_051
2023-03-27,119.58561652494387,Product_051
2023-04-03,124.48461176223674,Product_051
2023-04-10,122.68967766844301,Product_051
2023-04-17,119.58746534034115,Product_051
2023-04-24,118.29163076212993,Product_051
2023-05-01,120.98624617218407,Product_051
2023-05-08,111.87815306339846,Product_051
2023-05-15,119.99022676976199,Product_051
2023-05-22,233.16215699623257,Product_051
2023-05-29,114.66251356191528,Product_051
2023-06-05,113.87753695581803,Product_051
2023-06-12,112.85415250161614,Product_051
2023-06-19,102.15905676915614,Product_051
2023-06-26,99.44733807028443,Product_051
2023-07-03,96.2358575149078,Product_051
2023-07-10,102.84901307972281,Product_051
2023-07-17,93.55134418339915,Product_051
2023-07-24,97.83091116772964,Product_051
2023-07-31,4.5497963986549825,Product_051
2023-08-07,93.02226886545544,Product_051
2023-08-14,89.5827497983142,Product_051
2023-08-21,90.23354596092037,Product_051
2023-08-28,85.37235464717232,Product_051
2023-09-04,84.96495108267597,Product_051
2023-09-11,89.92073666715095,Product_051
2023-09-18,81.76618216319548,Product_051
2023-09-25,93.71922739068415,Product_051
2023-10-02,86.99770224948576,Product_051
2023-10-09,88.90434012862634,Product_051
2023-10-16,89.51631929771223,Product_051
2023-10-23,87.35567832562884,Product_051
2023-10-30,92.20266789569537,Product_051
2023-11-06,88.88017964670254,Product_051
2023-11-13,94.15160260979714,Product_051
2023-11-20,387.28685332266093,Product_051
2023-11-27,402.34081894298384,Product_051
2023-12-04,105.51767406015804,Product_051
2023-12-11,105.49481272467656,Product_051
2023-12-18,105.3004348002877,Product_051
2023-12-25,123.86637190890627,Product_051
2024-01-01,116.90196235468132,Product_051
2024-01-08,121.99796437260456,Product_051
2024-01-15,121.84953479588002,Product_051
2024-01-22,135.87800958729628,Product_051
2024-01-29,124.68720688777694,Product_051
2024-02-05,136.1898384977837,Product_051
2024-02-12,133.50507709222524,Product_051
2024-02-19,139.17726082124028,Product_051
2024-02-26,136.42958713534662,Product_051
2024-03-04,143.67213543580135,Product_051
2024-03-11,141.53650657518023,Product_051
2024-03-18,144.82877242133617,Product_051
2024-03-25,148.0429151663272,Product_051
2024-04-01,151.30262991955865,Product_051
2024-04-08,144.9541647225123,Product_051
2024-04-15,148.50956703239677,Product_051
2024-04-22,148.40510260354236,Product_051
2024-04-29,150.27807739898017,Product_051
2024-05-06,313.34047678421126,Product_051
2024-05-13,149.9560844549245,Product_051
2024-05-20,147.37686886198594,Product_051
2024-05-27,149.15261492816893,Product_051
2024-06-03,141.14111501802805,Product_051
2024-06-10,138.88379147340987,Product_051
2024-06-17,136.60351254093334,Product_051
2024-06-24,143.33353336652084,Product_051
2024-07-01,132.4513134526477,Product_051
2024-07-08,128.21501103768605,Product_051
2024-07-15,125.11935806065868,Product_051
2024-07-22,128.99154870669557,Product_051
2024-07-29,125.73572219323273,Product_051
2024-08-05,126.63694546091273,Product_051
2024-08-12,122.52742602167304,Product_051
2024-08-19,723.9102549393996,Product_051
2024-08-26,120.61715580732712,Product_051
2024-09-02,111.63539380247717,Product_051
2024-09-09,112.2521916973196,Product_051
2024-09-16,121.32540810905682,Product_051
2024-09-23,120.1383316574202,Product_051
2024-09-30,117.61390256092574,Product_051
2024-10-07,116.8467984375002,Product_051
2024-10-14,111.18257232869321,Product_051
2024-10-21,126.06691157568825,Product_051
2024-10-28,126.30248045079747,Product_051
2024-11-04,124.21931037749395,Product_051
2024-11-11,128.3038321915886,Product_051
2024-11-18,509.4553890958784,Product_051
2024-11-25,569.3980392396592,Product_051
2024-12-02,137.8059163804081,Product_051
2024-12-09,140.71223060706862,Product_051
2024-12-16,136.241702130588,Product_051
2024-12-23,142.76642403916114,Product_051
2024-12-30,152.0721438868783,Product_051
2023-01-02,123.91879980716293,Product_052
2023-01-09,118.98617104044884,Product_052
2023-01-16,130.4791166798519,Product_052
2023-01-23,126.93992263600347,Product_052
2023-01-30,137.89263549403802,Product_052
2023-02-06,138.78439903831074,Product_052
2023-02-13,140.1273133701001,Product_052
2023-02-20,130.51833270964494,Product_052
2023-02-27,137.9039661125849,Product_052
2023-03-06,148.1469296895262,Product_052
2023-03-13,145.17867502102723,Product_052
2023-03-20,142.77684069514882,Product_052
2023-03-27,149.28841405151684,Product_052
2023-04-03,149.2129232840813,Product_052
2023-04-10,147.60594472201922,Product_052
2023-04-17,147.22410613562417,Product_052
2023-04-24,144.85388879962613,Product_052
2023-05-01,143.9659363503922,Product_052
2023-05-08,141.42869777415567,Product_052
2023-05-15,144.38634266716028,Product_052
2023-05-22,287.2010565086121,Product_052
2023-05-29,137.14639703372464,Product_052
2023-06-05,131.11730384426653,Product_052
2023-06-12,136.23322544328894,Product_052
2023-06-19,134.99384387717296,Product_052
2023-06-26,126.30276699456778,Product_052
2023-07-03,128.11159604902966,Product_052
2023-07-10,125.81015811159344,Product_052
2023-07-17,121.26587757400999,Product_052
2023-07-24,113.10840111662868,Product_052
2023-07-31,5.895997014085221,Product_052
2023-08-07,116.94006847563377,Product_052
2023-08-14,113.85549990352915,Product_052
2023-08-21,110.3317446138014,Product_052
2023-08-28,104.98460944775645,Product_052
2023-09-04,102.79355145036648,Product_052
2023-09-11,97.69648387402111,Product_052
2023-09-18,101.48073250012384,Product_052
2023-09-25,107.0391404360021,Product_052
2023-10-02,96.49857105111015,Product_052
2023-10-09,106.51773822682588,Product_052
2023-10-16,99.69639726427556,Product_052
2023-10-23,109.3721808616514,Product_052
2023-10-30,101.23110439113916,Product_052
2023-11-06,118.24191882250629,Product_052
2023-11-13,118.1272266837718,Product_052
2023-11-20,476.2071112744328,Product_052
2023-11-27,474.61746093493554,Product_052
2023-12-04,120.68945031720327,Product_052
2023-12-11,119.31980674493892,Product_052
2023-12-18,133.26813818664942,Product_052
2023-12-25,133.67546065656586,Product_052
2024-01-01,128.65798672053916,Product_052
2024-01-08,135.88928280193537,Product_052
2024-01-15,136.83959508603917,Product_052
2024-01-22,151.22702196239862,Product_052
2024-01-29,148.70655106170977,Product_052
2024-02-05,154.4854339422291,Product_052
2024-02-12,158.71754404461979,Product_052
2024-02-19,155.95243716499297,Product_052
2024-02-26,155.70520432954117,Product_052
2024-03-04,159.799640275057,Product_052
2024-03-11,167.47437256196218,Product_052
2024-03-18,162.00128236344312,Product_052
2024-03-25,163.83000686043627,Product_052
2024-04-01,165.09662000827748,Product_052
2024-04-08,163.07452701749193,Product_052
2024-04-15,169.2511767436192,Product_052
2024-04-22,160.30166992617418,Product_052
2024-04-29,161.3886749920209,Product_052
2024-05-06,345.03226546591196,Product_052
2024-05-13,153.63221814613067,Product_052
2024-05-20,156.7063067539966,Product_052
2024-05-27,159.36966133026272,Product_052
2024-06-03,154.83088597064992,Product_052
2024-06-10,156.454440101999,Product_052
2024-06-17,143.89539775195584,Product_052
2024-06-24,142.63406038408036,Product_052
2024-07-01,137.70448316671013,Product_052
2024-07-08,139.40205016990967,Product_052
2024-07-15,133.707656843112,Product_052
2024-07-22,140.10735310837615,Product_052
2024-07-29,127.4812703450467,Product_052
2024-08-05,122.50939312748078,Product_052
2024-08-12,131.1906003167997,Product_052
2024-08-19,730.1235085883561,Product_052
2024-08-26,114.86518366685642,Product_052
2024-09-02,116.02637899982942,Product_052
2024-09-09,120.5010803193829,Product_052
2024-09-16,120.25660190443968,Product_052
2024-09-23,122.45658952377964,Product_052
2024-09-30,122.5819007667616,Product_052
2024-10-07,125.4259365732256,Product_052
2024-10-14,115.2793888190881,Product_052
2024-10-21,125.79988262403629,Product_052
2024-10-28,126.56955003658673,Product_052
2024-11-04,117.79777409145862,Product_052
2024-11-11,121.74003884823135,Product_052
2024-11-18,541.2541345787852,Product_052
2024-11-25,532.2052131575285,Product_052
2024-12-02,135.7910854993346,Product_052
2024-12-09,140.534719865632,Product_052
2024-12-16,141.67912376714858,Product_052
2024-12-23,144.7300475950895,Product_052
2024-12-30,146.87216606037117,Product_052
2023-01-02,115.68798886029873,Product_053
2023-01-09,123.1339326893192,Product_053
2023-01-16,122.06495325559153,Product_053
2023-01-23,130.057223252982,Product_053
2023-01-30,132.94631393388667,Product_053
2023-02-06,133.9446404363351,Product_053
2023-02-13,134.6911448753993,Product_053
2023-02-20,140.60539579780684,Product_053
2023-02-27,140.45109294223667,Product_053
2023-03-06,145.42964557195174,Product_053
2023-03-13,143.00694399498025,Product_053
2023-03-20,149.9573047717873,Product_053
2023-03-27,140.391865554115,Product_053
2023-04-03,152.83019049934887,Product_053
2023-04-10,145.47966622933183,Product_053
2023-04-17,148.17808333837237,Product_053
2023-04-24,145.77538336576566,Product_053
2023-05-01,142.82313018735007,Product_053
2023-05-08,142.3929538242819,Product_053
2023-05-15,143.37412288048472,Product_053
2023-05-22,294.2946984346722,Product_053
2023-05-29,139.1889635818096,Product_053
2023-06-05,135.8319686327849,Product_053
2023-06-12,127.97451095736642,Product_053
2023-06-19,125.9266639282216,Product_053
2023-06-26,132.02045072214125,Product_053
2023-07-03,125.43015263797191,Product_053
2023-07-10,118.38023675472556,Product_053
2023-07-17,118.39633213602855,Product_053
2023-07-24,115.0803666720455,Product_053
2023-07-31,6.111513907732834,Product_053
2023-08-07,111.05099659598895,Product_053
2023-08-14,108.24937731879479,Product_053
2023-08-21,109.06011440112492,Product_053
2023-08-28,116.32227963142667,Product_053
2023-09-04,111.15806002422045,Product_053
2023-09-11,104.49522840728402,Product_053
2023-09-18,102.79872887117263,Product_053
2023-09-25,98.91825745587036,Product_053
2023-10-02,104.75628741278037,Product_053
2023-10-09,103.8858842308777,Product_053
2023-10-16,109.33407047959632,Product_053
2023-10-23,109.35137108825249,Product_053
2023-10-30,105.80874390502618,Product_053
2023-11-06,105.46442368689,Product_053
2023-11-13,114.97083231487952,Product_053
2023-11-20,430.9452914570986,Product_053
2023-11-27,463.0584911704519,Product_053
2023-12-04,120.54682710867387,Product_053
2023-12-11,117.95872500622404,Product_053
2023-12-18,125.84205727977597,Product_053
2023-12-25,126.53680173597833,Product_053
2024-01-01,136.02795541209517,Product_053
2024-01-08,132.59969804349177,Product_053
2024-01-15,139.83389655426768,Product_053
2024-01-22,139.03253708892632,Product_053
2024-01-29,150.607879843404,Product_053
2024-02-05,150.08660796269064,Product_053
2024-02-12,154.908715568298,Product_053
2024-02-19,153.70365186282973,Product_053
2024-02-26,156.07125544555453,Product_053
2024-03-04,157.5607182848081,Product_053
2024-03-11,162.00281377757776,Product_053
2024-03-18,163.14192025188632,Product_053
2024-03-25,159.48758041206355,Product_053
2024-04-01,161.07207337309794,Product_053
2024-04-08,164.52576077006412,Product_053
2024-04-15,162.6641084900348,Product_053
2024-04-22,165.68525566974148,Product_053
2024-04-29,160.4889923807218,Product_053
2024-05-06,334.4346515054226,Product_053
2024-05-13,156.18536322598138,Product_053
2024-05-20,160.3743968827156,Product_053
2024-05-27,153.14178807739967,Product_053
2024-06-03,156.71383692820103,Product_053
2024-06-10,139.07920847083003,Product_053
2024-06-17,142.313765160173,Product_053
2024-06-24,140.57455998936342,Product_053
2024-07-01,147.7865941230096,Product_053
2024-07-08,143.4570524935826,Product_053
2024-07-15,136.52557927568162,Product_053
2024-07-22,136.21655393759096,Product_053
2024-07-29,131.1852481939751,Product_053
2024-08-05,126.80127613070132,Product_053
2024-08-12,127.16966285005182,Product_053
2024-08-19,731.3387258675991,Product_053
2024-08-26,110.81250175332096,Product_053
2024-09-02,126.69707983016477,Product_053
2024-09-09,120.52621844628639,Product_053
2024-09-16,125.26089705595885,Product_053
2024-09-23,127.4903830550181,Product_053
2024-09-30,118.71783461690501,Product_053
2024-10-07,117.75361051119991,Product_053
2024-10-14,121.49065232844293,Product_053
2024-10-21,123.21539836690377,Product_053
2024-10-28,127.63375837648314,Product_053
2024-11-04,132.86882577752561,Product_053
2024-11-11,128.6205555571973,Product_053
2024-11-18,535.9193140837219,Product_053
2024-11-25,522.1468952078236,Product_053
2024-12-02,137.8408965725997,Product_053
2024-12-09,138.79561567699017,Product_053
2024-12-16,148.81357194352148,Product_053
2024-12-23,137.56348820665406,Product_053
2024-12-30,151.3263116865674,Product_053
2023-01-02,126.35582115438739,Product_054
2023-01-09,126.32656446678392,Product_054
2023-01-16,123.84365208340469,Product_054
2023-01-23,127.06495238714517,Product_054
2023-01-30,125.55011629655444,Product_054
2023-02-06,125.82271045051827,Product_054
2023-02-13,136.96608649783883,Product_054
2023-02-20,135.0423409708868,Product_054
2023-02-27,144.2839780291982,Product_054
2023-03-06,134.5072806464397,Product_054
2023-03-13,145.35796335945892,Product_054
2023-03-20,149.30143907601746,Product_054
2023-03-27,148.94861397428076,Product_054
2023-04-03,149.07571973121085,Product_054
2023-04-10,145.6852082502098,Product_054
2023-04-17,142.98673764551356,Product_054
2023-04-24,147.05208698167772,Product_054
2023-05-01,142.65863627567535,Product_054
2023-05-08,142.47402767682712,Product_054
2023-05-15,143.45194271347634,Product_054
2023-05-22,276.67509237860185,Product_054
2023-05-29,139.68299362160244,Product_054
2023-06-05,132.49919090883253,Product_054
2023-06-12,136.25524714107587,Product_054
2023-06-19,127.40182215084302,Product_054
2023-06-26,128.8150058885898,Product_054
2023-07-03,126.77542228434483,Product_054
2023-07-10,127.21223969373938,Product_054
2023-07-17,120.81663671028802,Product_054
2023-07-24,119.97575431732702,Product_054
2023-07-31,5.65080522341323,Product_054
2023-08-07,112.165460202603,Product_054
2023-08-14,117.53773447183256,Product_054
2023-08-21,100.65546344997645,Product_054
2023-08-28,97.54528319079706,Product_054
2023-09-04,101.85916209222727,Product_054
2023-09-11,106.485962843529,Product_054
2023-09-18,100.32332631266263,Product_054
2023-09-25,103.61145945316046,Product_054
2023-10-02,101.38983238571168,Product_054
2023-10-09,100.78857678001607,Product_054
2023-10-16,106.19173327312343,Product_054
2023-10-23,114.76197446961478,Product_054
2023-10-30,112.09247133486711,Product_054
2023-11-06,112.5103369668409,Product_054
2023-11-13,113.75499089907717,Product_054
2023-11-20,472.4445156176223,Product_054
2023-11-27,472.2660992302708,Product_054
2023-12-04,110.75558622353569,Product_054
2023-12-11,127.4864152990404,Product_054
2023-12-18,126.57253119777009,Product_054
2023-12-25,130.6420376921176,Product_054
2024-01-01,133.77110983684653,Product_054
2024-01-08,140.14887280293948,Product_054
2024-01-15,141.4258053536162,Product_054
2024-01-22,137.54248220945107,Product_054
2024-01-29,144.90734509540593,Product_054
2024-02-05,148.97370481897158,Product_054
2024-02-12,151.38862919246057,Product_054
2024-02-19,157.17907992306917,Product_054
2024-02-26,154.1306614763342,Product_054
2024-03-04,163.34042114861523,Product_054
2024-03-11,161.53355053338913,Product_054
2024-03-18,158.19886602457254,Product_054
2024-03-25,163.34477047258446,Product_054
2024-04-01,167.38071507393164,Product_054
2024-04-08,167.30438596336995,Product_054
2024-04-15,166.28635239733902,Product_054
2024-04-22,159.2242393563723,Product_054
2024-04-29,164.04794541740966,Product_054
2024-05-06,323.4050402136486,Product_054
2024-05-13,166.17190234734915,Product_054
2024-05-20,165.83227595909395,Product_054
2024-05-27,159.6614862659001,Product_054
2024-06-03,160.73084363112238,Product_054
2024-06-10,154.06858428135322,Product_054
2024-06-17,146.70808601003088,Product_054
2024-06-24,138.4156457104051,Product_054
2024-07-01,146.03076558403484,Product_054
2024-07-08,142.41164362977466,Product_054
2024-07-15,139.7091426283275,Product_054
2024-07-22,137.47843293103787,Product_054
2024-07-29,135.53296233528434,Product_054
2024-08-05,126.24484725013596,Product_054
2024-08-12,131.5655510829545,Product_054
2024-08-19,725.4399775352877,Product_054
2024-08-26,121.66067743222635,Product_054
2024-09-02,124.59400516688459,Product_054
2024-09-09,122.499546228393,Product_054
2024-09-16,118.4598632665182,Product_054
2024-09-23,127.74769314331722,Product_054
2024-09-30,124.58691407817132,Product_054
2024-10-07,115.58287593370345,Product_054
2024-10-14,126.02967080796205,Product_054
2024-10-21,125.71737190013191,Product_054
2024-10-28,128.9210465751027,Product_054
2024-11-04,131.72380108097536,Product_054
2024-11-11,130.3743638143101,Product_054
2024-11-18,533.3413288337833,Product_054
2024-11-25,517.9330137143836,Product_054
2024-12-02,138.43578285022483,Product_054
2024-12-09,143.64519630558493,Product_054
2024-12-16,137.97448689434995,Product_054
2024-12-23,146.19477621666255,Product_054
2024-12-30,154.08861969876455,Product_054
2023-01-02,106.66091780218144,Product_055
2023-01-09,108.02749636565247,Product_055
2023-01-16,124.17355342876219,Product_055
2023-01-23,116.03511832776283,Product_055
2023-01-30,126.13944559436187,Product_055
2023-02-06,127.1202046537154,Product_055
2023-02-13,128.04926499208437,Product_055
2023-02-20,123.82708313128676,Product_055
2023-02-27,130.227279891495,Product_055
2023-03-06,138.7640103329593,Product_055
2023-03-13,139.6855203266744,Product_055
2023-03-20,135.439185038741,Product_055
2023-03-27,141.80746733488695,Product_055
2023-04-03,137.05488389065354,Product_055
2023-04-10,141.30939898317789,Product_055
2023-04-17,140.80785401140028,Product_055
2023-04-24,133.56874390036626,Product_055
2023-05-01,136.3866061376106,Product_055
2023-05-08,137.05521846337854,Product_055
2023-05-15,133.8737174858216,Product_055
2023-05-22,273.9975377989251,Product_055
2023-05-29,125.33585544602403,Product_055
2023-06-05,128.15883477004508,Product_055
2023-06-12,120.64589493137375,Product_055
2023-06-19,123.71130340141366,Product_055
2023-06-26,118.27475913201842,Product_055
2023-07-03,117.28321343146757,Product_055
2023-07-10,118.13123053901181,Product_055
2023-07-17,101.87994758809378,Product_055
2023-07-24,113.23712148059994,Product_055
2023-07-31,5.608283916664799,Product_055
2023-08-07,103.40352929358214,Product_055
2023-08-14,104.66014169190052,Product_055
2023-08-21,95.92513515880042,Product_055
2023-08-28,105.8198121881137,Product_055
2023-09-04,98.81793668936878,Product_055
2023-09-11,102.65584123089181,Product_055
2023-09-18,95.20009231718825,Product_055
2023-09-25,97.36230893814412,Product_055
2023-10-02,95.69120212245116,Product_055
2023-10-09,99.03253184435002,Product_055
2023-10-16,96.14354533434191,Product_055
2023-10-23,97.95100877485561,Product_055
2023-10-30,95.56847265109276,Product_055
2023-11-06,95.81826140017773,Product_055
2023-11-13,107.35443801898211,Product_055
2023-11-20,467.2653516550719,Product_055
2023-11-27,473.3678894886256,Product_055
2023-12-04,111.73441946303652,Product_055
2023-12-11,118.64877512955901,Product_055
2023-12-18,125.13893044884196,Product_055
2023-12-25,128.5291371333513,Product_055
2024-01-01,124.23804285395656,Product_055
2024-01-08,137.47157322266284,Product_055
2024-01-15,135.88616327170305,Product_055
2024-01-22,134.88007353083438,Product_055
2024-01-29,143.42448896279907,Product_055
2024-02-05,147.4657692431445,Product_055
2024-02-12,149.64158698609177,Product_055
2024-02-19,154.87972194930853,Product_055
2024-02-26,149.25599868183232,Product_055
2024-03-04,153.78629632312052,Product_055
2024-03-11,152.23958929334773,Product_055
2024-03-18,163.24693740959208,Product_055
2024-03-25,162.03338192464705,Product_055
2024-04-01,162.67811796914148,Product_055
2024-04-08,160.77087576984934,Product_055
2024-04-15,160.6283076554435,Product_055
2024-04-22,161.26247705649436,Product_055
2024-04-29,166.09647213793568,Product_055
2024-05-06,336.53697618576354,Product_055
2024-05-13,161.42302988384557,Product_055
2024-05-20,148.28223936256748,Product_055
2024-05-27,154.14271780290227,Product_055
2024-06-03,153.64807165905322,Product_055
2024-06-10,137.21990119657116,Product_055
2024-06-17,142.56311538579752,Product_055
2024-06-24,148.9797690578153,Product_055
2024-07-01,140.82363899213905,Product_055
2024-07-08,135.9658726036099,Product_055
2024-07-15,137.57737419964585,Product_055
2024-07-22,125.31679492240619,Product_055
2024-07-29,130.6977175058766,Product_055
2024-08-05,126.31496494595868,Product_055
2024-08-12,124.5603377756085,Product_055
2024-08-19,723.5180927978461,Product_055
2024-08-26,118.69935283452416,Product_055
2024-09-02,120.59038669487578,Product_055
2024-09-09,125.8340734764848,Product_055
2024-09-16,121.06769940949071,Product_055
2024-09-23,121.5050750634499,Product_055
2024-09-30,116.73348229040677,Product_055
2024-10-07,120.71455993613738,Product_055
2024-10-14,112.93844132635328,Product_055
2024-10-21,128.99903421619203,Product_055
2024-10-28,124.21361459403609,Product_055
2024-11-04,125.61952362880709,Product_055
2024-11-11,119.78581101896691,Product_055
2024-11-18,525.6406396116502,Product_055
2024-11-25,524.5659841006701,Product_055
2024-12-02,135.91220418002823,Product_055
2024-12-09,139.71825469773003,Product_055
2024-12-16,142.30661458503403,Product_055
2024-12-23,147.4035747070464,Product_055
2024-12-30,145.85535198146704,Product_055
2023-01-02,104.23173021773843,Product_056
2023-01-09,104.07340664097059,Product_056
2023-01-16,110.01660676303635,Product_056
2023-01-23,116.33746356988978,Product_056
2023-01-30,120.08688113352918,Product_056
2023-02-06,120.28670197601876,Product_056
2023-02-13,123.24577042126973,Product_056
2023-02-20,123.72731826013175,Product_056
2023-02-27,125.9860086524651,Product_056
2023-03-06,124.5353481397059,Product_056
2023-03-13,131.2713027764701,Product_056
2023-03-20,132.33091084569125,Product_056
2023-03-27,129.9122889316418,Product_056
2023-04-03,133.2421119378142,Product_056
2023-04-10,137.00675761252617,Product_056
2023-04-17,126.96775044962713,Product_056
2023-04-24,129.36979498696746,Product_056
2023-05-01,128.18004473328614,Product_056
2023-05-08,133.66808809786554,Product_056
2023-05-15,131.50357297295383,Product_056
2023-05-22,257.2571479673943,Product_056
2023-05-29,121.09463255667879,Product_056
2023-06-05,123.01476845693315,Product_056
2023-06-12,125.20939034019106,Product_056
2023-06-19,120.45731418003763,Product_056
2023-06-26,111.06972564273994,Product_056
2023-07-03,123.27817484620351,Product_056
2023-07-10,106.80150144060829,Product_056
2023-07-17,104.30259430598097,Product_056
2023-07-24,102.22412000537982,Product_056
2023-07-31,4.835857603477969,Product_056
2023-08-07,107.03801061742577,Product_056
2023-08-14,93.43738782342355,Product_056
2023-08-21,104.55601306442838,Product_056
2023-08-28,93.24771703483445,Product_056
2023-09-04,97.8160177356556,Product_056
2023-09-11,96.20619491928842,Product_056
2023-09-18,96.59863651136425,Product_056
2023-09-25,95.42157578076096,Product_056
2023-10-02,88.58353794933718,Product_056
2023-10-09,93.56296341117208,Product_056
2023-10-16,98.7470237424581,Product_056
2023-10-23,99.52089235392357,Product_056
2023-10-30,99.28172351045306,Product_056
2023-11-06,101.30632219415024,Product_056
2023-11-13,100.97040277057542,Product_056
2023-11-20,407.03213079041194,Product_056
2023-11-27,428.4091889711667,Product_056
2023-12-04,113.3494421381526,Product_056
2023-12-11,116.82752778717479,Product_056
2023-12-18,120.65542331389014,Product_056
2023-12-25,122.24190781237102,Product_056
2024-01-01,131.11567510355613,Product_056
2024-01-08,124.18478416374462,Product_056
2024-01-15,133.04749984986327,Product_056
2024-01-22,135.62281318704606,Product_056
2024-01-29,142.7446648146671,Product_056
2024-02-05,143.57615244432873,Product_056
2024-02-12,145.6311004726729,Product_056
2024-02-19,151.44503019159035,Product_056
2024-02-26,155.74681466149391,Product_056
2024-03-04,150.9395131493105,Product_056
2024-03-11,162.08769543663428,Product_056
2024-03-18,163.58237118725887,Product_056
2024-03-25,150.92166609483505,Product_056
2024-04-01,157.02621944931406,Product_056
2024-04-08,159.24814995072302,Product_056
2024-04-15,155.65689886660874,Product_056
2024-04-22,149.86969702893444,Product_056
2024-04-29,162.177409775972,Product_056
2024-05-06,337.40799587579323,Product_056
2024-05-13,157.63130293780165,Product_056
2024-05-20,150.67594867145326,Product_056
2024-05-27,150.6112403666359,Product_056
2024-06-03,142.85758345773777,Product_056
2024-06-10,148.53740159948921,Product_056
2024-06-17,134.79739933473093,Product_056
2024-06-24,137.63873797940565,Product_056
2024-07-01,139.41556084568037,Product_056
2024-07-08,134.91803424586627,Product_056
2024-07-15,135.40712434089824,Product_056
2024-07-22,131.18508934798498,Product_056
2024-07-29,131.93302810484266,Product_056
2024-08-05,121.1466941493832,Product_056
2024-08-12,128.112871289437,Product_056
2024-08-19,726.508247176139,Product_056
2024-08-26,120.69030281765534,Product_056
2024-09-02,125.52235957989728,Product_056
2024-09-09,119.13311029514716,Product_056
2024-09-16,113.48964956183826,Product_056
2024-09-23,124.0878754591658,Product_056
2024-09-30,117.38214214463252,Product_056
2024-10-07,117.15562193328294,Product_056
2024-10-14,118.10390033263258,Product_056
2024-10-21,117.00514386603501,Product_056
2024-10-28,123.87190309263684,Product_056
2024-11-04,120.90310386965425,Product_056
2024-11-11,130.89099291452422,Product_056
2024-11-18,535.7090243054754,Product_056
2024-11-25,528.5974265750353,Product_056
2024-12-02,131.75634606322024,Product_056
2024-12-09,134.4194551940179,Product_056
2024-12-16,140.9329811078332,Product_056
2024-12-23,145.94680569550576,Product_056
2024-12-30,155.2167278488478,Product_056
2023-01-02,96.80126753153515,Product_057
2023-01-09,98.33091348162746,Product_057
2023-01-16,100.65444549017614,Product_057
2023-01-23,97.90945445401105,Product_057
2023-01-30,99.54209155453678,Product_057
2023-02-06,105.1398623229181,Product_057
2023-02-13,106.78852626328171,Product_057
2023-02-20,114.93979667099251,Product_057
2023-02-27,116.17475835077028,Product_057
2023-03-06,118.67875195640644,Product_057
2023-03-13,119.97964877964897,Product_057
2023-03-20,120.82942654097535,Product_057
2023-03-27,118.01590120753865,Product_057
2023-04-03,117.15526638847544,Product_057
2023-04-10,121.40967797364482,Product_057
2023-04-17,118.35479846313173,Product_057
2023-04-24,120.59760197863443,Product_057
2023-05-01,119.75086102019424,Product_057
2023-05-08,118.99378515392327,Product_057
2023-05-15,118.22399241733201,Product_057
2023-05-22,248.15688561760047,Product_057
2023-05-29,115.86337022405857,Product_057
2023-06-05,114.03785091291363,Product_057
2023-06-12,105.32024445157563,Product_057
2023-06-19,107.72366898763234,Product_057
2023-06-26,106.75061881179128,Product_057
2023-07-03,104.32372342037208,Product_057
2023-07-10,98.05700668427212,Product_057
2023-07-17,109.76832992522507,Product_057
2023-07-24,103.42599857179928,Product_057
2023-07-31,4.936301532761583,Product_057
2023-08-07,89.07603451916583,Product_057
2023-08-14,93.54687130126051,Product_057
2023-08-21,91.8779853187347,Product_057
2023-08-28,89.02679272670923,Product_057
2023-09-04,80.56378346226352,Product_057
2023-09-11,82.72703573933215,Product_057
2023-09-18,91.28668807439267,Product_057
2023-09-25,92.80613643954808,Product_057
2023-10-02,89.96198172628112,Product_057
2023-10-09,83.39782469847263,Product_057
2023-10-16,85.63372911661195,Product_057
2023-10-23,96.75602469619972,Product_057
2023-10-30,85.3426379707328,Product_057
2023-11-06,95.31875160801174,Product_057
2023-11-13,93.93647941266867,Product_057
2023-11-20,424.38929331196516,Product_057
2023-11-27,419.4179670396894,Product_057
2023-12-04,107.34201698060335,Product_057
2023-12-11,111.21768256524697,Product_057
2023-12-18,110.72839431543721,Product_057
2023-12-25,118.6136291597123,Product_057
2024-01-01,122.65498787682685,Product_057
2024-01-08,121.37718150227985,Product_057
2024-01-15,129.06321743201673,Product_057
2024-01-22,127.67226423455865,Product_057
2024-01-29,141.6542683671632,Product_057
2024-02-05,130.1997344991948,Product_057
2024-02-12,141.65979346749128,Product_057
2024-02-19,145.76568521019925,Product_057
2024-02-26,143.82377968824676,Product_057
2024-03-04,149.40276997556464,Product_057
2024-03-11,146.32294614759883,Product_057
2024-03-18,153.93707546292066,Product_057
2024-03-25,148.67299756086578,Product_057
2024-04-01,151.43988932792072,Product_057
2024-04-08,154.50808058454479,Product_057
2024-04-15,147.90155441055347,Product_057
2024-04-22,153.68892952328153,Product_057
2024-04-29,156.95473107766884,Product_057
2024-05-06,316.1554102265899,Product_057
2024-05-13,151.56065741130948,Product_057
2024-05-20,144.38962829831794,Product_057
2024-05-27,153.10711231218144,Product_057
2024-06-03,143.82657097380078,Product_057
2024-06-10,142.47904069945312,Product_057
2024-06-17,145.36036850830976,Product_057
2024-06-24,133.7540632768282,Product_057
2024-07-01,137.62614806455957,Product_057
2024-07-08,135.34887792930166,Product_057
2024-07-15,137.6965458399907,Product_057
2024-07-22,124.26153789907238,Product_057
2024-07-29,130.68811426043317,Product_057
2024-08-05,126.6605209756059,Product_057
2024-08-12,121.57320164085104,Product_057
2024-08-19,722.2857379232119,Product_057
2024-08-26,114.53448326964367,Product_057
2024-09-02,110.51650738108874,Product_057
2024-09-09,123.78607745093366,Product_057
2024-09-16,121.30729558301037,Product_057
2024-09-23,121.56257613224915,Product_057
2024-09-30,121.97591170214366,Product_057
2024-10-07,115.84807539242341,Product_057
2024-10-14,121.23640966373101,Product_057
2024-10-21,125.98015244612048,Product_057
2024-10-28,124.60457785246149,Product_057
2024-11-04,128.21552827475577,Product_057
2024-11-11,129.623552059908,Product_057
2024-11-18,525.6101348741668,Product_057
2024-11-25,539.5928594550137,Product_057
2024-12-02,135.8967193432866,Product_057
2024-12-09,137.14913944351062,Product_057
2024-12-16,146.85184456853932,Product_057
2024-12-23,141.169959160477,Product_057
2024-12-30,152.07614404289615,Product_057
2023-01-02,101.27555224485516,Product_058
2023-01-09,100.71092674136015,Product_058
2023-01-16,106.79941917763949,Product_058
2023-01-23,110.00222469296152,Product_058
2023-01-30,120.951558508487,Product_058
2023-02-06,117.71872904764838,Product_058
2023-02-13,111.73250110008856,Product_058
2023-02-20,116.4401808883144,Product_058
2023-02-27,125.74715584837335,Product_058
2023-03-06,126.71641990229372,Product_058
2023-03-13,124.14481185464014,Product_058
2023-03-20,129.55121744785808,Product_058
2023-03-27,133.42261614161725,Product_058
2023-04-03,125.85068559556446,Product_058
2023-04-10,126.36646671925122,Product_058
2023-04-17,135.47458041390337,Product_058
2023-04-24,129.41017575785546,Product_058
2023-05-01,130.0973958877376,Product_058
2023-05-08,129.13755630159005,Product_058
2023-05-15,133.197234563365,Product_058
2023-05-22,251.74612538520608,Product_058
2023-05-29,124.20340612563709,Product_058
2023-06-05,124.46068762225873,Product_058
2023-06-12,120.14509763864214,Product_058
2023-06-19,107.19240930876576,Product_058
2023-06-26,119.79892718862216,Product_058
2023-07-03,116.44133437126155,Product_058
2023-07-10,114.39121863119365,Product_058
2023-07-17,104.52257297868832,Product_058
2023-07-24,101.35959877641541,Product_058
2023-07-31,5.098427440031204,Product_058
2023-08-07,101.76233073285597,Product_058
2023-08-14,103.29245863744845,Product_058
2023-08-21,93.80234917786564,Product_058
2023-08-28,86.96723138092926,Product_058
2023-09-04,92.75278020069058,Product_058
2023-09-11,97.29103880422464,Product_058
2023-09-18,84.12757686130087,Product_058
2023-09-25,99.0778122977667,Product_058
2023-10-02,85.16892096551804,Product_058
2023-10-09,94.89644399733152,Product_058
2023-10-16,100.50946762740517,Product_058
2023-10-23,94.35000223961569,Product_058
2023-10-30,98.50536284590689,Product_058
2023-11-06,99.61330905831218,Product_058
2023-11-13,103.40113158052566,Product_058
2023-11-20,392.86880648223644,Product_058
2023-11-27,449.2080106899128,Product_058
2023-12-04,107.45068992952741,Product_058
2023-12-11,114.21154332961288,Product_058
2023-12-18,116.85752541727078,Product_058
2023-12-25,119.99506019856942,Product_058
2024-01-01,122.88638406624341,Product_058
2024-01-08,118.96215198972747,Product_058
2024-01-15,136.90906150631278,Product_058
2024-01-22,129.45973758436068,Product_058
2024-01-29,138.07991072604977,Product_058
2024-02-05,141.20726446762345,Product_058
2024-02-12,147.87707535611463,Product_058
2024-02-19,144.4358525281428,Product_058
2024-02-26,151.5178805425618,Product_058
2024-03-04,156.20291525524087,Product_058
2024-03-11,152.61739991581493,Product_058
2024-03-18,159.86937994589002,Product_058
2024-03-25,156.55019726318105,Product_058
2024-04-01,155.57358043943205,Product_058
2024-04-08,160.50247781192235,Product_058
2024-04-15,160.41015006484744,Product_058
2024-04-22,154.1980077735034,Product_058
2024-04-29,150.60701290358682,Product_058
2024-05-06,328.0197924167695,Product_058
2024-05-13,151.4053352107024,Product_058
2024-05-20,158.36736109808146,Product_058
2024-05-27,159.77561832099303,Product_058
2024-06-03,143.2676014148452,Product_058
2024-06-10,137.97721848999595,Product_058
2024-06-17,141.20788574365017,Product_058
2024-06-24,142.0953054561111,Product_058
2024-07-01,133.00761669186784,Product_058
2024-07-08,130.21507854464573,Product_058
2024-07-15,129.24794207935545,Product_058
2024-07-22,136.84937624355766,Product_058
2024-07-29,135.1930717780535,Product_058
2024-08-05,115.29813790894194,Product_058
2024-08-12,122.88556063831739,Product_058
2024-08-19,718.9075170144894,Product_058
2024-08-26,125.38203944221563,Product_058
2024-09-02,117.28297421359369,Product_058
2024-09-09,120.68153573024864,Product_058
2024-09-16,113.95680348299659,Product_058
2024-09-23,115.69027230904915,Product_058
2024-09-30,111.749605405775,Product_058
2024-10-07,126.37043812797467,Product_058
2024-10-14,119.43238286381136,Product_058
2024-10-21,121.88341913847992,Product_058
2024-10-28,124.18585822583483,Product_058
2024-11-04,122.38828195713627,Product_058
2024-11-11,124.87764389382123,Product_058
2024-11-18,499.7875969593537,Product_058
2024-11-25,524.4421311790626,Product_058
2024-12-02,131.1378230847249,Product_058
2024-12-09,142.17298324039803,Product_058
2024-12-16,150.38638725282715,Product_058
2024-12-23,151.52141263102166,Product_058
2024-12-30,154.70001857732453,Product_058
2023-01-02,110.82146892067247,Product_059
2023-01-09,117.02168499350753,Product_059
2023-01-16,119.18039933878117,Product_059
2023-01-23,125.76920199613386,Product_059
2023-01-30,123.53208079451902,Product_059
2023-02-06,130.1461124381094,Product_059
2023-02-13,124.11100229278547,Product_059
2023-02-20,135.06649682079404,Product_059
2023-02-27,140.15224540776524,Product_059
2023-03-06,140.28812254456582,Product_059
2023-03-13,152.04329120882403,Product_059
2023-03-20,145.80130635438024,Product_059
2023-03-27,145.11268150015536,Product_059
2023-04-03,134.87720862091328,Product_059
2023-04-10,141.46906652505388,Product_059
2023-04-17,140.274355865174,Product_059
2023-04-24,145.21331599263638,Product_059
2023-05-01,144.67400304786173,Product_059
2023-05-08,136.04073765283704,Product_059
2023-05-15,147.30704483923458,Product_059
2023-05-22,276.2700124990445,Product_059
2023-05-29,138.1452260397441,Product_059
2023-06-05,127.85262038981946,Product_059
2023-06-12,125.7507468720872,Product_059
2023-06-19,124.84804277258816,Product_059
2023-06-26,124.04764745390705,Product_059
2023-07-03,129.66568953968462,Product_059
2023-07-10,120.09144765201876,Product_059
2023-07-17,111.49952905842883,Product_059
2023-07-24,118.37446952934717,Product_059
2023-07-31,5.592441383008406,Product_059
2023-08-07,111.2917712280488,Product_059
2023-08-14,106.64480276600287,Product_059
2023-08-21,110.85934160634164,Product_059
2023-08-28,97.71139147851294,Product_059
2023-09-04,103.58915749332508,Product_059
2023-09-11,105.57533345209592,Product_059
2023-09-18,98.83253995744539,Product_059
2023-09-25,99.15348629671111,Product_059
2023-10-02,103.32426230630257,Product_059
2023-10-09,105.44394987419706,Product_059
2023-10-16,102.42774010839403,Product_059
2023-10-23,107.1364094886749,Product_059
2023-10-30,106.6040884666717,Product_059
2023-11-06,103.49255691146881,Product_059
2023-11-13,115.31086370272651,Product_059
2023-11-20,471.5899965752124,Product_059
2023-11-27,442.34658314410376,Product_059
2023-12-04,120.99017978816178,Product_059
2023-12-11,116.7457547719006,Product_059
2023-12-18,123.87705446649655,Product_059
2023-12-25,136.08898217155433,Product_059
2024-01-01,126.48779639685763,Product_059
2024-01-08,140.25192635394393,Product_059
2024-01-15,130.994359595192,Product_059
2024-01-22,142.7006839976882,Product_059
2024-01-29,140.48399721745034,Product_059
2024-02-05,148.23338246006207,Product_059
2024-02-12,155.4148324096767,Product_059
2024-02-19,157.55072017368408,Product_059
2024-02-26,156.9062800804644,Product_059
2024-03-04,158.691422572833,Product_059
2024-03-11,156.92078438767845,Product_059
2024-03-18,160.4319496165687,Product_059
2024-03-25,161.29174173561378,Product_059
2024-04-01,166.78117469347418,Product_059
2024-04-08,166.3502882520873,Product_059
2024-04-15,160.7609132668582,Product_059
2024-04-22,159.52887090002991,Product_059
2024-04-29,161.36889313632074,Product_059
2024-05-06,348.4028401376519,Product_059
2024-05-13,152.53815038906023,Product_059
2024-05-20,149.0651684271637,Product_059
2024-05-27,159.5838396580968,Product_059
2024-06-03,151.1767947290928,Product_059
2024-06-10,145.03008102162943,Product_059
2024-06-17,145.15964617414187,Product_059
2024-06-24,140.32845230200084,Product_059
2024-07-01,141.42884191673542,Product_059
2024-07-08,137.75141303281606,Product_059
2024-07-15,137.97513610248524,Product_059
2024-07-22,132.39884591978097,Product_059
2024-07-29,122.05050897607009,Product_059
2024-08-05,132.3336121773795,Product_059
2024-08-12,121.60848494179059,Product_059
2024-08-19,723.6595281224284,Product_059
2024-08-26,126.70405430544466,Product_059
2024-09-02,123.33461060366054,Product_059
2024-09-09,118.20745667960465,Product_059
2024-09-16,118.82897508788018,Product_059
2024-09-23,115.98893145497908,Product_059
2024-09-30,117.39024389275701,Product_059
2024-10-07,120.09536278360002,Product_059
2024-10-14,123.95425096369553,Product_059
2024-10-21,126.34794143774326,Product_059
2024-10-28,126.69500952331808,Product_059
2024-11-04,130.49010739948673,Product_059
2024-11-11,126.02231744479515,Product_059
2024-11-18,543.1216022786316,Product_059
2024-11-25,542.9531229868008,Product_059
2024-12-02,139.1052758197597,Product_059
2024-12-09,138.44420833594455,Product_059
2024-12-16,141.29336540991375,Product_059
2024-12-23,141.66790615046435,Product_059
2024-12-30,151.57142140758918,Product_059
2023-01-02,104.57601243442382,Product_060
2023-01-09,108.7000824021945,Product_060
2023-01-16,117.81759343842555,Product_060
2023-01-23,116.66301903166739,Product_060
2023-01-30,118.30143164648135,Product_060
2023-02-06,126.10674941778755,Product_060
2023-02-13,128.07770720434576,Product_060
2023-02-20,127.83914631374273,Product_060
2023-02-27,132.8783325676283,Product_060
2023-03-06,128.1705985877557,Product_060
2023-03-13,134.4707306924834,Product_060
2023-03-20,136.58706358951878,Product_060
2023-03-27,134.76182049483717,Product_060
2023-04-03,135.9670846611073,Product_060
2023-04-10,138.18262955002646,Product_060
2023-04-17,135.24397938707915,Product_060
2023-04-24,133.34108145209393,Product_060
2023-05-01,132.58882025845054,Product_060
2023-05-08,134.21322593551932,Product_060
2023-05-15,135.29257823654135,Product_060
2023-05-22,272.27985706800513,Product_060
2023-05-29,128.17014499940362,Product_060
2023-06-05,129.27932679420934,Product_060
2023-06-12,129.57277152678208,Product_060
2023-06-19,124.1984942620227,Product_060
2023-06-26,116.50768399125958,Product_060
2023-07-03,115.47434335938225,Product_060
2023-07-10,117.97309990506773,Product_060
2023-07-17,116.16512538222992,Product_060
2023-07-24,114.67626672684175,Product_060
2023-07-31,5.660466593516943,Product_060
2023-08-07,111.92472775003917,Product_060
2023-08-14,99.83432600287051,Product_060
2023-08-21,103.9581546274738,Product_060
2023-08-28,101.9770118809599,Product_060
2023-09-04,96.85759778427763,Product_060
2023-09-11,97.79611770413486,Product_060
2023-09-18,92.15365363705865,Product_060
2023-09-25,97.68263531231713,Product_060
2023-10-02,95.04784779978807,Product_060
2023-10-09,97.02757666422252,Product_060
2023-10-16,98.90395225010859,Product_060
2023-10-23,101.77065855168065,Product_060
2023-10-30,100.57822799227789,Product_060
2023-11-06,103.08921895968122,Product_060
2023-11-13,111.0861447208553,Product_060
2023-11-20,464.1112716079384,Product_060
2023-11-27,458.89750017386916,Product_060
2023-12-04,122.36947858715845,Product_060
2023-12-11,114.60933961321763,Product_060
2023-12-18,119.96363168007545,Product_060
2023-12-25,124.06307121430676,Product_060
2024-01-01,137.7598281893438,Product_060
2024-01-08,132.47908331149776,Product_060
2024-01-15,126.58203397744306,Product_060
2024-01-22,134.72214932493006,Product_060
2024-01-29,142.6310737689027,Product_060
2024-02-05,150.54212070429944,Product_060
2024-02-12,142.50364287622193,Product_060
2024-02-19,147.26695399092497,Product_060
2024-02-26,154.19528287472338,Product_060
2024-03-04,149.31660543014314,Product_060
2024-03-11,160.90071776242837,Product_060
2024-03-18,157.85564809577056,Product_060
2024-03-25,157.75854920532117,Product_060
2024-04-01,159.65388866779327,Product_060
2024-04-08,159.46150396132822,Product_060
2024-04-15,160.6781003012952,Product_060
2024-04-22,162.28997600466062,Product_060
2024-04-29,153.42664467423793,Product_060
2024-05-06,321.3437560132772,Product_060
2024-05-13,147.55711243493985,Product_060
2024-05-20,152.16589136478194,Product_060
2024-05-27,152.99450207302613,Product_060
2024-06-03,141.89020296811805,Product_060
2024-06-10,151.55783995710797,Product_060
2024-06-17,141.9083795483067,Product_060
2024-06-24,140.67485154868277,Product_060
2024-07-01,146.63564501086586,Product_060
2024-07-08,135.1043641504268,Product_060
2024-07-15,130.19301481041242,Product_060
2024-07-22,135.91790973863567,Product_060
2024-07-29,126.03306347194055,Product_060
2024-08-05,127.22298721183883,Product_060
2024-08-12,123.6674826769375,Product_060
2024-08-19,722.191752763734,Product_060
2024-08-26,117.1002770022799,Product_060
2024-09-02,123.92870025687203,Product_060
2024-09-09,122.87369475696468,Product_060
2024-09-16,117.29397926710278,Product_060
2024-09-23,111.89561542906935,Product_060
2024-09-30,115.41444829912675,Product_060
2024-10-07,122.02677518692053,Product_060
2024-10-14,118.31778055142833,Product_060
2024-10-21,119.12293958422391,Product_060
2024-10-28,126.55434841308484,Product_060
2024-11-04,128.45259444997248,Product_060
2024-11-11,126.54239416116975,Product_060
2024-11-18,521.6316407349382,Product_060
2024-11-25,541.3206259041702,Product_060
2024-12-02,144.95349900907866,Product_060
2024-12-09,141.05349606892318,Product_060
2024-12-16,139.54309321399197,Product_060
2024-12-23,147.80360580453353,Product_060
2024-12-30,148.33991757466822,Product_060
2023-01-02,86.58937354131663,Product_061
2023-01-09,89.50213547291366,Product_061
2023-01-16,100.24051940359416,Product_061
2023-01-23,98.38723064849147,Product_061
2023-01-30,110.28765027665874,Product_061
2023-02-06,99.27202205684421,Product_061
2023-02-13,110.77403061323376,Product_061
2023-02-20,113.45413453845178,Product_061
2023-02-27,109.52157667694755,Product_061
2023-03-06,120.90972197715394,Product_061
2023-03-13,114.54232033617782,Product_061
2023-03-20,119.18839130473755,Product_061
2023-03-27,121.495130409671,Product_061
2023-04-03,121.94579991612179,Product_061
2023-04-10,123.35889171437913,Product_061
2023-04-17,122.55857660311501,Product_061
2023-04-24,124.3423972027194,Product_061
2023-05-01,128.45289627762207,Product_061
2023-05-08,127.56923846511272,Product_061
2023-05-15,127.54580282930125,Product_061
2023-05-22,247.88533025417337,Product_061
2023-05-29,115.27289839873482,Product_061
2023-06-05,114.43636477110249,Product_061
2023-06-12,118.48633346146438,Product_061
2023-06-19,109.27313968916381,Product_061
2023-06-26,110.32781348997949,Product_061
2023-07-03,108.47610751657552,Product_061
2023-07-10,100.60471217747299,Product_061
2023-07-17,96.41483586018855,Product_061
2023-07-24,101.29371151614868,Product_061
2023-07-31,4.706914621416541,Product_061
2023-08-07,91.70049241117611,Product_061
2023-08-14,93.09341675531736,Product_061
2023-08-21,88.46251357477124,Product_061
2023-08-28,93.59246727566351,Product_061
2023-09-04,86.23683274771618,Product_061
2023-09-11,87.46575662372896,Product_061
2023-09-18,94.26332911005885,Product_061
2023-09-25,88.90969028560295,Product_061
2023-10-02,83.17010667548554,Product_061
2023-10-09,87.54555012251515,Product_061
2023-10-16,94.49088485225454,Product_061
2023-10-23,93.4828143282211,Product_061
2023-10-30,88.51688863857049,Product_061
2023-11-06,96.13143510976329,Product_061
2023-11-13,95.58655082149447,Product_061
2023-11-20,370.99834580779964,Product_061
2023-11-27,438.31960079202247,Product_061
2023-12-04,102.05015549562141,Product_061
2023-12-11,108.83931057129071,Product_061
2023-12-18,113.02491002895445,Product_061
2023-12-25,117.46266657853805,Product_061
2024-01-01,116.27588711617416,Product_061
2024-01-08,119.60554286488608,Product_061
2024-01-15,128.72392729760838,Product_061
2024-01-22,123.54424700232099,Product_061
2024-01-29,131.41532157545402,Product_061
2024-02-05,132.36279043233841,Product_061
2024-02-12,140.67383919797285,Product_061
2024-02-19,149.9942689593824,Product_061
2024-02-26,147.16060146610837,Product_061
2024-03-04,148.00411606864654,Product_061
2024-03-11,148.08115851183666,Product_061
2024-03-18,148.76668900942087,Product_061
2024-03-25,157.50442280582305,Product_061
2024-04-01,158.1030220935232,Product_061
2024-04-08,151.324747452064,Product_061
2024-04-15,152.25227250899485,Product_061
2024-04-22,148.26614109221674,Product_061
2024-04-29,149.95372984180761,Product_061
2024-05-06,304.5093693550903,Product_061
2024-05-13,144.619278832881,Product_061
2024-05-20,151.68003535392785,Product_061
2024-05-27,141.9377579640359,Product_061
2024-06-03,140.85718990357543,Product_061
2024-06-10,135.86462905128244,Product_061
2024-06-17,139.41414528984143,Product_061
2024-06-24,142.72375268275755,Product_061
2024-07-01,128.36892533749779,Product_061
2024-07-08,136.6006230417992,Product_061
2024-07-15,135.85735877003998,Product_061
2024-07-22,120.61431816511335,Product_061
2024-07-29,124.73031049082452,Product_061
2024-08-05,132.56782556328375,Product_061
2024-08-12,117.41873178629548,Product_061
2024-08-19,725.5840564412368,Product_061
2024-08-26,117.86862708847092,Product_061
2024-09-02,116.61114787988024,Product_061
2024-09-09,115.54896886905937,Product_061
2024-09-16,122.0685557011488,Product_061
2024-09-23,110.96309344645559,Product_061
2024-09-30,123.45453964845214,Product_061
2024-10-07,114.14821139893998,Product_061
2024-10-14,119.88377125866171,Product_061
2024-10-21,124.60483551573817,Product_061
2024-10-28,115.16102630766119,Product_061
2024-11-04,122.55272289272922,Product_061
2024-11-11,127.663412688258,Product_061
2024-11-18,507.2522183728282,Product_061
2024-11-25,534.3532963039959,Product_061
2024-12-02,129.28052831365773,Product_061
2024-12-09,136.14682503500288,Product_061
2024-12-16,145.74771790959647,Product_061
2024-12-23,144.40016640252992,Product_061
2024-12-30,147.00415776905615,Product_061
2023-01-02,102.77470693528991,Product_062
2023-01-09,111.9451948276344,Product_062
2023-01-16,120.39827391144217,Product_062
2023-01-23,121.8811794371399,Product_062
2023-01-30,123.66808093865863,Product_062
2023-02-06,120.31066551230873,Product_062
2023-02-13,133.6078169253302,Product_062
2023-02-20,132.59110595060582,Product_062
2023-02-27,140.08310169151414,Product_062
2023-03-06,136.21894117124265,Product_062
2023-03-13,132.84223799305047,Product_062
2023-03-20,140.1845978764883,Product_062
2023-03-27,137.39822761813966,Product_062
2023-04-03,150.10801250682167,Product_062
2023-04-10,140.64769141958627,Product_062
2023-04-17,139.114423365581,Product_062
2023-04-24,137.89624728912347,Product_062
2023-05-01,136.22365589393982,Product_062
2023-05-08,138.49758447475878,Product_062
2023-05-15,129.69498999025458,Product_062
2023-05-22,247.42754000222976,Product_062
2023-05-29,133.9876084518857,Product_062
2023-06-05,126.99962257835139,Product_062
2023-06-12,121.48191844689015,Product_062
2023-06-19,128.69860619219284,Product_062
2023-06-26,120.65870757820231,Product_062
2023-07-03,121.88000315157721,Product_062
2023-07-10,118.65389437135747,Product_062
2023-07-17,117.26584090289052,Product_062
2023-07-24,115.97627858139624,Product_062
2023-07-31,5.42037614140528,Product_062
2023-08-07,105.51136687455832,Product_062
2023-08-14,103.88414836981757,Product_062
2023-08-21,101.36801435761244,Product_062
2023-08-28,99.55659526037645,Product_062
2023-09-04,102.41748246818509,Product_062
2023-09-11,93.39198051467042,Product_062
2023-09-18,108.3725644296381,Product_062
2023-09-25,104.48051177865324,Product_062
2023-10-02,99.25813602639523,Product_062
2023-10-09,101.43544781640165,Product_062
2023-10-16,104.63152108121413,Product_062
2023-10-23,102.32762606790827,Product_062
2023-10-30,106.9861727116305,Product_062
2023-11-06,103.94189202393376,Product_062
2023-11-13,111.68989824353083,Product_062
2023-11-20,445.3897525260935,Product_062
2023-11-27,466.96776504660994,Product_062
2023-12-04,117.86604176072515,Product_062
2023-12-11,124.87498379654457,Product_062
2023-12-18,126.69112269191248,Product_062
2023-12-25,122.28813872172505,Product_062
2024-01-01,130.1551560205163,Product_062
2024-01-08,135.5040328155636,Product_062
2024-01-15,139.14025281475998,Product_062
2024-01-22,137.7613633648938,Product_062
2024-01-29,143.3182843647818,Product_062
2024-02-05,141.3006421298061,Product_062
2024-02-12,148.37844011806047,Product_062
2024-02-19,148.93834109781233,Product_062
2024-02-26,153.1801593148426,Product_062
2024-03-04,155.4280154645598,Product_062
2024-03-11,163.54311602069146,Product_062
2024-03-18,157.18629482125246,Product_062
2024-03-25,157.03818397883416,Product_062
2024-04-01,169.79430052291355,Product_062
2024-04-08,165.75602816914045,Product_062
2024-04-15,159.6484140835567,Product_062
2024-04-22,170.7619504797151,Product_062
2024-04-29,148.40566821833877,Product_062
2024-05-06,322.9119918910536,Product_062
2024-05-13,157.44605692725844,Product_062
2024-05-20,153.00419181540425,Product_062
2024-05-27,152.14348143805398,Product_062
2024-06-03,142.1539820244438,Product_062
2024-06-10,156.5451322744249,Product_062
2024-06-17,141.3688529022292,Product_062
2024-06-24,144.6556156516751,Product_062
2024-07-01,138.68252228602074,Product_062
2024-07-08,137.77255401967128,Product_062
2024-07-15,127.18244682330196,Product_062
2024-07-22,134.85406657217905,Product_062
2024-07-29,127.39948212832314,Product_062
2024-08-05,120.18036171967141,Product_062
2024-08-12,119.21406147258088,Product_062
2024-08-19,723.8942754830628,Product_062
2024-08-26,121.54715979758701,Product_062
2024-09-02,124.39506181243424,Product_062
2024-09-09,117.9162107620974,Product_062
2024-09-16,119.37074994603701,Product_062
2024-09-23,123.30198012423342,Product_062
2024-09-30,125.59525605581364,Product_062
2024-10-07,119.602871745155,Product_062
2024-10-14,120.59957432777607,Product_062
2024-10-21,122.1499381710737,Product_062
2024-10-28,128.81717897697297,Product_062
2024-11-04,121.64453418994658,Product_062
2024-11-11,134.0477643436747,Product_062
2024-11-18,502.60406396566026,Product_062
2024-11-25,521.2016184968959,Product_062
2024-12-02,137.52465917541784,Product_062
2024-12-09,136.40407330355566,Product_062
2024-12-16,149.9149152765101,Product_062
2024-12-23,149.04143599387652,Product_062
2024-12-30,150.35086281745393,Product_062
2023-01-02,103.85812123154332,Product_063
2023-01-09,97.7497462233187,Product_063
2023-01-16,112.03696161338391,Product_063
2023-01-23,113.48470604908564,Product_063
2023-01-30,116.98552221866588,Product_063
2023-02-06,120.80386198330302,Product_063
2023-02-13,116.6946718967459,Product_063
2023-02-20,124.17816256882136,Product_063
2023-02-27,130.68513681016879,Product_063
2023-03-06,121.46561644154477,Product_063
2023-03-13,122.85344681393856,Product_063
2023-03-20,128.82430644223993,Product_063
2023-03-27,127.72258096577983,Product_063
2023-04-03,135.43569223873487,Product_063
2023-04-10,132.19193603230931,Product_063
2023-04-17,125.99999517214819,Product_063
2023-04-24,124.11948781585383,Product_063
2023-05-01,133.4961062003063,Product_063
2023-05-08,129.60516954464862,Product_063
2023-05-15,130.61490405243467,Product_063
2023-05-22,260.01021705715175,Product_063
2023-05-29,115.27199482959298,Product_063
2023-06-05,115.18379951321826,Product_063
2023-06-12,113.58210712296811,Product_063
2023-06-19,116.23498043210473,Product_063
2023-06-26,112.93242426805729,Product_063
2023-07-03,108.033585241064,Product_063
2023-07-10,102.19495131223105,Product_063
2023-07-17,101.84339547739856,Product_063
2023-07-24,105.30660942100296,Product_063
2023-07-31,5.028443606415389,Product_063
2023-08-07,102.39506212601854,Product_063
2023-08-14,102.79508966711481,Product_063
2023-08-21,103.15158227296722,Product_063
2023-08-28,98.25716524763095,Product_063
2023-09-04,87.19938966956352,Product_063
2023-09-11,90.41897302163473,Product_063
2023-09-18,87.66105760051249,Product_063
2023-09-25,93.1079717390655,Product_063
2023-10-02,98.78697013127609,Product_063
2023-10-09,97.59072621527328,Product_063
2023-10-16,93.99565595717785,Product_063
2023-10-23,93.81859263705944,Product_063
2023-10-30,94.09049632145147,Product_063
2023-11-06,104.60724315315144,Product_063
2023-11-13,111.50445486603589,Product_063
2023-11-20,412.75572675476235,Product_063
2023-11-27,461.9879607608155,Product_063
2023-12-04,109.38946299841356,Product_063
2023-12-11,119.33761389404152,Product_063
2023-12-18,123.66918494079059,Product_063
2023-12-25,126.91372304976787,Product_063
2024-01-01,117.65055405164138,Product_063
2024-01-08,129.38681238552817,Product_063
2024-01-15,131.89852961840708,Product_063
2024-01-22,131.15078809443713,Product_063
2024-01-29,141.36819914639491,Product_063
2024-02-05,143.61116119703746,Product_063
2024-02-12,145.35640301399877,Product_063
2024-02-19,151.27369696751728,Product_063
2024-02-26,156.17676492896746,Product_063
2024-03-04,144.36564005893325,Product_063
2024-03-11,149.6735631601934,Product_063
2024-03-18,152.03973553518043,Product_063
2024-03-25,154.4174555009202,Product_063
2024-04-01,155.87134547259717,Product_063
2024-04-08,161.92134220576725,Product_063
2024-04-15,153.3036262272707,Product_063
2024-04-22,152.8377345978993,Product_063
2024-04-29,153.54930796450157,Product_063
2024-05-06,322.14494888693423,Product_063
2024-05-13,151.496122900816,Product_063
2024-05-20,148.584578557995,Product_063
2024-05-27,146.57149379572078,Product_063
2024-06-03,146.26026081264504,Product_063
2024-06-10,145.31158086723286,Product_063
2024-06-17,143.9556749082712,Product_063
2024-06-24,134.3333509149966,Product_063
2024-07-01,136.9999134120097,Product_063
2024-07-08,137.27885264612578,Product_063
2024-07-15,135.4245287958571,Product_063
2024-07-22,134.65362413986605,Product_063
2024-07-29,128.97165117113545,Product_063
2024-08-05,123.52928427121265,Product_063
2024-08-12,128.65435241502217,Product_063
2024-08-19,717.8036799317026,Product_063
2024-08-26,121.01047851045608,Product_063
2024-09-02,122.7180948325285,Product_063
2024-09-09,119.79751996461327,Product_063
2024-09-16,123.93667826287692,Product_063
2024-09-23,113.03898853166888,Product_063
2024-09-30,115.6133997724428,Product_063
2024-10-07,120.47840008920109,Product_063
2024-10-14,124.6694243964262,Product_063
2024-10-21,121.05115124247087,Product_063
2024-10-28,119.6895914625659,Product_063
2024-11-04,124.46973611551346,Product_063
2024-11-11,130.80193706798295,Product_063
2024-11-18,503.02270818192255,Product_063
2024-11-25,507.47288906611027,Product_063
2024-12-02,140.64250205005087,Product_063
2024-12-09,137.0773677890867,Product_063
2024-12-16,141.05236016674172,Product_063
2024-12-23,150.32597109853472,Product_063
2024-12-30,149.5185521635982,Product_063
2023-01-02,110.2788521824081,Product_064
2023-01-09,116.53714670615786,Product_064
2023-01-16,114.33389816353026,Product_064
2023-01-23,120.46829438693014,Product_064
2023-01-30,119.22630806494764,Product_064
2023-02-06,132.92231873084813,Product_064
2023-02-13,129.0604375147918,Product_064
2023-02-20,134.58236009117857,Product_064
2023-02-27,142.45475208863164,Product_064
2023-03-06,139.20190015470348,Product_064
2023-03-13,137.05291468697965,Product_064
2023-03-20,139.05208631147943,Product_064
2023-03-27,141.37960413746984,Product_064
2023-04-03,147.68804106868754,Product_064
2023-04-10,141.9003231519846,Product_064
2023-04-17,136.97585640505295,Product_064
2023-04-24,144.36819151915768,Product_064
2023-05-01,139.37269933008338,Product_064
2023-05-08,145.4363789096216,Product_064
2023-05-15,142.5883274929084,Product_064
2023-05-22,272.2590040640062,Product_064
2023-05-29,134.72591493753498,Product_064
2023-06-05,123.79856807226429,Product_064
2023-06-12,129.93646053895336,Product_064
2023-06-19,123.87604232946663,Product_064
2023-06-26,125.70994563257757,Product_064
2023-07-03,128.531883592458,Product_064
2023-07-10,123.66796081141923,Product_064
2023-07-17,115.88803430534826,Product_064
2023-07-24,122.40556400641908,Product_064
2023-07-31,5.616495446946161,Product_064
2023-08-07,112.06962091347349,Product_064
2023-08-14,115.50839063721074,Product_064
2023-08-21,108.76419182072011,Product_064
2023-08-28,103.48086689906157,Product_064
2023-09-04,104.44336792293181,Product_064
2023-09-11,96.69933216591564,Product_064
2023-09-18,97.47128786203086,Product_064
2023-09-25,103.30517324648395,Product_064
2023-10-02,108.70549038031744,Product_064
2023-10-09,98.76000384991453,Product_064
2023-10-16,99.75665801802191,Product_064
2023-10-23,95.3469074893339,Product_064
2023-10-30,102.60336453696101,Product_064
2023-11-06,105.12841603661147,Product_064
2023-11-13,109.11082075078593,Product_064
2023-11-20,434.9130461529402,Product_064
2023-11-27,486.44814947833765,Product_064
2023-12-04,124.86879922305407,Product_064
2023-12-11,127.05545745512745,Product_064
2023-12-18,127.21423668362682,Product_064
2023-12-25,132.63237632690567,Product_064
2024-01-01,124.11021928081092,Product_064
2024-01-08,136.35484310388682,Product_064
2024-01-15,134.3673739863555,Product_064
2024-01-22,145.05662017580994,Product_064
2024-01-29,144.3178324674731,Product_064
2024-02-05,150.8072421922104,Product_064
2024-02-12,146.66160747046115,Product_064
2024-02-19,147.83614098611048,Product_064
2024-02-26,160.2952689230128,Product_064
2024-03-04,152.8054428320428,Product_064
2024-03-11,151.16891712227516,Product_064
2024-03-18,163.08821036657054,Product_064
2024-03-25,156.10508698866715,Product_064
2024-04-01,165.9060415638671,Product_064
2024-04-08,162.39150494654808,Product_064
2024-04-15,155.22806974868286,Product_064
2024-04-22,159.61807508551775,Product_064
2024-04-29,157.04077537810306,Product_064
2024-05-06,320.8365351349174,Product_064
2024-05-13,160.89751216100208,Product_064
2024-05-20,157.91593087448723,Product_064
2024-05-27,154.39529139311315,Product_064
2024-06-03,156.89984921741794,Product_064
2024-06-10,147.2117968698528,Product_064
2024-06-17,147.16201740317294,Product_064
2024-06-24,146.45406681442986,Product_064
2024-07-01,145.16023192828624,Product_064
2024-07-08,141.64119505879086,Product_064
2024-07-15,131.47435517426055,Product_064
2024-07-22,133.420383716108,Product_064
2024-07-29,134.86488925962416,Product_064
2024-08-05,128.02070179354277,Product_064
2024-08-12,126.86908283266997,Product_064
2024-08-19,710.621345572224,Product_064
2024-08-26,128.7637950792407,Product_064
2024-09-02,121.7954868110187,Product_064
2024-09-09,123.40368331407906,Product_064
2024-09-16,119.42518580317078,Product_064
2024-09-23,122.61548406218078,Product_064
2024-09-30,117.92361389339047,Product_064
2024-10-07,117.81264606565782,Product_064
2024-10-14,119.9179267460799,Product_064
2024-10-21,113.14795084735894,Product_064
2024-10-28,122.24297954121089,Product_064
2024-11-04,121.56552753117137,Product_064
2024-11-11,133.4194343419971,Product_064
2024-11-18,526.8385488089832,Product_064
2024-11-25,562.1721595275721,Product_064
2024-12-02,137.7066653254254,Product_064
2024-12-09,145.88424173593975,Product_064
2024-12-16,132.45261192141118,Product_064
2024-12-23,141.20432591281246,Product_064
2024-12-30,147.22655302737778,Product_064
2023-01-02,110.05968787133108,Product_065
2023-01-09,95.88472889060012,Product_065
2023-01-16,101.37157178676463,Product_065
2023-01-23,111.81120725613067,Product_065
2023-01-30,108.58939995096922,Product_065
2023-02-06,111.2662764261869,Product_065
2023-02-13,114.98899465845248,Product_065
2023-02-20,122.2541691294738,Product_065
2023-02-27,128.72260970138743,Product_065
2023-03-06,121.87042490915239,Product_065
2023-03-13,124.87086770820137,Product_065
2023-03-20,126.01562679618105,Product_065
2023-03-27,132.57926286335248,Product_065
2023-04-03,121.24996323466759,Product_065
2023-04-10,122.20583935996889,Product_065
2023-04-17,133.2627780285282,Product_065
2023-04-24,127.71527403471278,Product_065
2023-05-01,130.7665698370927,Product_065
2023-05-08,128.69096319072338,Product_065
2023-05-15,128.9610691380581,Product_065
2023-05-22,243.15731960803365,Product_065
2023-05-29,126.87701186136866,Product_065
2023-06-05,123.11175459167966,Product_065
2023-06-12,112.73214872969605,Product_065
2023-06-19,110.32205071395285,Product_065
2023-06-26,122.34510556517833,Product_065
2023-07-03,104.98011736405532,Product_065
2023-07-10,114.20782870677772,Product_065
2023-07-17,107.12603019917012,Product_065
2023-07-24,104.93833722465075,Product_065
2023-07-31,4.639886888971444,Product_065
2023-08-07,94.93511915552286,Product_065
2023-08-14,92.49305897800383,Product_065
2023-08-21,94.27196323681419,Product_065
2023-08-28,92.38730653003137,Product_065
2023-09-04,90.56591830952381,Product_065
2023-09-11,98.0195504562312,Product_065
2023-09-18,86.24924966868637,Product_065
2023-09-25,93.96870520282177,Product_065
2023-10-02,96.05594462715621,Product_065
2023-10-09,93.47426641849785,Product_065
2023-10-16,89.83895133838293,Product_065
2023-10-23,86.57347094515526,Product_065
2023-10-30,101.95629959157651,Product_065
2023-11-06,108.82499209564659,Product_065
2023-11-13,103.58528059905453,Product_065
2023-11-20,424.88655459829744,Product_065
2023-11-27,444.191148834401,Product_065
2023-12-04,104.95467509446465,Product_065
2023-12-11,117.73522319159571,Product_065
2023-12-18,116.31691234209372,Product_065
2023-12-25,131.23313601957358,Product_065
2024-01-01,121.94341469301305,Product_065
2024-01-08,124.83641404460793,Product_065
2024-01-15,128.87639867582186,Product_065
2024-01-22,135.45795027970627,Product_065
2024-01-29,146.9635267847186,Product_065
2024-02-05,140.70960671788285,Product_065
2024-02-12,138.34886959631078,Product_065
2024-02-19,151.17749514904727,Product_065
2024-02-26,150.1564328887245,Product_065
2024-03-04,149.22035403302132,Product_065
2024-03-11,155.33983846968064,Product_065
2024-03-18,159.33835706740197,Product_065
2024-03-25,155.37602337305816,Product_065
2024-04-01,154.27148690165976,Product_065
2024-04-08,163.58656635204093,Product_065
2024-04-15,155.208959567312,Product_065
2024-04-22,150.36849535738853,Product_065
2024-04-29,151.86955777995905,Product_065
2024-05-06,307.01050321222135,Product_065
2024-05-13,147.7471227095914,Product_065
2024-05-20,153.0077406503472,Product_065
2024-05-27,157.42958898978114,Product_065
2024-06-03,148.15371806148292,Product_065
2024-06-10,144.99435167753796,Product_065
2024-06-17,146.96513771023902,Product_065
2024-06-24,137.73792741734778,Product_065
2024-07-01,137.48897037037608,Product_065
2024-07-08,136.25222062065683,Product_065
2024-07-15,128.8828657022412,Product_065
2024-07-22,132.07766595120452,Product_065
2024-07-29,125.73987160577741,Product_065
2024-08-05,125.582772008178,Product_065
2024-08-12,123.17830525634065,Product_065
2024-08-19,720.3062107260064,Product_065
2024-08-26,116.92749008732495,Product_065
2024-09-02,119.7118035188147,Product_065
2024-09-09,113.51316961469904,Product_065
2024-09-16,119.2978710156494,Product_065
2024-09-23,124.58198709515771,Product_065
2024-09-30,108.67000929687892,Product_065
2024-10-07,118.3346298354759,Product_065
2024-10-14,119.77901350702989,Product_065
2024-10-21,125.49556396238957,Product_065
2024-10-28,122.31453146712958,Product_065
2024-11-04,116.90280808136391,Product_065
2024-11-11,127.57311681968632,Product_065
2024-11-18,503.33245462987,Product_065
2024-11-25,524.4119140514765,Product_065
2024-12-02,133.17939601642885,Product_065
2024-12-09,143.19134108440966,Product_065
2024-12-16,142.63162950668294,Product_065
2024-12-23,146.3123900522105,Product_065
2024-12-30,147.46057819589268,Product_065
2023-01-02,76.3564373149609,Product_066
2023-01-09,83.09307800279566,Product_066
2023-01-16,83.05856236406808,Product_066
2023-01-23,94.17144225502153,Product_066
2023-01-30,103.41061307444785,Product_066
2023-02-06,91.52364057910404,Product_066
2023-02-13,101.97031900523565,Product_066
2023-02-20,110.62901093700533,Product_066
2023-02-27,104.83300478115932,Product_066
2023-03-06,109.216325706762,Product_066
2023-03-13,110.62966879600933,Product_066
2023-03-20,112.36687205004822,Product_066
2023-03-27,118.29933776782636,Product_066
2023-04-03,117.42895572503359,Product_066
2023-04-10,120.82139343106454,Product_066
2023-04-17,115.39633319137381,Product_066
2023-04-24,104.72133288978074,Product_066
2023-05-01,121.19512375656252,Product_066
2023-05-08,118.56349950088581,Product_066
2023-05-15,107.23646597098814,Product_066
2023-05-22,228.88681436446913,Product_066
2023-05-29,111.8478647544231,Product_066
2023-06-05,107.20215504194627,Product_066
2023-06-12,99.02711715707501,Product_066
2023-06-19,98.94150433256985,Product_066
2023-06-26,95.87565510261939,Product_066
2023-07-03,92.83777264210683,Product_066
2023-07-10,100.65167958276717,Product_066
2023-07-17,89.81867318543456,Product_066
2023-07-24,96.98857530074464,Product_066
2023-07-31,4.630788833778622,Product_066
2023-08-07,86.88547909130862,Product_066
2023-08-14,90.73972987290335,Product_066
2023-08-21,82.22866583537707,Product_066
2023-08-28,83.06059842380097,Product_066
2023-09-04,91.19067097979516,Product_066
2023-09-11,85.2353674550116,Product_066
2023-09-18,78.78835551453474,Product_066
2023-09-25,82.14508917261385,Product_066
2023-10-02,85.62181585016454,Product_066
2023-10-09,84.1675109685814,Product_066
2023-10-16,83.59909831126825,Product_066
2023-10-23,90.28802284354245,Product_066
2023-10-30,92.84397063469333,Product_066
2023-11-06,91.0814037949338,Product_066
2023-11-13,96.54433270804257,Product_066
2023-11-20,377.82066778772446,Product_066
2023-11-27,405.7928833020007,Product_066
2023-12-04,107.64016010020902,Product_066
2023-12-11,109.7624520340769,Product_066
2023-12-18,111.9752210357877,Product_066
2023-12-25,120.36781279636676,Product_066
2024-01-01,113.58921080054296,Product_066
2024-01-08,118.1862484888756,Product_066
2024-01-15,119.13089870558942,Product_066
2024-01-22,122.32422785398886,Product_066
2024-01-29,126.13630835195178,Product_066
2024-02-05,133.564453608037,Product_066
2024-02-12,143.14726214329897,Product_066
2024-02-19,135.23767811808452,Product_066
2024-02-26,136.57238758446263,Product_066
2024-03-04,143.34805353641275,Product_066
2024-03-11,144.43931964171452,Product_066
2024-03-18,150.47572652249667,Product_066
2024-03-25,149.20065193788213,Product_066
2024-04-01,150.98177684012762,Product_066
2024-04-08,139.20823655713096,Product_066
2024-04-15,150.62972564724112,Product_066
2024-04-22,155.76659821382245,Product_066
2024-04-29,147.02785338552292,Product_066
2024-05-06,316.5858415776775,Product_066
2024-05-13,144.6426413265693,Product_066
2024-05-20,139.05398959736323,Product_066
2024-05-27,139.85003688174697,Product_066
2024-06-03,143.27244374803635,Product_066
2024-06-10,143.95470516147242,Product_066
2024-06-17,132.14301015354002,Product_066
2024-06-24,137.05804753376788,Product_066
2024-07-01,127.24311866659484,Product_066
2024-07-08,130.29474778511994,Product_066
2024-07-15,124.79545640876697,Product_066
2024-07-22,125.96612155885732,Product_066
2024-07-29,120.11028371667453,Product_066
2024-08-05,125.5779079348452,Product_066
2024-08-12,119.892032727095,Product_066
2024-08-19,717.8482750097918,Product_066
2024-08-26,116.25990285069926,Product_066
2024-09-02,117.47867101212603,Product_066
2024-09-09,115.62386730600657,Product_066
2024-09-16,120.27072575075849,Product_066
2024-09-23,120.39938393151903,Product_066
2024-09-30,119.01198441291764,Product_066
2024-10-07,116.37315297084488,Product_066
2024-10-14,113.28554742851003,Product_066
2024-10-21,114.66111387887254,Product_066
2024-10-28,119.79787636105682,Product_066
2024-11-04,125.34838673604342,Product_066
2024-11-11,121.4776660290855,Product_066
2024-11-18,504.2169377770771,Product_066
2024-11-25,521.1068557933709,Product_066
2024-12-02,135.3194058205877,Product_066
2024-12-09,144.36981017109218,Product_066
2024-12-16,140.97163884080305,Product_066
2024-12-23,151.2832231271854,Product_066
2024-12-30,148.51389849533368,Product_066
2023-01-02,86.04509392473949,Product_067
2023-01-09,85.79729210132732,Product_067
2023-01-16,94.4740036303529,Product_067
2023-01-23,99.78391082871246,Product_067
2023-01-30,91.26770044323086,Product_067
2023-02-06,110.72064454667517,Product_067
2023-02-13,106.23953199857948,Product_067
2023-02-20,109.03225837700725,Product_067
2023-02-27,111.09918515770185,Product_067
2023-03-06,115.019300629312,Product_067
2023-03-13,121.02390025917713,Product_067
2023-03-20,119.36290654474804,Product_067
2023-03-27,115.81256703925116,Product_067
2023-04-03,118.2731777746143,Product_067
2023-04-10,121.9920167089823,Product_067
2023-04-17,123.9015450429969,Product_067
2023-04-24,114.46742309621958,Product_067
2023-05-01,127.78285690226544,Product_067
2023-05-08,122.85760978031202,Product_067
2023-05-15,113.7397982921926,Product_067
2023-05-22,229.29736083455776,Product_067
2023-05-29,110.32203023298325,Product_067
2023-06-05,111.24625096916029,Product_067
2023-06-12,108.33696533859923,Product_067
2023-06-19,106.78258444769727,Product_067
2023-06-26,105.1182900339889,Product_067
2023-07-03,109.57873913100016,Product_067
2023-07-10,102.39455639125109,Product_067
2023-07-17,101.5687751548293,Product_067
2023-07-24,102.76828989026565,Product_067
2023-07-31,4.501166140650613,Product_067
2023-08-07,94.37039671331121,Product_067
2023-08-14,91.3678850246465,Product_067
2023-08-21,85.65312839966877,Product_067
2023-08-28,86.0707088188736,Product_067
2023-09-04,91.28705140066972,Product_067
2023-09-11,90.1520453575916,Product_067
2023-09-18,86.37237135501428,Product_067
2023-09-25,91.29220536931614,Product_067
2023-10-02,89.84618599118537,Product_067
2023-10-09,82.1394707619079,Product_067
2023-10-16,85.01349835072251,Product_067
2023-10-23,96.06959124919558,Product_067
2023-10-30,85.79276408193931,Product_067
2023-11-06,102.49241562457722,Product_067
2023-11-13,94.29243741141302,Product_067
2023-11-20,386.11076260371016,Product_067
2023-11-27,390.41277088263905,Product_067
2023-12-04,103.18160645353166,Product_067
2023-12-11,107.5120029829781,Product_067
2023-12-18,114.70082986370012,Product_067
2023-12-25,114.18420585767298,Product_067
2024-01-01,118.91241455338051,Product_067
2024-01-08,119.98082200632739,Product_067
2024-01-15,129.6136366034786,Product_067
2024-01-22,128.18114667371233,Product_067
2024-01-29,131.34007458058016,Product_067
2024-02-05,127.31638872523439,Product_067
2024-02-12,138.5993246577846,Product_067
2024-02-19,140.81029785820115,Product_067
2024-02-26,146.00815713883964,Product_067
2024-03-04,150.15101659730712,Product_067
2024-03-11,155.18009614912458,Product_067
2024-03-18,151.82544386189363,Product_067
2024-03-25,153.74826386816787,Product_067
2024-04-01,149.92481594606986,Product_067
2024-04-08,152.64956863629226,Product_067
2024-04-15,149.80675975483956,Product_067
2024-04-22,151.8959296571466,Product_067
2024-04-29,151.97214111021066,Product_067
2024-05-06,317.3906958077351,Product_067
2024-05-13,151.84012855978432,Product_067
2024-05-20,151.44678139588356,Product_067
2024-05-27,141.06692353291302,Product_067
2024-06-03,149.65845045279985,Product_067
2024-06-10,143.10357123919513,Product_067
2024-06-17,140.6124155024887,Product_067
2024-06-24,140.29862523836593,Product_067
2024-07-01,135.99300872826373,Product_067
2024-07-08,126.86689219488487,Product_067
2024-07-15,132.718120511713,Product_067
2024-07-22,125.10045163200378,Product_067
2024-07-29,132.34723099149676,Product_067
2024-08-05,121.28192276338174,Product_067
2024-08-12,125.47614590217795,Product_067
2024-08-19,716.907581898854,Product_067
2024-08-26,118.30402496071106,Product_067
2024-09-02,113.84365249248418,Product_067
2024-09-09,122.3716613102191,Product_067
2024-09-16,114.52447942875277,Product_067
2024-09-23,119.93667522279677,Product_067
2024-09-30,117.51542227382168,Product_067
2024-10-07,117.33719846357472,Product_067
2024-10-14,123.89269667087439,Product_067
2024-10-21,119.72128529065658,Product_067
2024-10-28,121.7569182719793,Product_067
2024-11-04,121.62281830059113,Product_067
2024-11-11,127.13454045964355,Product_067
2024-11-18,514.1396053481373,Product_067
2024-11-25,526.8543705739972,Product_067
2024-12-02,134.9367603921131,Product_067
2024-12-09,141.93318722873724,Product_067
2024-12-16,147.4358220822966,Product_067
2024-12-23,146.96692862413067,Product_067
2024-12-30,147.62141974820412,Product_067
2023-01-02,99.5130603471397,Product_068
2023-01-09,96.92038439937988,Product_068
2023-01-16,98.44205697307622,Product_068
2023-01-23,112.20430709551196,Product_068
2023-01-30,113.94543950616058,Product_068
2023-02-06,119.34334992211569,Product_068
2023-02-13,115.27467271467683,Product_068
2023-02-20,124.24142613758497,Product_068
2023-02-27,120.19320485302376,Product_068
2023-03-06,120.21932277768813,Product_068
2023-03-13,125.16893326897619,Product_068
2023-03-20,125.52918678712166,Product_068
2023-03-27,131.85014678130725,Product_068
2023-04-03,127.75139597740548,Product_068
2023-04-10,130.68541100210848,Product_068
2023-04-17,138.89237524570444,Product_068
2023-04-24,125.01802851536154,Product_068
2023-05-01,127.90525476480052,Product_068
2023-05-08,129.65586204221407,Product_068
2023-05-15,125.14012484669877,Product_068
2023-05-22,257.9527371126227,Product_068
2023-05-29,119.4324848076179,Product_068
2023-06-05,118.0791933329612,Product_068
2023-06-12,119.80103792071367,Product_068
2023-06-19,117.93390763117831,Product_068
2023-06-26,115.12051531534107,Product_068
2023-07-03,113.1828199435709,Product_068
2023-07-10,111.58900130275653,Product_068
2023-07-17,103.12441560403042,Product_068
2023-07-24,101.84183379379841,Product_068
2023-07-31,5.051760893022773,Product_068
2023-08-07,92.26549381344195,Product_068
2023-08-14,93.15724027375246,Product_068
2023-08-21,102.95323549217179,Product_068
2023-08-28,94.8228989442653,Product_068
2023-09-04,91.07520395731797,Product_068
2023-09-11,88.12603905053918,Product_068
2023-09-18,83.77435958949108,Product_068
2023-09-25,100.37608804983293,Product_068
2023-10-02,92.4411757291289,Product_068
2023-10-09,90.27830751402286,Product_068
2023-10-16,95.20077492887825,Product_068
2023-10-23,93.10687661107764,Product_068
2023-10-30,98.82493722555706,Product_068
2023-11-06,98.17481627833311,Product_068
2023-11-13,99.72895447301565,Product_068
2023-11-20,409.4636372853591,Product_068
2023-11-27,416.8761360133742,Product_068
2023-12-04,109.80114021030595,Product_068
2023-12-11,113.4252150799984,Product_068
2023-12-18,117.7089107458153,Product_068
2023-12-25,125.84992699549277,Product_068
2024-01-01,123.27575572015104,Product_068
2024-01-08,133.4043895949079,Product_068
2024-01-15,131.3701597475502,Product_068
2024-01-22,135.3166626189162,Product_068
2024-01-29,128.57256784256393,Product_068
2024-02-05,145.408872315104,Product_068
2024-02-12,141.9124518634526,Product_068
2024-02-19,133.13819196382127,Product_068
2024-02-26,154.24617990833923,Product_068
2024-03-04,153.30706382525247,Product_068
2024-03-11,156.10874297042915,Product_068
2024-03-18,150.50800231156796,Product_068
2024-03-25,153.96040130957925,Product_068
2024-04-01,152.47841832528445,Product_068
2024-04-08,150.85303425670907,Product_068
2024-04-15,153.61557578176127,Product_068
2024-04-22,156.6632959036051,Product_068
2024-04-29,153.54693155396944,Product_068
2024-05-06,305.61575665513965,Product_068
2024-05-13,150.0538136191523,Product_068
2024-05-20,153.8511766401359,Product_068
2024-05-27,151.74249908313172,Product_068
2024-06-03,142.78637221870295,Product_068
2024-06-10,142.31537623923492,Product_068
2024-06-17,148.53964951652958,Product_068
2024-06-24,142.81230049291676,Product_068
2024-07-01,134.01429360505801,Product_068
2024-07-08,130.28751019532265,Product_068
2024-07-15,130.89848943280708,Product_068
2024-07-22,125.14321698601324,Product_068
2024-07-29,132.4781297975204,Product_068
2024-08-05,121.54895077657159,Product_068
2024-08-12,114.38705471338433,Product_068
2024-08-19,720.7902006416532,Product_068
2024-08-26,121.43897141737882,Product_068
2024-09-02,120.55320274014892,Product_068
2024-09-09,109.54522537624811,Product_068
2024-09-16,113.38114740100467,Product_068
2024-09-23,121.84406066013328,Product_068
2024-09-30,122.82817005800858,Product_068
2024-10-07,118.8152204214177,Product_068
2024-10-14,130.3130609311679,Product_068
2024-10-21,125.26156218918841,Product_068
2024-10-28,120.9234464385703,Product_068
2024-11-04,120.65884020527348,Product_068
2024-11-11,129.22642242776948,Product_068
2024-11-18,513.0984140122699,Product_068
2024-11-25,533.3514153767783,Product_068
2024-12-02,138.02678495553243,Product_068
2024-12-09,136.7177723571192,Product_068
2024-12-16,144.19048995797036,Product_068
2024-12-23,144.08056887284727,Product_068
2024-12-30,149.8765117436209,Product_068
2023-01-02,100.01615879017021,Product_069
2023-01-09,107.34276963403948,Product_069
2023-01-16,104.7900937115649,Product_069
2023-01-23,113.93528267583194,Product_069
2023-01-30,117.71751095472062,Product_069
2023-02-06,121.69465720952415,Product_069
2023-02-13,126.03918242517585,Product_069
2023-02-20,123.44686825400413,Product_069
2023-02-27,123.32257395487309,Product_069
2023-03-06,124.5209517560649,Product_069
2023-03-13,127.77844731625898,Product_069
2023-03-20,123.45846358726291,Product_069
2023-03-27,127.8618868426381,Product_069
2023-04-03,128.4709865861726,Product_069
2023-04-10,134.7566930121905,Product_069
2023-04-17,125.49805409296799,Product_069
2023-04-24,132.5686588812747,Product_069
2023-05-01,136.16528829727287,Product_069
2023-05-08,128.31144404772465,Product_069
2023-05-15,131.59770436485243,Product_069
2023-05-22,265.55127221144187,Product_069
2023-05-29,127.06790273697804,Product_069
2023-06-05,121.58126280413578,Product_069
2023-06-12,124.78049488192602,Product_069
2023-06-19,116.38673811108987,Product_069
2023-06-26,121.83398161729,Product_069
2023-07-03,106.99920544227865,Product_069
2023-07-10,111.86676621220347,Product_069
2023-07-17,112.17837615916609,Product_069
2023-07-24,103.44219921529215,Product_069
2023-07-31,5.101511843546842,Product_069
2023-08-07,101.58219089403383,Product_069
2023-08-14,93.8853453982427,Product_069
2023-08-21,102.29109736691208,Product_069
2023-08-28,95.73020185640115,Product_069
2023-09-04,95.29949833488494,Product_069
2023-09-11,96.45505294216703,Product_069
2023-09-18,89.99690346514828,Product_069
2023-09-25,95.42069882981362,Product_069
2023-10-02,92.85652462575823,Product_069
2023-10-09,102.95363230087335,Product_069
2023-10-16,97.21922989704998,Product_069
2023-10-23,96.72490950739747,Product_069
2023-10-30,97.86971518505345,Product_069
2023-11-06,109.64361822747175,Product_069
2023-11-13,100.84621046372149,Product_069
2023-11-20,419.27141460670566,Product_069
2023-11-27,459.74141847476176,Product_069
2023-12-04,114.33954404927147,Product_069
2023-12-11,117.94185251625598,Product_069
2023-12-18,126.91058037138752,Product_069
2023-12-25,115.06457438584317,Product_069
2024-01-01,127.13221921295685,Product_069
2024-01-08,120.6427432876398,Product_069
2024-01-15,128.8758918606662,Product_069
2024-01-22,138.74769334872707,Product_069
2024-01-29,138.41327977122083,Product_069
2024-02-05,143.2437061843185,Product_069
2024-02-12,142.70515754997035,Product_069
2024-02-19,146.29941248181083,Product_069
2024-02-26,148.87118381645,Product_069
2024-03-04,165.3477676121384,Product_069
2024-03-11,153.90660938325934,Product_069
2024-03-18,148.31358100995573,Product_069
2024-03-25,157.42546470239256,Product_069
2024-04-01,152.59924589168344,Product_069
2024-04-08,156.1126567713849,Product_069
2024-04-15,156.18849304369277,Product_069
2024-04-22,150.86345761847434,Product_069
2024-04-29,160.1587212657355,Product_069
2024-05-06,327.13751517112223,Product_069
2024-05-13,159.2836508590073,Product_069
2024-05-20,154.0087241082651,Product_069
2024-05-27,151.00141809375023,Product_069
2024-06-03,145.6908876640405,Product_069
2024-06-10,148.11733744365227,Product_069
2024-06-17,141.1557048608445,Product_069
2024-06-24,135.80772491875473,Product_069
2024-07-01,142.43643173940075,Product_069
2024-07-08,135.05853662252179,Product_069
2024-07-15,136.52713005608535,Product_069
2024-07-22,136.0705552742664,Product_069
2024-07-29,125.84079333918864,Product_069
2024-08-05,128.39082075432242,Product_069
2024-08-12,123.93857838043104,Product_069
2024-08-19,730.0636455604811,Product_069
2024-08-26,115.11002190698593,Product_069
2024-09-02,119.36683281785447,Product_069
2024-09-09,116.16637627559501,Product_069
2024-09-16,110.09942030156479,Product_069
2024-09-23,118.56968118860404,Product_069
2024-09-30,116.5350185422508,Product_069
2024-10-07,117.17856618923629,Product_069
2024-10-14,128.4365004615351,Product_069
2024-10-21,124.43977692595493,Product_069
2024-10-28,125.11891016045885,Product_069
2024-11-04,123.32362040457211,Product_069
2024-11-11,126.51248867262245,Product_069
2024-11-18,547.2791587467824,Product_069
2024-11-25,533.8689846470853,Product_069
2024-12-02,139.65966508018585,Product_069
2024-12-09,140.93731383975438,Product_069
2024-12-16,143.04228867964017,Product_069
2024-12-23,147.92800501408232,Product_069
2024-12-30,154.09362449979014,Product_069
2023-01-02,94.07440036325467,Product_070
2023-01-09,97.7315445178259,Product_070
2023-01-16,96.58640349007504,Product_070
2023-01-23,104.67351534686267,Product_070
2023-01-30,105.08467371676511,Product_070
2023-02-06,116.40032740994978,Product_070
2023-02-13,111.07052192536966,Product_070
2023-02-20,109.88109000392207,Product_070
2023-02-27,117.6107685842791,Product_070
2023-03-06,124.13122647372802,Product_070
2023-03-13,125.4817858112461,Product_070
2023-03-20,127.31121296491666,Product_070
2023-03-27,124.81475636782561,Product_070
2023-04-03,122.74398308264463,Product_070
2023-04-10,127.06745806359989,Product_070
2023-04-17,127.7760187271257,Product_070
2023-04-24,114.2115248780449,Product_070
2023-05-01,126.1360321435063,Product_070
2023-05-08,128.76355216896945,Product_070
2023-05-15,117.60922635056808,Product_070
2023-05-22,244.33383759748668,Product_070
2023-05-29,117.2472595683969,Product_070
2023-06-05,115.4714320025753,Product_070
2023-06-12,114.91019678792586,Product_070
2023-06-19,112.8654904785419,Product_070
2023-06-26,108.30570430393846,Product_070
2023-07-03,112.68513154221138,Product_070
2023-07-10,102.95601976622105,Product_070
2023-07-17,113.14425830515168,Product_070
2023-07-24,102.47164686110462,Product_070
2023-07-31,4.778860822570701,Product_070
2023-08-07,99.83418307484105,Product_070
2023-08-14,97.3006050736482,Product_070
2023-08-21,89.12935017545622,Product_070
2023-08-28,95.88061088792954,Product_070
2023-09-04,85.11386853068888,Product_070
2023-09-11,85.93800544283145,Product_070
2023-09-18,86.4684142842475,Product_070
2023-09-25,86.69036674308065,Product_070
2023-10-02,94.63245226503474,Product_070
2023-10-09,88.18074088331288,Product_070
2023-10-16,92.23854618914727,Product_070
2023-10-23,96.83957390959878,Product_070
2023-10-30,97.25785688850843,Product_070
2023-11-06,101.14993842410966,Product_070
2023-11-13,102.0932814389977,Product_070
2023-11-20,404.9606297892589,Product_070
2023-11-27,381.58004452504713,Product_070
2023-12-04,106.1313324656381,Product_070
2023-12-11,103.72116586253698,Product_070
2023-12-18,120.10984836624874,Product_070
2023-12-25,124.40566842730823,Product_070
2024-01-01,124.94948271426684,Product_070
2024-01-08,125.9819250404753,Product_070
2024-01-15,130.17119405623833,Product_070
2024-01-22,136.88114785235746,Product_070
2024-01-29,132.61424033351122,Product_070
2024-02-05,144.36994349652832,Product_070
2024-02-12,149.51474076192576,Product_070
2024-02-19,147.88126963746512,Product_070
2024-02-26,141.56324567604784,Product_070
2024-03-04,155.8713554972763,Product_070
2024-03-11,154.31872269847594,Product_070
2024-03-18,151.2034634868132,Product_070
2024-03-25,153.73756062593327,Product_070
2024-04-01,151.33732657552022,Product_070
2024-04-08,155.6849243025036,Product_070
2024-04-15,152.4623390270621,Product_070
2024-04-22,148.3704995566276,Product_070
2024-04-29,155.28981444004577,Product_070
2024-05-06,333.18226862997795,Product_070
2024-05-13,152.2427370264059,Product_070
2024-05-20,156.20654986215436,Product_070
2024-05-27,146.15432195965354,Product_070
2024-06-03,141.49352751327152,Product_070
2024-06-10,139.1200679412064,Product_070
2024-06-17,142.14726393528883,Product_070
2024-06-24,142.861051841169,Product_070
2024-07-01,144.21327591369993,Product_070
2024-07-08,126.81413654207746,Product_070
2024-07-15,134.16192368996158,Product_070
2024-07-22,133.7683807266528,Product_070
2024-07-29,127.53560429213854,Product_070
2024-08-05,127.12997837091069,Product_070
2024-08-12,122.70867260634091,Product_070
2024-08-19,712.9316630151236,Product_070
2024-08-26,109.04558485473268,Product_070
2024-09-02,116.20903050290732,Product_070
2024-09-09,117.0298433375554,Product_070
2024-09-16,118.93410999850961,Product_070
2024-09-23,118.06506219489344,Product_070
2024-09-30,117.68691222889954,Product_070
2024-10-07,119.26789694733685,Product_070
2024-10-14,122.78543559593851,Product_070
2024-10-21,118.11207312023727,Product_070
2024-10-28,122.38392716930532,Product_070
2024-11-04,135.82687293139182,Product_070
2024-11-11,131.92944923084124,Product_070
2024-11-18,515.2594978825922,Product_070
2024-11-25,566.8109461021974,Product_070
2024-12-02,134.92341607573624,Product_070
2024-12-09,137.91638551311766,Product_070
2024-12-16,141.7902764946829,Product_070
2024-12-23,143.82926160918953,Product_070
2024-12-30,151.69445182295485,Product_070
2023-01-02,123.54951561663458,Product_071
2023-01-09,126.3188082715873,Product_071
2023-01-16,125.0532310553995,Product_071
2023-01-23,128.6482398881116,Product_071
2023-01-30,125.07581984986189,Product_071
2023-02-06,135.71298385926053,Product_071
2023-02-13,134.53424679425942,Product_071
2023-02-20,140.3756385165743,Product_071
2023-02-27,145.4408078273963,Product_071
2023-03-06,142.9944039652704,Product_071
2023-03-13,150.59155702505643,Product_071
2023-03-20,152.5649530777005,Product_071
2023-03-27,147.13027293659619,Product_071
2023-04-03,149.28946481140062,Product_071
2023-04-10,143.94689899475762,Product_071
2023-04-17,141.9204929715871,Product_071
2023-04-24,141.23809746308856,Product_071
2023-05-01,146.54711711256815,Product_071
2023-05-08,139.39757050404472,Product_071
2023-05-15,145.51559346122582,Product_071
2023-05-22,289.3090089585178,Product_071
2023-05-29,144.97334079761808,Product_071
2023-06-05,128.98608955150846,Product_071
2023-06-12,133.1233454782042,Product_071
2023-06-19,129.86860091814336,Product_071
2023-06-26,126.47241039433581,Product_071
2023-07-03,126.17619719917396,Product_071
2023-07-10,119.10686107778798,Product_071
2023-07-17,128.99750768213087,Product_071
2023-07-24,123.0392571713958,Product_071
2023-07-31,5.878562637562771,Product_071
2023-08-07,109.12352622206852,Product_071
2023-08-14,105.45963458953516,Product_071
2023-08-21,112.83826504073468,Product_071
2023-08-28,109.15932114105459,Product_071
2023-09-04,110.48630790889786,Product_071
2023-09-11,103.08569939082496,Product_071
2023-09-18,108.640005558511,Product_071
2023-09-25,95.00024660790129,Product_071
2023-10-02,114.57171284284684,Product_071
2023-10-09,107.99399236850417,Product_071
2023-10-16,100.43883392236951,Product_071
2023-10-23,109.02573744993788,Product_071
2023-10-30,103.06783683764274,Product_071
2023-11-06,105.01293741683767,Product_071
2023-11-13,115.71178878145382,Product_071
2023-11-20,481.2207216396324,Product_071
2023-11-27,441.76886667768645,Product_071
2023-12-04,120.66248111674867,Product_071
2023-12-11,121.52995945478665,Product_071
2023-12-18,124.64633560877427,Product_071
2023-12-25,136.15946311630677,Product_071
2024-01-01,137.4965452881462,Product_071
2024-01-08,135.24712493993772,Product_071
2024-01-15,143.9319252863777,Product_071
2024-01-22,154.28394889357045,Product_071
2024-01-29,151.84522038051153,Product_071
2024-02-05,152.52615176680263,Product_071
2024-02-12,158.13306592200524,Product_071
2024-02-19,155.06711363693503,Product_071
2024-02-26,162.13694919126442,Product_071
2024-03-04,155.09553071752293,Product_071
2024-03-11,164.18741064637183,Product_071
2024-03-18,160.65601396757356,Product_071
2024-03-25,156.44478679639417,Product_071
2024-04-01,169.12227219438404,Product_071
2024-04-08,165.91838098605322,Product_071
2024-04-15,163.15302803303976,Product_071
2024-04-22,159.55287907868123,Product_071
2024-04-29,162.56716432182213,Product_071
2024-05-06,322.55798619226323,Product_071
2024-05-13,156.02533327936365,Product_071
2024-05-20,157.12140595073674,Product_071
2024-05-27,147.9679046351159,Product_071
2024-06-03,151.04026794600554,Product_071
2024-06-10,145.94887979978236,Product_071
2024-06-17,144.01780738616642,Product_071
2024-06-24,146.31108912461704,Product_071
2024-07-01,148.09303125632826,Product_071
2024-07-08,137.50868689299463,Product_071
2024-07-15,141.822769165135,Product_071
2024-07-22,125.36737350095017,Product_071
2024-07-29,135.29107049726542,Product_071
2024-08-05,132.47121932203112,Product_071
2024-08-12,130.59717876196834,Product_071
2024-08-19,720.0411584416638,Product_071
2024-08-26,120.29889192035692,Product_071
2024-09-02,126.49362561519924,Product_071
2024-09-09,129.55843637673144,Product_071
2024-09-16,116.28327865946477,Product_071
2024-09-23,123.03170120421436,Product_071
2024-09-30,123.7333611714231,Product_071
2024-10-07,121.37005775996174,Product_071
2024-10-14,123.45742916791914,Product_071
2024-10-21,122.07846361650975,Product_071
2024-10-28,128.1557780539114,Product_071
2024-11-04,136.35861435392542,Product_071
2024-11-11,128.7169103255108,Product_071
2024-11-18,529.7179173789187,Product_071
2024-11-25,557.2350507723805,Product_071
2024-12-02,139.43544321156418,Product_071
2024-12-09,140.01560444045833,Product_071
2024-12-16,142.21104558729354,Product_071
2024-12-23,145.3748595791164,Product_071
2024-12-30,147.35240835629637,Product_071
2023-01-02,108.99659331712283,Product_072
2023-01-09,117.72347580060777,Product_072
2023-01-16,121.38916985334939,Product_072
2023-01-23,117.05481075104215,Product_072
2023-01-30,124.91183054524176,Product_072
2023-02-06,130.37937180491747,Product_072
2023-02-13,135.87233139973296,Product_072
2023-02-20,144.89700951156917,Product_072
2023-02-27,135.0769146711134,Product_072
2023-03-06,138.38270817139968,Product_072
2023-03-13,142.09246672678412,Product_072
2023-03-20,139.91922811045885,Product_072
2023-03-27,149.57839651992117,Product_072
2023-04-03,147.32833129471635,Product_072
2023-04-10,148.87867887448581,Product_072
2023-04-17,143.66442324045,Product_072
2023-04-24,139.94884147050925,Product_072
2023-05-01,147.43013577680136,Product_072
2023-05-08,135.91753156348037,Product_072
2023-05-15,144.2666074640301,Product_072
2023-05-22,271.9112785893189,Product_072
2023-05-29,139.06980336582268,Product_072
2023-06-05,132.11863201081422,Product_072
2023-06-12,129.6355785664212,Product_072
2023-06-19,120.89080355546888,Product_072
2023-06-26,127.39103300891286,Product_072
2023-07-03,121.38436835669823,Product_072
2023-07-10,121.32211776752928,Product_072
2023-07-17,118.5089942301803,Product_072
2023-07-24,110.60324499202122,Product_072
2023-07-31,5.617548056030151,Product_072
2023-08-07,114.7158169522206,Product_072
2023-08-14,101.74499010114342,Product_072
2023-08-21,102.52465921145642,Product_072
2023-08-28,106.58816220704006,Product_072
2023-09-04,100.83533491597902,Product_072
2023-09-11,102.22706516682777,Product_072
2023-09-18,104.28407803015003,Product_072
2023-09-25,101.7564629590739,Product_072
2023-10-02,100.17553124041788,Product_072
2023-10-09,104.69464940811669,Product_072
2023-10-16,99.33417216240267,Product_072
2023-10-23,110.72924226247328,Product_072
2023-10-30,109.87164813174105,Product_072
2023-11-06,103.04210386039819,Product_072
2023-11-13,105.2732467376344,Product_072
2023-11-20,470.2206124603995,Product_072
2023-11-27,488.4555474544474,Product_072
2023-12-04,122.10016020559935,Product_072
2023-12-11,125.63376128440758,Product_072
2023-12-18,125.90911310453235,Product_072
2023-12-25,129.1045206694054,Product_072
2024-01-01,129.44873373643284,Product_072
2024-01-08,132.55494880168638,Product_072
2024-01-15,141.61747067244468,Product_072
2024-01-22,143.1236382335209,Product_072
2024-01-29,145.19336348725076,Product_072
2024-02-05,151.01764523849562,Product_072
2024-02-12,161.43144884882415,Product_072
2024-02-19,158.2469919385153,Product_072
2024-02-26,150.37169121090255,Product_072
2024-03-04,154.1571856475659,Product_072
2024-03-11,154.2450928909976,Product_072
2024-03-18,151.65835610575263,Product_072
2024-03-25,154.81489827462312,Product_072
2024-04-01,161.06165813972123,Product_072
2024-04-08,163.81841534932636,Product_072
2024-04-15,158.27473232664155,Product_072
2024-04-22,158.45202713495075,Product_072
2024-04-29,161.0409661409424,Product_072
2024-05-06,339.35535942753967,Product_072
2024-05-13,154.97834162041443,Product_072
2024-05-20,153.9519556099277,Product_072
2024-05-27,153.27350739456753,Product_072
2024-06-03,148.1842306789238,Product_072
2024-06-10,148.60880649412368,Product_072
2024-06-17,145.62007651086816,Product_072
2024-06-24,148.70280797937494,Product_072
2024-07-01,147.48465234348959,Product_072
2024-07-08,136.8532621267774,Product_072
2024-07-15,139.57824054800233,Product_072
2024-07-22,129.98512565819092,Product_072
2024-07-29,132.27681549987852,Product_072
2024-08-05,121.97848808652647,Product_072
2024-08-12,129.69722047027142,Product_072
2024-08-19,725.8075271350731,Product_072
2024-08-26,119.64984746634951,Product_072
2024-09-02,121.33094743367835,Product_072
2024-09-09,122.09006433879658,Product_072
2024-09-16,121.56379242476268,Product_072
2024-09-23,115.15981266448233,Product_072
2024-09-30,122.9731689164499,Product_072
2024-10-07,118.41587536463034,Product_072
2024-10-14,113.03652276796379,Product_072
2024-10-21,126.75548729640909,Product_072
2024-10-28,122.90552439949221,Product_072
2024-11-04,128.13669417651516,Product_072
2024-11-11,129.92530220255844,Product_072
2024-11-18,536.0920634680624,Product_072
2024-11-25,526.670902081157,Product_072
2024-12-02,135.03615675794242,Product_072
2024-12-09,138.32368967798877,Product_072
2024-12-16,137.13645016877322,Product_072
2024-12-23,146.80880802150716,Product_072
2024-12-30,146.53998296701164,Product_072
2023-01-02,95.87641291154051,Product_073
2023-01-09,101.45985121020864,Product_073
2023-01-16,109.12033091942108,Product_073
2023-01-23,110.5844759671287,Product_073
2023-01-30,110.95151626286346,Product_073
2023-02-06,119.54201089681494,Product_073
2023-02-13,116.59067495436314,Product_073
2023-02-20,117.03844579216717,Product_073
2023-02-27,120.47176170522641,Product_073
2023-03-06,127.57099950902465,Product_073
2023-03-13,121.15393358139757,Product_073
2023-03-20,129.26641321901084,Product_073
2023-03-27,129.68035782898664,Product_073
2023-04-03,133.11014274354432,Product_073
2023-04-10,135.93247678462703,Product_073
2023-04-17,123.43264396653247,Product_073
2023-04-24,131.51939681314659,Product_073
2023-05-01,128.90657834237092,Product_073
2023-05-08,124.39198385188543,Product_073
2023-05-15,129.7602588739426,Product_073
2023-05-22,240.47737884473202,Product_073
2023-05-29,120.46367657797136,Product_073
2023-06-05,120.8396190460338,Product_073
2023-06-12,117.33755354336046,Product_073
2023-06-19,112.0591446248895,Product_073
2023-06-26,108.8649195582944,Product_073
2023-07-03,118.38032486825796,Product_073
2023-07-10,109.66101645728469,Product_073
2023-07-17,100.97401889820343,Product_073
2023-07-24,102.29657545943388,Product_073
2023-07-31,5.095988703324992,Product_073
2023-08-07,93.36225248447451,Product_073
2023-08-14,95.85801789697803,Product_073
2023-08-21,103.81812514218726,Product_073
2023-08-28,98.68782843796909,Product_073
2023-09-04,92.40218331931182,Product_073
2023-09-11,89.90185074052987,Product_073
2023-09-18,84.7222624218207,Product_073
2023-09-25,93.7038915232363,Product_073
2023-10-02,99.02160044419263,Product_073
2023-10-09,91.71765965811751,Product_073
2023-10-16,100.26460090785207,Product_073
2023-10-23,90.6669155988434,Product_073
2023-10-30,102.21359167604426,Product_073
2023-11-06,99.8548475491024,Product_073
2023-11-13,105.80728530322833,Product_073
2023-11-20,415.4895402749296,Product_073
2023-11-27,430.96861173385156,Product_073
2023-12-04,107.91536155921818,Product_073
2023-12-11,120.3991432291417,Product_073
2023-12-18,118.31664811981611,Product_073
2023-12-25,119.304604286954,Product_073
2024-01-01,123.9860226864152,Product_073
2024-01-08,127.09284541758487,Product_073
2024-01-15,133.19133225293652,Product_073
2024-01-22,135.6802628336515,Product_073
2024-01-29,139.72102889228418,Product_073
2024-02-05,133.7520987452841,Product_073
2024-02-12,144.61165293285472,Product_073
2024-02-19,143.23804184444438,Product_073
2024-02-26,152.76811965259932,Product_073
2024-03-04,156.85247199305743,Product_073
2024-03-11,155.4495681353252,Product_073
2024-03-18,149.10092072357992,Product_073
2024-03-25,151.1346680875688,Product_073
2024-04-01,154.92969036171797,Product_073
2024-04-08,159.00806135530408,Product_073
2024-04-15,153.29601035809526,Product_073
2024-04-22,157.405198374173,Product_073
2024-04-29,157.47869841773718,Product_073
2024-05-06,327.0653628577369,Product_073
2024-05-13,151.05943112735727,Product_073
2024-05-20,149.6720661978874,Product_073
2024-05-27,152.23062911668424,Product_073
2024-06-03,140.6114987823821,Product_073
2024-06-10,150.88832709029552,Product_073
2024-06-17,143.49349392559554,Product_073
2024-06-24,137.04870168085287,Product_073
2024-07-01,147.14507018195548,Product_073
2024-07-08,129.3768977244939,Product_073
2024-07-15,132.5545024577753,Product_073
2024-07-22,130.40256186566933,Product_073
2024-07-29,133.10842465933723,Product_073
2024-08-05,123.87618383373136,Product_073
2024-08-12,123.57640813056403,Product_073
2024-08-19,726.0589667257439,Product_073
2024-08-26,119.4594821963846,Product_073
2024-09-02,111.81153798656091,Product_073
2024-09-09,121.97317988747467,Product_073
2024-09-16,118.29247123250524,Product_073
2024-09-23,118.71698225920701,Product_073
2024-09-30,117.40897837241778,Product_073
2024-10-07,120.63523370040996,Product_073
2024-10-14,121.26920352380664,Product_073
2024-10-21,121.8475320558981,Product_073
2024-10-28,126.0610610068546,Product_073
2024-11-04,124.48434588502032,Product_073
2024-11-11,128.33844097011323,Product_073
2024-11-18,492.8467570077416,Product_073
2024-11-25,519.9256718782003,Product_073
2024-12-02,136.95796582357835,Product_073
2024-12-09,140.0075266240843,Product_073
2024-12-16,137.94662497627513,Product_073
2024-12-23,146.699792405807,Product_073
2024-12-30,152.413294086211,Product_073
2023-01-02,103.31594657039277,Product_074
2023-01-09,107.41758734273701,Product_074
2023-01-16,108.57846987170525,Product_074
2023-01-23,122.64122390658218,Product_074
2023-01-30,117.94125893482739,Product_074
2023-02-06,111.80704646833526,Product_074
2023-02-13,115.7033925929993,Product_074
2023-02-20,126.39984426102379,Product_074
2023-02-27,123.34325354340532,Product_074
2023-03-06,132.31813139682075,Product_074
2023-03-13,124.51568598163624,Product_074
2023-03-20,138.55653227507088,Product_074
2023-03-27,131.69945259442895,Product_074
2023-04-03,136.2288945103682,Product_074
2023-04-10,138.94890125299113,Product_074
2023-04-17,132.75409705359704,Product_074
2023-04-24,132.9581745932145,Product_074
2023-05-01,134.88270700350398,Product_074
2023-05-08,125.77048233892329,Product_074
2023-05-15,138.179171559312,Product_074
2023-05-22,249.12401714567812,Product_074
2023-05-29,128.76207601999653,Product_074
2023-06-05,131.80225080625723,Product_074
2023-06-12,118.93903675120481,Product_074
2023-06-19,117.96663746857203,Product_074
2023-06-26,110.0518370408003,Product_074
2023-07-03,116.0498339423383,Product_074
2023-07-10,112.77869171528988,Product_074
2023-07-17,114.75938141225278,Product_074
2023-07-24,105.01590469319714,Product_074
2023-07-31,5.578238679497744,Product_074
2023-08-07,103.42103423110355,Product_074
2023-08-14,101.90144721562103,Product_074
2023-08-21,99.922476662048,Product_074
2023-08-28,98.09605543242002,Product_074
2023-09-04,93.7410178804366,Product_074
2023-09-11,89.83257834564424,Product_074
2023-09-18,95.08282435353095,Product_074
2023-09-25,89.6231808657085,Product_074
2023-10-02,104.7068882756877,Product_074
2023-10-09,90.79886437531101,Product_074
2023-10-16,91.93831128602665,Product_074
2023-10-23,104.39095171171071,Product_074
2023-10-30,104.61840281634628,Product_074
2023-11-06,103.1990114989306,Product_074
2023-11-13,101.60186566677872,Product_074
2023-11-20,416.5370413722787,Product_074
2023-11-27,452.6176652908587,Product_074
2023-12-04,114.38701743923511,Product_074
2023-12-11,118.5595996810408,Product_074
2023-12-18,119.57232345995548,Product_074
2023-12-25,129.91835685392826,Product_074
2024-01-01,123.44873157056595,Product_074
2024-01-08,131.25915472838932,Product_074
2024-01-15,136.89244916666058,Product_074
2024-01-22,142.75000204850446,Product_074
2024-01-29,134.67595421046468,Product_074
2024-02-05,149.10386837169813,Product_074
2024-02-12,146.29279815346874,Product_074
2024-02-19,147.62270789680906,Product_074
2024-02-26,152.4177591927183,Product_074
2024-03-04,142.03220575862298,Product_074
2024-03-11,153.14745063192493,Product_074
2024-03-18,159.37711583123627,Product_074
2024-03-25,165.45288606357408,Product_074
2024-04-01,154.17510960727236,Product_074
2024-04-08,158.5163304434739,Product_074
2024-04-15,156.8510240762541,Product_074
2024-04-22,160.56592117788756,Product_074
2024-04-29,161.9066243197695,Product_074
2024-05-06,339.2563307999382,Product_074
2024-05-13,156.53070913463543,Product_074
2024-05-20,149.98012337348646,Product_074
2024-05-27,156.08239601270375,Product_074
2024-06-03,149.3537236659343,Product_074
2024-06-10,153.07125714613824,Product_074
2024-06-17,141.45992384088484,Product_074
2024-06-24,138.6278537937002,Product_074
2024-07-01,143.4883698338557,Product_074
2024-07-08,133.0022504510826,Product_074
2024-07-15,130.3686218386531,Product_074
2024-07-22,128.1275818062931,Product_074
2024-07-29,127.68901318670564,Product_074
2024-08-05,131.11819244964337,Product_074
2024-08-12,125.61994306771118,Product_074
2024-08-19,719.4408784796599,Product_074
2024-08-26,120.35602010814783,Product_074
2024-09-02,117.84115162291047,Product_074
2024-09-09,119.33512222199627,Product_074
2024-09-16,122.65380256942716,Product_074
2024-09-23,124.31745268949092,Product_074
2024-09-30,119.37376581687178,Product_074
2024-10-07,120.01148539984334,Product_074
2024-10-14,121.97838383063635,Product_074
2024-10-21,128.4230114549532,Product_074
2024-10-28,125.58980593287099,Product_074
2024-11-04,126.25450739499237,Product_074
2024-11-11,133.45646569651194,Product_074
2024-11-18,540.9925396058832,Product_074
2024-11-25,531.1748107445804,Product_074
2024-12-02,140.89216059537614,Product_074
2024-12-09,133.02385527649966,Product_074
2024-12-16,142.08263171521065,Product_074
2024-12-23,140.26155636494892,Product_074
2024-12-30,153.5619243937975,Product_074
2023-01-02,97.47185282029427,Product_075
2023-01-09,95.01390599672634,Product_075
2023-01-16,108.57669217454371,Product_075
2023-01-23,102.76827395531195,Product_075
2023-01-30,107.91223061986653,Product_075
2023-02-06,107.43965387373875,Product_075
2023-02-13,115.26379261218517,Product_075
2023-02-20,116.70375321468886,Product_075
2023-02-27,118.73533103869512,Product_075
2023-03-06,115.99098685648843,Product_075
2023-03-13,124.84651308467392,Product_075
2023-03-20,123.29427577390493,Product_075
2023-03-27,127.13391368051866,Product_075
2023-04-03,133.94932143536352,Product_075
2023-04-10,133.3381198811765,Product_075
2023-04-17,124.71202277246036,Product_075
2023-04-24,130.0930028071009,Product_075
2023-05-01,118.39544120478232,Product_075
2023-05-08,127.37256156897793,Product_075
2023-05-15,126.54884404527934,Product_075
2023-05-22,248.22424927741528,Product_075
2023-05-29,119.31787691046154,Product_075
2023-06-05,123.65153853806635,Product_075
2023-06-12,119.2038516066263,Product_075
2023-06-19,112.91536211318652,Product_075
2023-06-26,105.68810000530834,Product_075
2023-07-03,107.49690152807209,Product_075
2023-07-10,105.59730966402182,Product_075
2023-07-17,106.9831626937921,Product_075
2023-07-24,102.73034529200405,Product_075
2023-07-31,4.743250378240058,Product_075
2023-08-07,92.33339231111367,Product_075
2023-08-14,100.53480057482253,Product_075
2023-08-21,88.24451523085763,Product_075
2023-08-28,95.67493090819939,Product_075
2023-09-04,93.31388612281793,Product_075
2023-09-11,101.05358967052501,Product_075
2023-09-18,89.92886887196167,Product_075
2023-09-25,91.61631638351328,Product_075
2023-10-02,92.0086192608523,Product_075
2023-10-09,95.15501026878714,Product_075
2023-10-16,91.43007368701966,Product_075
2023-10-23,89.96982909660035,Product_075
2023-10-30,101.68306098336447,Product_075
2023-11-06,102.6566281170207,Product_075
2023-11-13,97.57007582367964,Product_075
2023-11-20,432.5904535163661,Product_075
2023-11-27,444.02818923746565,Product_075
2023-12-04,108.26066959385027,Product_075
2023-12-11,113.88222464250009,Product_075
2023-12-18,116.58368703828548,Product_075
2023-12-25,124.20141235074334,Product_075
2024-01-01,126.53724408506976,Product_075
2024-01-08,128.48443883846625,Product_075
2024-01-15,124.56954422140133,Product_075
2024-01-22,128.8423228971899,Product_075
2024-01-29,134.1384926727029,Product_075
2024-02-05,137.54536086198223,Product_075
2024-02-12,141.5203923348897,Product_075
2024-02-19,145.16238229262987,Product_075
2024-02-26,148.85676887205219,Product_075
2024-03-04,146.5485720484326,Product_075
2024-03-11,155.15583855221084,Product_075
2024-03-18,155.2587763661283,Product_075
2024-03-25,154.38391189978447,Product_075
2024-04-01,157.1707657457108,Product_075
2024-04-08,156.60219057398731,Product_075
2024-04-15,160.37057797949285,Product_075
2024-04-22,143.72810584861946,Product_075
2024-04-29,148.76904899762533,Product_075
2024-05-06,316.4209350392666,Product_075
2024-05-13,146.4609057629618,Product_075
2024-05-20,150.0315558661259,Product_075
2024-05-27,145.2594477457662,Product_075
2024-06-03,143.12187878878578,Product_075
2024-06-10,133.13420898192462,Product_075
2024-06-17,142.47221296811793,Product_075
2024-06-24,143.3932628605244,Product_075
2024-07-01,132.06721609192772,Product_075
2024-07-08,132.80871288942996,Product_075
2024-07-15,132.3984284844389,Product_075
2024-07-22,124.1382048815029,Product_075
2024-07-29,124.0178091283743,Product_075
2024-08-05,130.4420406685867,Product_075
2024-08-12,116.30146329028958,Product_075
2024-08-19,721.7770821688845,Product_075
2024-08-26,119.95746028293054,Product_075
2024-09-02,118.27809930285741,Product_075
2024-09-09,111.5795143928216,Product_075
2024-09-16,127.03972548880732,Product_075
2024-09-23,115.12924336724132,Product_075
2024-09-30,117.5700975971779,Product_075
2024-10-07,115.1615415326989,Product_075
2024-10-14,117.18525355925865,Product_075
2024-10-21,121.6365382404939,Product_075
2024-10-28,113.56066020499702,Product_075
2024-11-04,126.22572801487684,Product_075
2024-11-11,124.4969815348108,Product_075
2024-11-18,481.5722860006788,Product_075
2024-11-25,514.6068102503857,Product_075
2024-12-02,130.2040841754899,Product_075
2024-12-09,134.8376868260245,Product_075
2024-12-16,147.44005798369489,Product_075
2024-12-23,151.9228362963026,Product_075
2024-12-30,150.59567950625475,Product_075
2023-01-02,90.50654696837921,Product_076
2023-01-09,91.42634570665712,Product_076
2023-01-16,93.5632309353972,Product_076
2023-01-23,104.67710762472436,Product_076
2023-01-30,110.00768605339567,Product_076
2023-02-06,110.36250661413106,Product_076
2023-02-13,99.00567043168601,Product_076
2023-02-20,105.73930259815658,Product_076
2023-02-27,104.59056352745927,Product_076
2023-03-06,120.84331579381121,Product_076
2023-03-13,116.97153332610418,Product_076
2023-03-20,118.27387435627706,Product_076
2023-03-27,118.78970270227211,Product_076
2023-04-03,117.56130084226015,Product_076
2023-04-10,120.87694766256952,Product_076
2023-04-17,120.70377759226254,Product_076
2023-04-24,127.6489940145547,Product_076
2023-05-01,117.85399333225791,Product_076
2023-05-08,115.51985310076269,Product_076
2023-05-15,113.16836417018136,Product_076
2023-05-22,214.1862269916942,Product_076
2023-05-29,106.83841316038492,Product_076
2023-06-05,111.22221156427157,Product_076
2023-06-12,105.2248574328757,Product_076
2023-06-19,105.47607388628767,Product_076
2023-06-26,105.89355303824398,Product_076
2023-07-03,101.86831099498507,Product_076
2023-07-10,98.89950281242199,Product_076
2023-07-17,89.9357490485353,Product_076
2023-07-24,92.79687836205282,Product_076
2023-07-31,4.726996103702934,Product_076
2023-08-07,94.80170422507538,Product_076
2023-08-14,93.92830012251675,Product_076
2023-08-21,82.45244982324802,Product_076
2023-08-28,88.01771292639472,Product_076
2023-09-04,90.32215119036286,Product_076
2023-09-11,84.53635953299882,Product_076
2023-09-18,82.54012462339027,Product_076
2023-09-25,73.95643684595275,Product_076
2023-10-02,83.42674237008669,Product_076
2023-10-09,94.02984402554361,Product_076
2023-10-16,82.13972722565943,Product_076
2023-10-23,88.52500541149885,Product_076
2023-10-30,89.7242683279362,Product_076
2023-11-06,90.02323834717805,Product_076
2023-11-13,100.97125112079264,Product_076
2023-11-20,407.21203939835175,Product_076
2023-11-27,378.74476099165855,Product_076
2023-12-04,100.7358677303193,Product_076
2023-12-11,106.13749747299349,Product_076
2023-12-18,103.35850437904158,Product_076
2023-12-25,118.43680962248828,Product_076
2024-01-01,116.1336651284889,Product_076
2024-01-08,118.37471168521733,Product_076
2024-01-15,128.25715061099862,Product_076
2024-01-22,128.9945044102548,Product_076
2024-01-29,132.91030068051194,Product_076
2024-02-05,132.19090105471614,Product_076
2024-02-12,139.72495774531532,Product_076
2024-02-19,140.81897109162657,Product_076
2024-02-26,151.09647039883473,Product_076
2024-03-04,146.10658104443192,Product_076
2024-03-11,146.7009967135911,Product_076
2024-03-18,145.7777355098034,Product_076
2024-03-25,147.17565525869077,Product_076
2024-04-01,151.39331308913683,Product_076
2024-04-08,155.19538220552278,Product_076
2024-04-15,147.51232497213388,Product_076
2024-04-22,146.9342217255382,Product_076
2024-04-29,146.8477434419672,Product_076
2024-05-06,326.59644831339523,Product_076
2024-05-13,145.86794478277747,Product_076
2024-05-20,152.84978009504417,Product_076
2024-05-27,143.82843835982342,Product_076
2024-06-03,140.75745098521128,Product_076
2024-06-10,138.53475150366316,Product_076
2024-06-17,139.367994977024,Product_076
2024-06-24,135.45804318551885,Product_076
2024-07-01,134.3715769603391,Product_076
2024-07-08,127.10392020690384,Product_076
2024-07-15,130.64844823003568,Product_076
2024-07-22,124.07078422525537,Product_076
2024-07-29,118.52216519932844,Product_076
2024-08-05,121.54414912761426,Product_076
2024-08-12,120.7012665729753,Product_076
2024-08-19,711.9782578632276,Product_076
2024-08-26,120.00564182520651,Product_076
2024-09-02,115.15467268152733,Product_076
2024-09-09,116.52291835526597,Product_076
2024-09-16,121.90653039605145,Product_076
2024-09-23,120.04269257369656,Product_076
2024-09-30,108.10880181055865,Product_076
2024-10-07,115.69168533428471,Product_076
2024-10-14,123.5468874735432,Product_076
2024-10-21,120.69280956949117,Product_076
2024-10-28,122.34097019112936,Product_076
2024-11-04,126.13449792686968,Product_076
2024-11-11,119.62986294610349,Product_076
2024-11-18,515.0583917154734,Product_076
2024-11-25,499.3092179494898,Product_076
2024-12-02,136.26558878433988,Product_076
2024-12-09,141.0254865357761,Product_076
2024-12-16,150.66400689851466,Product_076
2024-12-23,147.09339862960482,Product_076
2024-12-30,145.1987122820109,Product_076
2023-01-02,91.20864329121491,Product_077
2023-01-09,104.44126364117767,Product_077
2023-01-16,103.55835113244382,Product_077
2023-01-23,104.09266013110567,Product_077
2023-01-30,108.05825972505207,Product_077
2023-02-06,112.69297729286292,Product_077
2023-02-13,115.15656274874485,Product_077
2023-02-20,117.70774004840169,Product_077
2023-02-27,126.64227755342762,Product_077
2023-03-06,119.45565520306688,Product_077
2023-03-13,118.41260004649598,Product_077
2023-03-20,126.91281117024667,Product_077
2023-03-27,122.0155476625752,Product_077
2023-04-03,128.7568808493937,Product_077
2023-04-10,120.51618675222488,Product_077
2023-04-17,130.7407341171586,Product_077
2023-04-24,120.39422520776425,Product_077
2023-05-01,124.00270960279197,Product_077
2023-05-08,133.7829405547902,Product_077
2023-05-15,121.01306284139514,Product_077
2023-05-22,239.58752895513405,Product_077
2023-05-29,129.6236644570073,Product_077
2023-06-05,118.11243877132384,Product_077
2023-06-12,115.88592597727333,Product_077
2023-06-19,113.23246661714563,Product_077
2023-06-26,116.7735170957107,Product_077
2023-07-03,106.58493008312347,Product_077
2023-07-10,109.08104923516194,Product_077
2023-07-17,99.87563290483227,Product_077
2023-07-24,101.53096873122787,Product_077
2023-07-31,4.859488644396178,Product_077
2023-08-07,98.63442964312992,Product_077
2023-08-14,95.90015042424666,Product_077
2023-08-21,97.4012447502482,Product_077
2023-08-28,92.52468589154104,Product_077
2023-09-04,98.55437108130593,Product_077
2023-09-11,88.59012257509931,Product_077
2023-09-18,86.18413916902053,Product_077
2023-09-25,99.69363012266085,Product_077
2023-10-02,91.30770542239092,Product_077
2023-10-09,97.82023778257914,Product_077
2023-10-16,89.58286860955475,Product_077
2023-10-23,90.17703262790798,Product_077
2023-10-30,89.77022357718806,Product_077
2023-11-06,94.25868066745595,Product_077
2023-11-13,96.59732738034347,Product_077
2023-11-20,390.2642366488235,Product_077
2023-11-27,440.4017448883163,Product_077
2023-12-04,106.67475900225344,Product_077
2023-12-11,110.46969534643547,Product_077
2023-12-18,111.9314360821761,Product_077
2023-12-25,117.22990747158796,Product_077
2024-01-01,122.52109095049032,Product_077
2024-01-08,128.6971654194979,Product_077
2024-01-15,128.0212308740167,Product_077
2024-01-22,140.2799677202722,Product_077
2024-01-29,138.38556378598102,Product_077
2024-02-05,149.7967409447714,Product_077
2024-02-12,135.9657487606465,Product_077
2024-02-19,146.2013481388149,Product_077
2024-02-26,141.68311438995437,Product_077
2024-03-04,148.69165692096215,Product_077
2024-03-11,151.07578343405558,Product_077
2024-03-18,149.38323139474878,Product_077
2024-03-25,157.62742765712406,Product_077
2024-04-01,151.35238352381808,Product_077
2024-04-08,155.39917701958026,Product_077
2024-04-15,156.1806607543372,Product_077
2024-04-22,153.83248864115353,Product_077
2024-04-29,148.72158217285607,Product_077
2024-05-06,326.2132717287726,Product_077
2024-05-13,149.6070150162814,Product_077
2024-05-20,145.9225291865942,Product_077
2024-05-27,148.3558023246025,Product_077
2024-06-03,144.50226652335914,Product_077
2024-06-10,138.7643817775887,Product_077
2024-06-17,145.25125168466235,Product_077
2024-06-24,132.4716239193109,Product_077
2024-07-01,131.7313778567141,Product_077
2024-07-08,134.16972258418005,Product_077
2024-07-15,134.4541745931158,Product_077
2024-07-22,126.66503169815832,Product_077
2024-07-29,126.01338982910008,Product_077
2024-08-05,121.64715733888426,Product_077
2024-08-12,117.92038008384701,Product_077
2024-08-19,726.2742822349034,Product_077
2024-08-26,118.66434871090107,Product_077
2024-09-02,117.37157366158365,Product_077
2024-09-09,122.77767854904994,Product_077
2024-09-16,118.24638191004395,Product_077
2024-09-23,122.81316569990784,Product_077
2024-09-30,114.88935419994581,Product_077
2024-10-07,124.82060320082623,Product_077
2024-10-14,119.55387395656466,Product_077
2024-10-21,118.88854529946794,Product_077
2024-10-28,120.36191135877245,Product_077
2024-11-04,123.71107821907027,Product_077
2024-11-11,132.15288599381418,Product_077
2024-11-18,499.14364610482534,Product_077
2024-11-25,540.381626048192,Product_077
2024-12-02,143.35644442824747,Product_077
2024-12-09,144.11739585166904,Product_077
2024-12-16,145.35365939256062,Product_077
2024-12-23,147.29613592261086,Product_077
2024-12-30,148.0716226622564,Product_077
2023-01-02,97.70407016515156,Product_078
2023-01-09,101.69146732591064,Product_078
2023-01-16,103.66866872550519,Product_078
2023-01-23,108.79296409980806,Product_078
2023-01-30,107.2002506226656,Product_078
2023-02-06,111.5018770224287,Product_078
2023-02-13,126.20094440814003,Product_078
2023-02-20,119.26446845217694,Product_078
2023-02-27,117.50168051573688,Product_078
2023-03-06,126.12598221381384,Product_078
2023-03-13,116.89402525097853,Product_078
2023-03-20,122.95641939261488,Product_078
2023-03-27,130.84355034391174,Product_078
2023-04-03,124.10235761569703,Product_078
2023-04-10,123.24085028185269,Product_078
2023-04-17,124.46745539887235,Product_078
2023-04-24,128.435311887918,Product_078
2023-05-01,130.86796091002057,Product_078
2023-05-08,120.92823613154688,Product_078
2023-05-15,127.08764654049499,Product_078
2023-05-22,236.3392416755319,Product_078
2023-05-29,115.6606380801179,Product_078
2023-06-05,116.32972569701397,Product_078
2023-06-12,108.79432179481108,Product_078
2023-06-19,111.01504988999109,Product_078
2023-06-26,112.99165676842595,Product_078
2023-07-03,106.14436332913348,Product_078
2023-07-10,111.61589935334695,Product_078
2023-07-17,101.18611485213046,Product_078
2023-07-24,101.95118427676167,Product_078
2023-07-31,4.553567040756664,Product_078
2023-08-07,105.01457032143482,Product_078
2023-08-14,94.2997220343679,Product_078
2023-08-21,98.08875749455292,Product_078
2023-08-28,95.26885724455957,Product_078
2023-09-04,87.61531401026107,Product_078
2023-09-11,96.19072704983523,Product_078
2023-09-18,89.7399331554973,Product_078
2023-09-25,89.01680864723664,Product_078
2023-10-02,97.7971512798533,Product_078
2023-10-09,97.38592385657837,Product_078
2023-10-16,87.20807581151527,Product_078
2023-10-23,89.18381235243706,Product_078
2023-10-30,92.27170354553493,Product_078
2023-11-06,92.51616131882848,Product_078
2023-11-13,102.9935308528261,Product_078
2023-11-20,414.35649410722556,Product_078
2023-11-27,417.70620494138586,Product_078
2023-12-04,106.98684995802401,Product_078
2023-12-11,104.27026091883616,Product_078
2023-12-18,118.13797707215569,Product_078
2023-12-25,127.87148686495593,Product_078
2024-01-01,124.31958008721605,Product_078
2024-01-08,121.82456719829406,Product_078
2024-01-15,131.0252293068687,Product_078
2024-01-22,127.81201158585105,Product_078
2024-01-29,136.34857006353073,Product_078
2024-02-05,140.1082166018209,Product_078
2024-02-12,145.8947555802793,Product_078
2024-02-19,148.7541772426948,Product_078
2024-02-26,151.78311387557275,Product_078
2024-03-04,147.89690506703047,Product_078
2024-03-11,151.27887586729597,Product_078
2024-03-18,159.01076774092138,Product_078
2024-03-25,157.0816630244475,Product_078
2024-04-01,153.57134023169627,Product_078
2024-04-08,156.71798183366127,Product_078
2024-04-15,158.08372541301216,Product_078
2024-04-22,148.31010422054004,Product_078
2024-04-29,153.22239679736762,Product_078
2024-05-06,316.4048598162597,Product_078
2024-05-13,148.95634419879977,Product_078
2024-05-20,152.1825716367977,Product_078
2024-05-27,153.3161941121709,Product_078
2024-06-03,145.73900232641466,Product_078
2024-06-10,144.36703307570647,Product_078
2024-06-17,147.23291749289305,Product_078
2024-06-24,140.97203510964079,Product_078
2024-07-01,134.6679962309437,Product_078
2024-07-08,135.92994061963367,Product_078
2024-07-15,134.7208913114741,Product_078
2024-07-22,130.32206948607472,Product_078
2024-07-29,120.04340842758108,Product_078
2024-08-05,119.69819394760228,Product_078
2024-08-12,129.229406299971,Product_078
2024-08-19,718.0635844947872,Product_078
2024-08-26,119.20119683600167,Product_078
2024-09-02,123.33851330472127,Product_078
2024-09-09,119.65801276654257,Product_078
2024-09-16,119.97493450275687,Product_078
2024-09-23,114.01295042316487,Product_078
2024-09-30,118.01938992779566,Product_078
2024-10-07,124.86316406430998,Product_078
2024-10-14,115.96117750940817,Product_078
2024-10-21,121.99607442769158,Product_078
2024-10-28,117.70040051304986,Product_078
2024-11-04,130.66836674756246,Product_078
2024-11-11,124.28243457682638,Product_078
2024-11-18,508.71663540146926,Product_078
2024-11-25,501.03588681818997,Product_078
2024-12-02,131.97228381058738,Product_078
2024-12-09,134.01873540499895,Product_078
2024-12-16,140.68767321820312,Product_078
2024-12-23,153.8206391793458,Product_078
2024-12-30,147.80086349295155,Product_078
2023-01-02,99.8288555610819,Product_079
2023-01-09,101.48452983118689,Product_079
2023-01-16,105.17177748147661,Product_079
2023-01-23,106.19221353606696,Product_079
2023-01-30,111.15648381814381,Product_079
2023-02-06,118.63115431079363,Product_079
2023-02-13,118.3698087455493,Product_079
2023-02-20,121.94555112872685,Product_079
2023-02-27,122.7455446558723,Product_079
2023-03-06,137.33936307187884,Product_079
2023-03-13,127.85473228001497,Product_079
2023-03-20,129.04408543204957,Product_079
2023-03-27,132.8763874646115,Product_079
2023-04-03,132.74062559826973,Product_079
2023-04-10,129.67427572466934,Product_079
2023-04-17,133.2914531050809,Product_079
2023-04-24,127.29104435116288,Product_079
2023-05-01,130.9598558256462,Product_079
2023-05-08,123.5652093126471,Product_079
2023-05-15,123.9217232134962,Product_079
2023-05-22,255.43517769054102,Product_079
2023-05-29,122.25497789138134,Product_079
2023-06-05,130.05390520597322,Product_079
2023-06-12,127.45982017168936,Product_079
2023-06-19,117.83836494139673,Product_079
2023-06-26,120.57482569002657,Product_079
2023-07-03,108.4467785492497,Product_079
2023-07-10,105.65129617596497,Product_079
2023-07-17,110.56586040797475,Product_079
2023-07-24,105.57312698338052,Product_079
2023-07-31,4.8623775446365975,Product_079
2023-08-07,96.16197875831321,Product_079
2023-08-14,99.70914507930814,Product_079
2023-08-21,91.47598135346999,Product_079
2023-08-28,95.40288486962552,Product_079
2023-09-04,102.90777089147352,Product_079
2023-09-11,87.1054720440218,Product_079
2023-09-18,91.39746944095913,Product_079
2023-09-25,89.03763750264375,Product_079
2023-10-02,94.02108808472165,Product_079
2023-10-09,93.49632969839787,Product_079
2023-10-16,97.32767290933447,Product_079
2023-10-23,93.37564783567818,Product_079
2023-10-30,101.76441374404268,Product_079
2023-11-06,101.0874336814787,Product_079
2023-11-13,105.17507172309412,Product_079
2023-11-20,417.63671953202834,Product_079
2023-11-27,448.70527918669427,Product_079
2023-12-04,112.26086168020713,Product_079
2023-12-11,117.15537377669023,Product_079
2023-12-18,118.21332929268621,Product_079
2023-12-25,120.44552498273046,Product_079
2024-01-01,120.54910957074034,Product_079
2024-01-08,129.9906456544645,Product_079
2024-01-15,128.894628510699,Product_079
2024-01-22,126.51145226571735,Product_079
2024-01-29,144.50180403311563,Product_079
2024-02-05,136.21397501291463,Product_079
2024-02-12,143.45653438482694,Product_079
2024-02-19,148.5581737526594,Product_079
2024-02-26,153.5737974161824,Product_079
2024-03-04,148.0877005763317,Product_079
2024-03-11,154.03291929252987,Product_079
2024-03-18,144.40832114602298,Product_079
2024-03-25,157.81501952913789,Product_079
2024-04-01,154.625722812501,Product_079
2024-04-08,152.79284005718824,Product_079
2024-04-15,150.7811564362584,Product_079
2024-04-22,155.46380923317855,Product_079
2024-04-29,157.04560051691774,Product_079
2024-05-06,327.8733048269925,Product_079
2024-05-13,151.98997983514568,Product_079
2024-05-20,152.40313352171952,Product_079
2024-05-27,145.16396727520296,Product_079
2024-06-03,154.29962448875895,Product_079
2024-06-10,148.59884148928097,Product_079
2024-06-17,143.17451323144388,Product_079
2024-06-24,138.47866619502796,Product_079
2024-07-01,129.5613221900799,Product_079
2024-07-08,139.02768504719606,Product_079
2024-07-15,129.48107187809177,Product_079
2024-07-22,126.97070017621381,Product_079
2024-07-29,124.51294828858501,Product_079
2024-08-05,121.03091573831325,Product_079
2024-08-12,120.0979774240593,Product_079
2024-08-19,725.5706519221267,Product_079
2024-08-26,117.5185447578471,Product_079
2024-09-02,117.78666799183955,Product_079
2024-09-09,115.38249209347211,Product_079
2024-09-16,121.36282910962883,Product_079
2024-09-23,130.0165430327421,Product_079
2024-09-30,119.77157407092177,Product_079
2024-10-07,125.48661146603244,Product_079
2024-10-14,114.18149751262109,Product_079
2024-10-21,125.78972930066969,Product_079
2024-10-28,121.0131341721198,Product_079
2024-11-04,129.31045811085266,Product_079
2024-11-11,128.0900564737959,Product_079
2024-11-18,514.3619660798671,Product_079
2024-11-25,528.7574681159401,Product_079
2024-12-02,132.6621490256721,Product_079
2024-12-09,142.19669749334517,Product_079
2024-12-16,145.29066407534518,Product_079
2024-12-23,147.58863806230238,Product_079
2024-12-30,152.80898736447426,Product_079
2023-01-02,101.14225006724564,Product_080
2023-01-09,107.96442804496444,Product_080
2023-01-16,104.04155419118098,Product_080
2023-01-23,111.5414056526316,Product_080
2023-01-30,115.92806365263725,Product_080
2023-02-06,122.91216125749148,Product_080
2023-02-13,128.19511441619818,Product_080
2023-02-20,123.81813738760728,Product_080
2023-02-27,122.6720799174884,Product_080
2023-03-06,127.20948537814425,Product_080
2023-03-13,128.50203873885687,Product_080
2023-03-20,130.76518891914333,Product_080
2023-03-27,130.98155848634096,Product_080
2023-04-03,127.64913854686925,Product_080
2023-04-10,138.41304946514268,Product_080
2023-04-17,133.1143604209952,Product_080
2023-04-24,135.95404529558965,Product_080
2023-05-01,125.58027036031687,Product_080
2023-05-08,135.15295074212415,Product_080
2023-05-15,138.26961956352437,Product_080
2023-05-22,270.3575800284299,Product_080
2023-05-29,128.42262901562987,Product_080
2023-06-05,127.69329230333332,Product_080
2023-06-12,121.95944012572608,Product_080
2023-06-19,116.14792748969444,Product_080
2023-06-26,118.036442127585,Product_080
2023-07-03,119.20382785224051,Product_080
2023-07-10,107.65798256924242,Product_080
2023-07-17,110.14420480092002,Product_080
2023-07-24,113.3387228023959,Product_080
2023-07-31,5.470184249883924,Product_080
2023-08-07,111.14224844370493,Product_080
2023-08-14,99.57944054770154,Product_080
2023-08-21,94.22950888767987,Product_080
2023-08-28,95.74611080254905,Product_080
2023-09-04,97.09042827204291,Product_080
2023-09-11,95.05361793327752,Product_080
2023-09-18,94.96300684563951,Product_080
2023-09-25,97.05871127586566,Product_080
2023-10-02,101.35435304520833,Product_080
2023-10-09,96.70736869563963,Product_080
2023-10-16,94.27783881536044,Product_080
2023-10-23,86.95170858071315,Product_080
2023-10-30,94.94589361145779,Product_080
2023-11-06,99.14003959374789,Product_080
2023-11-13,110.85081949207837,Product_080
2023-11-20,402.1003646406006,Product_080
2023-11-27,460.6139991095308,Product_080
2023-12-04,115.08961221365252,Product_080
2023-12-11,112.42235251087038,Product_080
2023-12-18,123.70884618248678,Product_080
2023-12-25,125.39169590521112,Product_080
2024-01-01,119.24024838344035,Product_080
2024-01-08,123.34430192409216,Product_080
2024-01-15,137.27267982994493,Product_080
2024-01-22,139.47397609997228,Product_080
2024-01-29,140.31333996881241,Product_080
2024-02-05,144.9805637692641,Product_080
2024-02-12,148.84513026980824,Product_080
2024-02-19,149.94385940142496,Product_080
2024-02-26,144.6211401123872,Product_080
2024-03-04,147.15613108804206,Product_080
2024-03-11,155.6318401028717,Product_080
2024-03-18,157.4309965158624,Product_080
2024-03-25,161.11329196351824,Product_080
2024-04-01,154.98947955338087,Product_080
2024-04-08,156.37057008690545,Product_080
2024-04-15,153.30162035684015,Product_080
2024-04-22,156.0677202607116,Product_080
2024-04-29,154.82293937789922,Product_080
2024-05-06,317.5038589237397,Product_080
2024-05-13,146.01036188477195,Product_080
2024-05-20,150.21125492143275,Product_080
2024-05-27,147.2020612304012,Product_080
2024-06-03,146.4560364565293,Product_080
2024-06-10,143.66926906614816,Product_080
2024-06-17,145.57059993400475,Product_080
2024-06-24,137.5007679226481,Product_080
2024-07-01,139.62661719274638,Product_080
2024-07-08,134.52023737301687,Product_080
2024-07-15,133.5881820544615,Product_080
2024-07-22,124.7016462079157,Product_080
2024-07-29,133.30227472147828,Product_080
2024-08-05,120.89731585856615,Product_080
2024-08-12,118.31323707378289,Product_080
2024-08-19,726.5721286336185,Product_080
2024-08-26,121.89916261052092,Product_080
2024-09-02,123.52738849041766,Product_080
2024-09-09,110.34979587119406,Product_080
2024-09-16,120.19376005761117,Product_080
2024-09-23,114.81797963612834,Product_080
2024-09-30,119.17779045326536,Product_080
2024-10-07,116.79099894524215,Product_080
2024-10-14,116.58319622853062,Product_080
2024-10-21,123.19121219742367,Product_080
2024-10-28,122.70010366649753,Product_080
2024-11-04,124.24013952866794,Product_080
2024-11-11,128.02527048522535,Product_080
2024-11-18,538.5153961421254,Product_080
2024-11-25,543.2730660015355,Product_080
2024-12-02,145.0754677089526,Product_080
2024-12-09,133.46766587236368,Product_080
2024-12-16,143.25326813876467,Product_080
2024-12-23,145.12860056327773,Product_080
2024-12-30,150.99136567860114,Product_080
2023-01-02,111.89570833418064,Product_081
2023-01-09,115.75000501055624,Product_081
2023-01-16,119.48369552414293,Product_081
2023-01-23,127.49768351239511,Product_081
2023-01-30,120.27396840225778,Product_081
2023-02-06,128.45630035002515,Product_081
2023-02-13,130.11062499536467,Product_081
2023-02-20,137.81467741057645,Product_081
2023-02-27,134.07543843482264,Product_081
2023-03-06,144.80932122650123,Product_081
2023-03-13,138.95517257492722,Product_081
2023-03-20,134.21430966622395,Product_081
2023-03-27,141.10260059964887,Product_081
2023-04-03,144.3525428413355,Product_081
2023-04-10,139.6495336515866,Product_081
2023-04-17,141.53353205085713,Product_081
2023-04-24,145.20498128655709,Product_081
2023-05-01,136.60380281178766,Product_081
2023-05-08,142.23999292430955,Product_081
2023-05-15,140.81317779892362,Product_081
2023-05-22,277.4366118390656,Product_081
2023-05-29,134.82244944655966,Product_081
2023-06-05,130.23528206190923,Product_081
2023-06-12,130.2066831125585,Product_081
2023-06-19,132.2966579473233,Product_081
2023-06-26,117.3207797658155,Product_081
2023-07-03,120.0668274659817,Product_081
2023-07-10,119.32504705827778,Product_081
2023-07-17,124.48409529612306,Product_081
2023-07-24,108.0791707492814,Product_081
2023-07-31,5.343726944016376,Product_081
2023-08-07,107.44257628117406,Product_081
2023-08-14,105.04062160484318,Product_081
2023-08-21,102.13667099699977,Product_081
2023-08-28,103.13250545665058,Product_081
2023-09-04,106.76071334162388,Product_081
2023-09-11,100.36982634130774,Product_081
2023-09-18,96.97660562030698,Product_081
2023-09-25,100.2375429592375,Product_081
2023-10-02,101.22927474166907,Product_081
2023-10-09,99.66584907002719,Product_081
2023-10-16,101.60279763394375,Product_081
2023-10-23,102.59054354206407,Product_081
2023-10-30,108.09310603169273,Product_081
2023-11-06,102.28639708340611,Product_081
2023-11-13,108.84204060302008,Product_081
2023-11-20,447.26747230848963,Product_081
2023-11-27,448.56721671505613,Product_081
2023-12-04,112.92189424364604,Product_081
2023-12-11,117.90495570467674,Product_081
2023-12-18,120.84856201440661,Product_081
2023-12-25,126.35781440623872,Product_081
2024-01-01,130.9958891843643,Product_081
2024-01-08,137.93246673983572,Product_081
2024-01-15,138.2067742916285,Product_081
2024-01-22,139.90581283275478,Product_081
2024-01-29,146.27234569455788,Product_081
2024-02-05,148.74009630956968,Product_081
2024-02-12,147.821574898196,Product_081
2024-02-19,148.93592234357646,Product_081
2024-02-26,159.33455404036403,Product_081
2024-03-04,162.7100811599036,Product_081
2024-03-11,161.179672255515,Product_081
2024-03-18,158.47808689313086,Product_081
2024-03-25,156.30181130629387,Product_081
2024-04-01,164.97113705463985,Product_081
2024-04-08,155.9899036205509,Product_081
2024-04-15,167.45262330511932,Product_081
2024-04-22,160.71292887627112,Product_081
2024-04-29,154.31061756138433,Product_081
2024-05-06,344.89406504474044,Product_081
2024-05-13,159.49104021488446,Product_081
2024-05-20,151.39287228879485,Product_081
2024-05-27,153.40760676724983,Product_081
2024-06-03,145.20565573320437,Product_081
2024-06-10,147.10340794443047,Product_081
2024-06-17,145.88180371241057,Product_081
2024-06-24,142.50609613590535,Product_081
2024-07-01,138.52510003967848,Product_081
2024-07-08,131.97509729123698,Product_081
2024-07-15,136.71911736538794,Product_081
2024-07-22,124.12227201535005,Product_081
2024-07-29,131.4092392015362,Product_081
2024-08-05,127.89045967247235,Product_081
2024-08-12,122.29481218839359,Product_081
2024-08-19,723.9177491338764,Product_081
2024-08-26,125.25562648473726,Product_081
2024-09-02,116.93483578252334,Product_081
2024-09-09,123.137858084753,Product_081
2024-09-16,120.66236959755904,Product_081
2024-09-23,122.43949486111056,Product_081
2024-09-30,123.38927838724469,Product_081
2024-10-07,122.32561294982341,Product_081
2024-10-14,111.39981159967634,Product_081
2024-10-21,122.42417731732313,Product_081
2024-10-28,135.70310261441088,Product_081
2024-11-04,128.3037786755461,Product_081
2024-11-11,127.9596822867318,Product_081
2024-11-18,525.6696561851439,Product_081
2024-11-25,558.5542606416233,Product_081
2024-12-02,135.27169514051397,Product_081
2024-12-09,141.64790545698702,Product_081
2024-12-16,141.92162124296246,Product_081
2024-12-23,148.2887686278092,Product_081
2024-12-30,156.89357385077656,Product_081
2023-01-02,86.47077108061157,Product_082
2023-01-09,91.12016387697821,Product_082
2023-01-16,89.34179477113817,Product_082
2023-01-23,90.00944372278806,Product_082
2023-01-30,97.90721148227657,Product_082
2023-02-06,101.97367137395993,Product_082
2023-02-13,100.56360655473974,Product_082
2023-02-20,106.12732687798442,Product_082
2023-02-27,110.37704708633144,Product_082
2023-03-06,115.7003039972126,Product_082
2023-03-13,109.53483563682278,Product_082
2023-03-20,122.72552446264505,Product_082
2023-03-27,113.72974135170954,Product_082
2023-04-03,114.9483289712619,Product_082
2023-04-10,116.22933347629568,Product_082
2023-04-17,116.86537194055028,Product_082
2023-04-24,118.52264389042254,Product_082
2023-05-01,119.84720948339574,Product_082
2023-05-08,116.42725269045353,Product_082
2023-05-15,115.03378643382639,Product_082
2023-05-22,233.0126384261514,Product_082
2023-05-29,112.50268346369744,Product_082
2023-06-05,111.63509900417891,Product_082
2023-06-12,101.2880569650297,Product_082
2023-06-19,101.2370842015762,Product_082
2023-06-26,103.40363943974411,Product_082
2023-07-03,101.5497699116108,Product_082
2023-07-10,90.80141228472507,Product_082
2023-07-17,94.61387200159416,Product_082
2023-07-24,96.66985016369414,Product_082
2023-07-31,4.627821178831209,Product_082
2023-08-07,83.83095582597083,Product_082
2023-08-14,92.33559619388421,Product_082
2023-08-21,79.52315222029719,Product_082
2023-08-28,83.37528564081353,Product_082
2023-09-04,86.06250257008786,Product_082
2023-09-11,83.77531767601165,Product_082
2023-09-18,87.67200830627489,Product_082
2023-09-25,85.83843319729232,Product_082
2023-10-02,78.82174334705883,Product_082
2023-10-09,83.29994838724159,Product_082
2023-10-16,90.5279920141397,Product_082
2023-10-23,80.16870282519328,Product_082
2023-10-30,89.20144066627171,Product_082
2023-11-06,85.80969356257853,Product_082
2023-11-13,92.63630184170998,Product_082
2023-11-20,390.0929943298112,Product_082
2023-11-27,409.83995989691147,Product_082
2023-12-04,106.19321383244396,Product_082
2023-12-11,106.32120242169042,Product_082
2023-12-18,109.75464716932893,Product_082
2023-12-25,114.79194422690169,Product_082
2024-01-01,112.82761506939552,Product_082
2024-01-08,120.32750524266781,Product_082
2024-01-15,130.49543110047546,Product_082
2024-01-22,124.33177133255542,Product_082
2024-01-29,130.227140322985,Product_082
2024-02-05,140.08731838960824,Product_082
2024-02-12,138.06072011348726,Product_082
2024-02-19,137.2700054800583,Product_082
2024-02-26,136.3507851598298,Product_082
2024-03-04,146.71081836238122,Product_082
2024-03-11,155.08754102216608,Product_082
2024-03-18,142.8677857530243,Product_082
2024-03-25,145.19223678117436,Product_082
2024-04-01,151.36977825937677,Product_082
2024-04-08,147.9195283989764,Product_082
2024-04-15,149.69705485357235,Product_082
2024-04-22,153.8760920061773,Product_082
2024-04-29,148.9531386815837,Product_082
2024-05-06,315.84974491382206,Product_082
2024-05-13,143.09420479414368,Product_082
2024-05-20,148.7460513656608,Product_082
2024-05-27,143.58118941637971,Product_082
2024-06-03,150.7087543934025,Product_082
2024-06-10,143.90065794169814,Product_082
2024-06-17,138.9151540469055,Product_082
2024-06-24,132.70749724685697,Product_082
2024-07-01,138.23489411983445,Product_082
2024-07-08,128.73451212560164,Product_082
2024-07-15,124.938821819751,Product_082
2024-07-22,133.10119915002844,Product_082
2024-07-29,123.1220300133868,Product_082
2024-08-05,125.91245196437976,Product_082
2024-08-12,123.16483970208388,Product_082
2024-08-19,719.4896164179335,Product_082
2024-08-26,122.37097558420182,Product_082
2024-09-02,111.79086049295026,Product_082
2024-09-09,124.01761704741341,Product_082
2024-09-16,113.029300615642,Product_082
2024-09-23,115.22714655538499,Product_082
2024-09-30,125.84446239339974,Product_082
2024-10-07,117.83636561541823,Product_082
2024-10-14,117.1245960077887,Product_082
2024-10-21,125.5511167074951,Product_082
2024-10-28,122.67457597133311,Product_082
2024-11-04,119.38907435013535,Product_082
2024-11-11,132.68927074549276,Product_082
2024-11-18,517.788926840346,Product_082
2024-11-25,562.4711811183611,Product_082
2024-12-02,128.33373896053413,Product_082
2024-12-09,141.8234210112002,Product_082
2024-12-16,142.19515207586187,Product_082
2024-12-23,146.86438526795598,Product_082
2024-12-30,146.85888634173557,Product_082
2023-01-02,98.85510736998957,Product_083
2023-01-09,108.57766657967625,Product_083
2023-01-16,109.33001589110646,Product_083
2023-01-23,115.72950778281164,Product_083
2023-01-30,121.57773487996587,Product_083
2023-02-06,118.1930974370828,Product_083
2023-02-13,124.55113719817783,Product_083
2023-02-20,127.53528859519601,Product_083
2023-02-27,123.27040732651216,Product_083
2023-03-06,131.93892573501157,Product_083
2023-03-13,134.11476431952,Product_083
2023-03-20,131.07595886804677,Product_083
2023-03-27,133.65508883195176,Product_083
2023-04-03,138.63652416885705,Product_083
2023-04-10,126.08580382630959,Product_083
2023-04-17,136.1046817700428,Product_083
2023-04-24,132.8697680745598,Product_083
2023-05-01,133.48758891175842,Product_083
2023-05-08,128.18246928875723,Product_083
2023-05-15,133.57296481033512,Product_083
2023-05-22,261.5552472575993,Product_083
2023-05-29,129.45145247993452,Product_083
2023-06-05,119.72419046216218,Product_083
2023-06-12,132.2003568988903,Product_083
2023-06-19,116.7421327319664,Product_083
2023-06-26,121.39385904480649,Product_083
2023-07-03,114.92511404146681,Product_083
2023-07-10,113.29885953410248,Product_083
2023-07-17,114.73820484003159,Product_083
2023-07-24,105.11023377040674,Product_083
2023-07-31,5.3262839557605695,Product_083
2023-08-07,98.75154937996498,Product_083
2023-08-14,104.77277275107089,Product_083
2023-08-21,96.661602441217,Product_083
2023-08-28,97.36894715749982,Product_083
2023-09-04,97.20562244462339,Product_083
2023-09-11,91.02392335051141,Product_083
2023-09-18,92.19572176499483,Product_083
2023-09-25,93.65787093478487,Product_083
2023-10-02,94.39512044245573,Product_083
2023-10-09,95.02887804033915,Product_083
2023-10-16,100.981599904034,Product_083
2023-10-23,98.26969680493133,Product_083
2023-10-30,97.83370647947507,Product_083
2023-11-06,108.87031405623425,Product_083
2023-11-13,108.66451528034646,Product_083
2023-11-20,419.08758698617925,Product_083
2023-11-27,419.17501320189433,Product_083
2023-12-04,121.76967417175226,Product_083
2023-12-11,116.97851449270419,Product_083
2023-12-18,113.35045005407345,Product_083
2023-12-25,125.46632714542584,Product_083
2024-01-01,133.7717330167456,Product_083
2024-01-08,130.27507559541587,Product_083
2024-01-15,134.88998314120522,Product_083
2024-01-22,134.41925391395372,Product_083
2024-01-29,140.29640510642378,Product_083
2024-02-05,139.51507759216176,Product_083
2024-02-12,151.82995784605382,Product_083
2024-02-19,151.63560841004866,Product_083
2024-02-26,151.05878977921958,Product_083
2024-03-04,154.59993708269855,Product_083
2024-03-11,150.6279453750564,Product_083
2024-03-18,157.80509896690285,Product_083
2024-03-25,158.4910019365842,Product_083
2024-04-01,153.31881150458804,Product_083
2024-04-08,156.0639079552897,Product_083
2024-04-15,154.5860260738505,Product_083
2024-04-22,164.4254662331045,Product_083
2024-04-29,152.97581420346313,Product_083
2024-05-06,323.8991320195601,Product_083
2024-05-13,153.29184406169375,Product_083
2024-05-20,146.68942245222735,Product_083
2024-05-27,145.94594520603584,Product_083
2024-06-03,142.88454572019788,Product_083
2024-06-10,145.7360860419257,Product_083
2024-06-17,141.55070607033397,Product_083
2024-06-24,131.80652153634855,Product_083
2024-07-01,140.98106223829072,Product_083
2024-07-08,135.91490440669546,Product_083
2024-07-15,138.82657314730517,Product_083
2024-07-22,131.43502548362432,Product_083
2024-07-29,130.04478709299153,Product_083
2024-08-05,133.09418267511782,Product_083
2024-08-12,122.22453910770675,Product_083
2024-08-19,722.3313147692393,Product_083
2024-08-26,124.5587663765738,Product_083
2024-09-02,116.01122510154408,Product_083
2024-09-09,108.12634185179027,Product_083
2024-09-16,119.05149399258494,Product_083
2024-09-23,118.51224402424819,Product_083
2024-09-30,122.55248118392748,Product_083
2024-10-07,120.0114762256223,Product_083
2024-10-14,118.29973093256226,Product_083
2024-10-21,121.84908401111782,Product_083
2024-10-28,131.99688000267412,Product_083
2024-11-04,126.9550915071794,Product_083
2024-11-11,130.9203710581421,Product_083
2024-11-18,541.6519923064877,Product_083
2024-11-25,533.6505237147853,Product_083
2024-12-02,141.76832201590602,Product_083
2024-12-09,135.41997010694584,Product_083
2024-12-16,141.56367525561006,Product_083
2024-12-23,146.0926154862057,Product_083
2024-12-30,154.99165119555352,Product_083
2023-01-02,90.08237551847313,Product_084
2023-01-09,100.32844052984515,Product_084
2023-01-16,103.50722299990986,Product_084
2023-01-23,115.35511286649673,Product_084
2023-01-30,108.20740821444355,Product_084
2023-02-06,114.22947362526256,Product_084
2023-02-13,109.80893668708606,Product_084
2023-02-20,116.63820101784944,Product_084
2023-02-27,124.17470584864193,Product_084
2023-03-06,122.69383216157851,Product_084
2023-03-13,125.91303557202255,Product_084
2023-03-20,123.28676179441266,Product_084
2023-03-27,128.20416397631337,Product_084
2023-04-03,130.5804927571538,Product_084
2023-04-10,130.80184080706587,Product_084
2023-04-17,123.20154784604287,Product_084
2023-04-24,129.51041470211345,Product_084
2023-05-01,126.73069734854747,Product_084
2023-05-08,127.47379810233181,Product_084
2023-05-15,128.07933811571067,Product_084
2023-05-22,247.2112841806231,Product_084
2023-05-29,123.61501938256767,Product_084
2023-06-05,120.86506359171013,Product_084
2023-06-12,121.20985852010197,Product_084
2023-06-19,113.9435951012738,Product_084
2023-06-26,112.91052604099785,Product_084
2023-07-03,110.74600614262602,Product_084
2023-07-10,105.15917611387579,Product_084
2023-07-17,108.71644672584972,Product_084
2023-07-24,106.361926329265,Product_084
2023-07-31,5.047730222848622,Product_084
2023-08-07,101.04160971337294,Product_084
2023-08-14,104.34227709046895,Product_084
2023-08-21,91.44307039463915,Product_084
2023-08-28,94.31086228481634,Product_084
2023-09-04,90.90318154265692,Product_084
2023-09-11,86.41701362641315,Product_084
2023-09-18,90.10670396641034,Product_084
2023-09-25,89.17304594309122,Product_084
2023-10-02,89.9274210143927,Product_084
2023-10-09,94.7444448534527,Product_084
2023-10-16,95.72679151128371,Product_084
2023-10-23,90.08086921107329,Product_084
2023-10-30,99.84650852112104,Product_084
2023-11-06,98.29610057260128,Product_084
2023-11-13,99.87109319211172,Product_084
2023-11-20,398.97397621281834,Product_084
2023-11-27,443.9020920342899,Product_084
2023-12-04,112.10567955982255,Product_084
2023-12-11,112.42842207383431,Product_084
2023-12-18,117.21883035260586,Product_084
2023-12-25,116.33950585080503,Product_084
2024-01-01,123.95617705458434,Product_084
2024-01-08,124.1082316271673,Product_084
2024-01-15,128.07257888506714,Product_084
2024-01-22,135.50438424036295,Product_084
2024-01-29,132.53072729440504,Product_084
2024-02-05,145.0329042617848,Product_084
2024-02-12,146.87085341857713,Product_084
2024-02-19,146.92782757688167,Product_084
2024-02-26,151.68898483860664,Product_084
2024-03-04,151.0180691972803,Product_084
2024-03-11,151.60478893564994,Product_084
2024-03-18,156.28820012987262,Product_084
2024-03-25,156.10838084003254,Product_084
2024-04-01,153.45693329881678,Product_084
2024-04-08,152.8616575186552,Product_084
2024-04-15,158.5696654425417,Product_084
2024-04-22,160.25879785399766,Product_084
2024-04-29,160.264966179223,Product_084
2024-05-06,315.8315726231524,Product_084
2024-05-13,158.4439540613502,Product_084
2024-05-20,143.68525356589916,Product_084
2024-05-27,153.09166101919007,Product_084
2024-06-03,136.08079137280828,Product_084
2024-06-10,144.00611494918917,Product_084
2024-06-17,139.98713114923655,Product_084
2024-06-24,143.40857203126205,Product_084
2024-07-01,140.49999687638584,Product_084
2024-07-08,128.8561161477107,Product_084
2024-07-15,139.40536641023098,Product_084
2024-07-22,126.62428412112028,Product_084
2024-07-29,126.31739191692985,Product_084
2024-08-05,127.03386483164596,Product_084
2024-08-12,127.00554024504069,Product_084
2024-08-19,721.6305432815958,Product_084
2024-08-26,122.69080860536043,Product_084
2024-09-02,123.48938143277547,Product_084
2024-09-09,123.14245194576142,Product_084
2024-09-16,117.47767528800524,Product_084
2024-09-23,120.8098799351313,Product_084
2024-09-30,119.74784914406175,Product_084
2024-10-07,120.31698673709367,Product_084
2024-10-14,112.8790343483032,Product_084
2024-10-21,119.6363459032258,Product_084
2024-10-28,115.14672681288761,Product_084
2024-11-04,128.34396456048685,Product_084
2024-11-11,132.389229127165,Product_084
2024-11-18,516.9209677405338,Product_084
2024-11-25,532.5014836793312,Product_084
2024-12-02,136.57399460616745,Product_084
2024-12-09,136.1505762552771,Product_084
2024-12-16,134.53247268963545,Product_084
2024-12-23,144.06059285978904,Product_084
2024-12-30,159.59049671936756,Product_084
2023-01-02,115.71596732192171,Product_085
2023-01-09,115.77615743611767,Product_085
2023-01-16,120.45536699346862,Product_085
2023-01-23,115.77116410726514,Product_085
2023-01-30,120.50307235419288,Product_085
2023-02-06,119.01669509955954,Product_085
2023-02-13,122.5503222945483,Product_085
2023-02-20,126.70496764618136,Product_085
2023-02-27,131.85247866440181,Product_085
2023-03-06,140.14566288075923,Product_085
2023-03-13,136.91344527586654,Product_085
2023-03-20,137.3034287612395,Product_085
2023-03-27,136.81130149184978,Product_085
2023-04-03,144.54586229666984,Product_085
2023-04-10,139.4154497508271,Product_085
2023-04-17,139.98092419892998,Product_085
2023-04-24,129.73162021561927,Product_085
2023-05-01,135.67594702605075,Product_085
2023-05-08,132.89898578645958,Product_085
2023-05-15,143.0756667070451,Product_085
2023-05-22,272.74284169244146,Product_085
2023-05-29,131.0257314860674,Product_085
2023-06-05,134.36632834616438,Product_085
2023-06-12,126.50336008000465,Product_085
2023-06-19,128.0741246916507,Product_085
2023-06-26,119.23286266575542,Product_085
2023-07-03,123.08329876131675,Product_085
2023-07-10,114.63606138985494,Product_085
2023-07-17,114.614544059596,Product_085
2023-07-24,110.8920606940361,Product_085
2023-07-31,5.3247728936764,Product_085
2023-08-07,107.20324811031655,Product_085
2023-08-14,104.37006318071023,Product_085
2023-08-21,97.8801118138189,Product_085
2023-08-28,106.14873973890349,Product_085
2023-09-04,107.39139441208819,Product_085
2023-09-11,94.78153213539548,Product_085
2023-09-18,92.15605246820625,Product_085
2023-09-25,97.26853337482933,Product_085
2023-10-02,98.03661746388305,Product_085
2023-10-09,105.0701297393613,Product_085
2023-10-16,103.28980760251224,Product_085
2023-10-23,105.14662088097424,Product_085
2023-10-30,99.7423944458292,Product_085
2023-11-06,110.25814948687709,Product_085
2023-11-13,104.3476609458271,Product_085
2023-11-20,426.8278883371332,Product_085
2023-11-27,439.67061083439154,Product_085
2023-12-04,112.24712755561933,Product_085
2023-12-11,130.2810825540951,Product_085
2023-12-18,123.4292085391599,Product_085
2023-12-25,123.71894697265448,Product_085
2024-01-01,125.45186440453827,Product_085
2024-01-08,138.05169142030613,Product_085
2024-01-15,136.4078261335183,Product_085
2024-01-22,137.97654937175886,Product_085
2024-01-29,141.3726603710907,Product_085
2024-02-05,147.85365647118266,Product_085
2024-02-12,141.2594719229613,Product_085
2024-02-19,144.09719633596686,Product_085
2024-02-26,153.94222617710096,Product_085
2024-03-04,152.4562923002973,Product_085
2024-03-11,154.62007562400842,Product_085
2024-03-18,159.86057821814654,Product_085
2024-03-25,156.00777280199864,Product_085
2024-04-01,167.57225670695234,Product_085
2024-04-08,155.72659161240225,Product_085
2024-04-15,156.32590813245292,Product_085
2024-04-22,157.44321413606488,Product_085
2024-04-29,153.48087665743634,Product_085
2024-05-06,341.0846531524051,Product_085
2024-05-13,154.2032951445923,Product_085
2024-05-20,155.31039421652636,Product_085
2024-05-27,153.9103594480865,Product_085
2024-06-03,154.2157871382617,Product_085
2024-06-10,145.45455399294983,Product_085
2024-06-17,150.5487261430122,Product_085
2024-06-24,148.0997969377019,Product_085
2024-07-01,134.55295895136842,Product_085
2024-07-08,135.1420292014285,Product_085
2024-07-15,137.60436270440695,Product_085
2024-07-22,135.19991311555432,Product_085
2024-07-29,127.10290391990793,Product_085
2024-08-05,123.9790949416181,Product_085
2024-08-12,116.80751996322216,Product_085
2024-08-19,725.5592621534389,Product_085
2024-08-26,117.77199882275708,Product_085
2024-09-02,127.9017129119947,Product_085
2024-09-09,117.87894893860035,Product_085
2024-09-16,117.7642037910659,Product_085
2024-09-23,118.95530590708125,Product_085
2024-09-30,119.39799292841101,Product_085
2024-10-07,124.59691059317159,Product_085
2024-10-14,117.6492382281901,Product_085
2024-10-21,123.80588947045717,Product_085
2024-10-28,122.01247434768564,Product_085
2024-11-04,124.58859613383834,Product_085
2024-11-11,131.48489754649657,Product_085
2024-11-18,529.5883477220426,Product_085
2024-11-25,564.1617992795498,Product_085
2024-12-02,139.7825670016885,Product_085
2024-12-09,134.3276728227224,Product_085
2024-12-16,143.27770142370014,Product_085
2024-12-23,147.32397617890868,Product_085
2024-12-30,148.76755925324107,Product_085
2023-01-02,89.12667776765758,Product_086
2023-01-09,85.33200422483739,Product_086
2023-01-16,92.13024984977334,Product_086
2023-01-23,97.41090254900087,Product_086
2023-01-30,99.687567565068,Product_086
2023-02-06,102.92634163049502,Product_086
2023-02-13,108.52412962691484,Product_086
2023-02-20,114.31255182389805,Product_086
2023-02-27,112.18989708306732,Product_086
2023-03-06,114.43715362194784,Product_086
2023-03-13,118.37262866688121,Product_086
2023-03-20,120.20828400563329,Product_086
2023-03-27,119.7090161802701,Product_086
2023-04-03,123.30918026317927,Product_086
2023-04-10,122.21503244993373,Product_086
2023-04-17,126.6283255296643,Product_086
2023-04-24,111.13777101413534,Product_086
2023-05-01,124.0221646154262,Product_086
2023-05-08,108.49083156794322,Product_086
2023-05-15,114.43197657094139,Product_086
2023-05-22,218.76705950247074,Product_086
2023-05-29,119.64134241022347,Product_086
2023-06-05,117.54082518364582,Product_086
2023-06-12,112.52350819173614,Product_086
2023-06-19,109.30173987493731,Product_086
2023-06-26,107.23623705687818,Product_086
2023-07-03,104.5485692457956,Product_086
2023-07-10,95.82406562423968,Product_086
2023-07-17,92.15771983254412,Product_086
2023-07-24,102.18135444820774,Product_086
2023-07-31,4.989255657485245,Product_086
2023-08-07,88.3493990322461,Product_086
2023-08-14,92.59152577461738,Product_086
2023-08-21,80.85166250819447,Product_086
2023-08-28,89.02460124111111,Product_086
2023-09-04,88.98111304469809,Product_086
2023-09-11,87.1986467618325,Product_086
2023-09-18,88.12471808266693,Product_086
2023-09-25,91.85922956408868,Product_086
2023-10-02,88.07504349779967,Product_086
2023-10-09,89.40210211268038,Product_086
2023-10-16,87.86911793899405,Product_086
2023-10-23,87.77301640914531,Product_086
2023-10-30,95.21388920681196,Product_086
2023-11-06,90.48232348543213,Product_086
2023-11-13,96.05760831410457,Product_086
2023-11-20,353.84515827855563,Product_086
2023-11-27,393.2993108899991,Product_086
2023-12-04,107.75818769036344,Product_086
2023-12-11,107.35675256743777,Product_086
2023-12-18,106.91600148515425,Product_086
2023-12-25,107.30548023370297,Product_086
2024-01-01,125.1126114296529,Product_086
2024-01-08,125.28638061841639,Product_086
2024-01-15,129.65202144323118,Product_086
2024-01-22,127.57622275080469,Product_086
2024-01-29,133.08172315658132,Product_086
2024-02-05,142.0054697746825,Product_086
2024-02-12,136.37207154505452,Product_086
2024-02-19,137.9419472377423,Product_086
2024-02-26,137.12277583836743,Product_086
2024-03-04,150.61167785221255,Product_086
2024-03-11,147.68070441248332,Product_086
2024-03-18,142.43432793834378,Product_086
2024-03-25,160.09273671697306,Product_086
2024-04-01,153.38516373141243,Product_086
2024-04-08,156.57833809215245,Product_086
2024-04-15,153.44289621043646,Product_086
2024-04-22,157.62740086002245,Product_086
2024-04-29,147.98644202291837,Product_086
2024-05-06,309.2766415884705,Product_086
2024-05-13,149.3981126698355,Product_086
2024-05-20,147.48403877260574,Product_086
2024-05-27,135.6567953531511,Product_086
2024-06-03,135.79345835231877,Product_086
2024-06-10,141.8498673811323,Product_086
2024-06-17,141.12957157993065,Product_086
2024-06-24,135.8112362708216,Product_086
2024-07-01,135.4054235897748,Product_086
2024-07-08,131.67379586030304,Product_086
2024-07-15,130.51176489346267,Product_086
2024-07-22,129.8423459430023,Product_086
2024-07-29,126.63465618476795,Product_086
2024-08-05,124.35367621611168,Product_086
2024-08-12,122.1211819187208,Product_086
2024-08-19,711.1857510139473,Product_086
2024-08-26,122.13061296359133,Product_086
2024-09-02,114.36619378740397,Product_086
2024-09-09,116.5665119038535,Product_086
2024-09-16,114.33800766766197,Product_086
2024-09-23,117.99162969311267,Product_086
2024-09-30,123.972166434309,Product_086
2024-10-07,117.058816736109,Product_086
2024-10-14,115.72898845914847,Product_086
2024-10-21,118.68954256500434,Product_086
2024-10-28,121.57827919394524,Product_086
2024-11-04,125.0024146847973,Product_086
2024-11-11,123.57329431063663,Product_086
2024-11-18,522.326893737893,Product_086
2024-11-25,517.7781156108357,Product_086
2024-12-02,136.64189545946743,Product_086
2024-12-09,139.49173504215906,Product_086
2024-12-16,142.3699345638533,Product_086
2024-12-23,143.37010889167408,Product_086
2024-12-30,144.28119216308286,Product_086
2023-01-02,80.58577448638458,Product_087
2023-01-09,86.69930356402085,Product_087
2023-01-16,91.9215206895606,Product_087
2023-01-23,99.86702337061257,Product_087
2023-01-30,95.20908362810084,Product_087
2023-02-06,102.95522012381093,Product_087
2023-02-13,106.07629427673152,Product_087
2023-02-20,114.2536020402325,Product_087
2023-02-27,112.38472011147671,Product_087
2023-03-06,112.9779054279741,Product_087
2023-03-13,102.7237028993134,Product_087
2023-03-20,118.47651860859828,Product_087
2023-03-27,115.35228752427884,Product_087
2023-04-03,115.79877205079579,Product_087
2023-04-10,121.8626562117858,Product_087
2023-04-17,124.65939482167069,Product_087
2023-04-24,121.94736302046128,Product_087
2023-05-01,118.61895791372966,Product_087
2023-05-08,118.05238359595661,Product_087
2023-05-15,120.0080396272473,Product_087
2023-05-22,219.74135382753497,Product_087
2023-05-29,109.19255146904848,Product_087
2023-06-05,117.47905452930173,Product_087
2023-06-12,106.61752562106562,Product_087
2023-06-19,105.90120513775602,Product_087
2023-06-26,99.43286085152869,Product_087
2023-07-03,94.0119281293302,Product_087
2023-07-10,92.8037459836201,Product_087
2023-07-17,97.73441263861895,Product_087
2023-07-24,92.36781382887655,Product_087
2023-07-31,4.71339370971337,Product_087
2023-08-07,93.14321422794337,Product_087
2023-08-14,83.66898741754616,Product_087
2023-08-21,86.95659636951517,Product_087
2023-08-28,88.64373942244528,Product_087
2023-09-04,83.20544176672269,Product_087
2023-09-11,83.84558526870123,Product_087
2023-09-18,76.0299326805235,Product_087
2023-09-25,81.4340787075282,Product_087
2023-10-02,73.8654247423059,Product_087
2023-10-09,82.83408340305577,Product_087
2023-10-16,78.66377883314404,Product_087
2023-10-23,92.37124706111231,Product_087
2023-10-30,85.53205284941276,Product_087
2023-11-06,94.28707751615563,Product_087
2023-11-13,91.71240043552146,Product_087
2023-11-20,371.15478999744033,Product_087
2023-11-27,403.1273809391016,Product_087
2023-12-04,95.13042637654063,Product_087
2023-12-11,106.48048528382382,Product_087
2023-12-18,111.77883395594549,Product_087
2023-12-25,113.670479535737,Product_087
2024-01-01,123.43673699040032,Product_087
2024-01-08,119.95293683562507,Product_087
2024-01-15,119.64415885467264,Product_087
2024-01-22,131.39294094636855,Product_087
2024-01-29,128.42218427182135,Product_087
2024-02-05,132.87459548040275,Product_087
2024-02-12,138.15995147692797,Product_087
2024-02-19,144.3755253886025,Product_087
2024-02-26,140.79268336589482,Product_087
2024-03-04,146.60124719931332,Product_087
2024-03-11,149.51186809270655,Product_087
2024-03-18,140.54309801508964,Product_087
2024-03-25,150.5875900313692,Product_087
2024-04-01,149.70496731130717,Product_087
2024-04-08,146.83152919425183,Product_087
2024-04-15,157.2760887923815,Product_087
2024-04-22,163.025830866487,Product_087
2024-04-29,151.4897845071069,Product_087
2024-05-06,319.32008777381634,Product_087
2024-05-13,150.38997781273645,Product_087
2024-05-20,151.57353960271186,Product_087
2024-05-27,145.8172869210081,Product_087
2024-06-03,138.34450493810843,Product_087
2024-06-10,137.7299717370697,Product_087
2024-06-17,132.27381015194982,Product_087
2024-06-24,133.86219777687407,Product_087
2024-07-01,134.51338814511018,Product_087
2024-07-08,126.94191653339679,Product_087
2024-07-15,125.3124501429831,Product_087
2024-07-22,128.71611853582957,Product_087
2024-07-29,124.36314626717119,Product_087
2024-08-05,118.28709349878316,Product_087
2024-08-12,119.28760359952454,Product_087
2024-08-19,714.0306147196766,Product_087
2024-08-26,112.5314151951372,Product_087
2024-09-02,121.24151234517096,Product_087
2024-09-09,118.61353547907804,Product_087
2024-09-16,117.41847469410348,Product_087
2024-09-23,115.09812459843737,Product_087
2024-09-30,118.8589861272615,Product_087
2024-10-07,117.23556528387024,Product_087
2024-10-14,114.42214780900993,Product_087
2024-10-21,124.30550794553265,Product_087
2024-10-28,126.11843591558008,Product_087
2024-11-04,117.49287763225652,Product_087
2024-11-11,129.33083008639153,Product_087
2024-11-18,548.0937833883565,Product_087
2024-11-25,509.3781604107359,Product_087
2024-12-02,135.63596388961685,Product_087
2024-12-09,140.32782944938788,Product_087
2024-12-16,143.23295272165004,Product_087
2024-12-23,149.03158440003395,Product_087
2024-12-30,147.56053625351322,Product_087
2023-01-02,113.32324782801768,Product_088
2023-01-09,117.01331237637996,Product_088
2023-01-16,113.73116793645356,Product_088
2023-01-23,125.06894308326488,Product_088
2023-01-30,126.26983855644778,Product_088
2023-02-06,129.00884383854952,Product_088
2023-02-13,127.04086372688917,Product_088
2023-02-20,132.99867754183393,Product_088
2023-02-27,130.46699674145168,Product_088
2023-03-06,140.26460651569437,Product_088
2023-03-13,133.05630619904346,Product_088
2023-03-20,143.91544032082385,Product_088
2023-03-27,143.88453904313573,Product_088
2023-04-03,145.86373833752984,Product_088
2023-04-10,138.72859802929455,Product_088
2023-04-17,142.77510087665988,Product_088
2023-04-24,149.0994382749489,Product_088
2023-05-01,144.14265572241078,Product_088
2023-05-08,124.88314822385938,Product_088
2023-05-15,136.11722235325007,Product_088
2023-05-22,279.13124840909916,Product_088
2023-05-29,134.52254420377133,Product_088
2023-06-05,133.99494464282338,Product_088
2023-06-12,129.22859943681186,Product_088
2023-06-19,128.17143353908372,Product_088
2023-06-26,121.8465367184406,Product_088
2023-07-03,121.26451907250542,Product_088
2023-07-10,113.17727257203444,Product_088
2023-07-17,116.16339642042772,Product_088
2023-07-24,117.74954473265412,Product_088
2023-07-31,6.024224340311237,Product_088
2023-08-07,109.64317250174811,Product_088
2023-08-14,106.18491279535417,Product_088
2023-08-21,109.14627812326769,Product_088
2023-08-28,106.13780375648622,Product_088
2023-09-04,104.48190576463749,Product_088
2023-09-11,104.49903612453235,Product_088
2023-09-18,105.05349363615733,Product_088
2023-09-25,101.83015081221006,Product_088
2023-10-02,105.2562781409011,Product_088
2023-10-09,109.35036246362085,Product_088
2023-10-16,103.75602229214596,Product_088
2023-10-23,99.90249130010965,Product_088
2023-10-30,107.44473244249839,Product_088
2023-11-06,113.68831048180782,Product_088
2023-11-13,107.4911944922379,Product_088
2023-11-20,471.3926641981215,Product_088
2023-11-27,487.3704642189982,Product_088
2023-12-04,112.57685113980071,Product_088
2023-12-11,122.30208567226317,Product_088
2023-12-18,125.68084973073098,Product_088
2023-12-25,126.28725709858763,Product_088
2024-01-01,132.5915214521687,Product_088
2024-01-08,126.58020945622171,Product_088
2024-01-15,134.53257520080587,Product_088
2024-01-22,140.76313730480132,Product_088
2024-01-29,146.03840811990494,Product_088
2024-02-05,146.09302904212936,Product_088
2024-02-12,147.68724901442152,Product_088
2024-02-19,146.9879754885126,Product_088
2024-02-26,151.23746184660723,Product_088
2024-03-04,153.5123312243258,Product_088
2024-03-11,157.74287411901324,Product_088
2024-03-18,155.3842546578371,Product_088
2024-03-25,159.4882707222381,Product_088
2024-04-01,161.90826153320305,Product_088
2024-04-08,152.0572480906067,Product_088
2024-04-15,153.99036180985922,Product_088
2024-04-22,161.27931214364546,Product_088
2024-04-29,148.8080521849978,Product_088
2024-05-06,340.4134790901488,Product_088
2024-05-13,151.96414448929454,Product_088
2024-05-20,154.56210158205636,Product_088
2024-05-27,157.31831894814667,Product_088
2024-06-03,152.6510672059205,Product_088
2024-06-10,147.95474466425296,Product_088
2024-06-17,150.77933695269923,Product_088
2024-06-24,145.17703867787287,Product_088
2024-07-01,134.57939058503717,Product_088
2024-07-08,137.75601645194922,Product_088
2024-07-15,138.8704183140342,Product_088
2024-07-22,140.0491503930796,Product_088
2024-07-29,130.89714999573889,Product_088
2024-08-05,125.42744099895755,Product_088
2024-08-12,129.47196803061237,Product_088
2024-08-19,717.2322139358984,Product_088
2024-08-26,127.86196707423824,Product_088
2024-09-02,117.41252046994538,Product_088
2024-09-09,119.07105584534959,Product_088
2024-09-16,116.26157997543976,Product_088
2024-09-23,120.5706416010825,Product_088
2024-09-30,124.60035704137192,Product_088
2024-10-07,118.94471252930512,Product_088
2024-10-14,124.54743082570846,Product_088
2024-10-21,122.0020866767322,Product_088
2024-10-28,124.56058438668761,Product_088
2024-11-04,128.48625479885334,Product_088
2024-11-11,128.96308145347024,Product_088
2024-11-18,524.9972499475147,Product_088
2024-11-25,557.0247004725421,Product_088
2024-12-02,143.31164042196144,Product_088
2024-12-09,141.5129240350795,Product_088
2024-12-16,148.82980699890985,Product_088
2024-12-23,145.68146935351928,Product_088
2024-12-30,149.4837397189112,Product_088
2023-01-02,111.63580256215809,Product_089
2023-01-09,114.93177858468592,Product_089
2023-01-16,113.7593221583856,Product_089
2023-01-23,120.00923575593848,Product_089
2023-01-30,128.69392265763088,Product_089
2023-02-06,128.65725061804915,Product_089
2023-02-13,132.563350876908,Product_089
2023-02-20,135.07559902645477,Product_089
2023-02-27,134.1156704502551,Product_089
2023-03-06,149.5063185058047,Product_089
2023-03-13,140.72103984165003,Product_089
2023-03-20,139.0573851520998,Product_089
2023-03-27,137.528583353629,Product_089
2023-04-03,148.45041944032528,Product_089
2023-04-10,145.07744388159875,Product_089
2023-04-17,134.95882747178743,Product_089
2023-04-24,146.432770888204,Product_089
2023-05-01,134.85865711076352,Product_089
2023-05-08,137.3181218194084,Product_089
2023-05-15,135.50986785804002,Product_089
2023-05-22,266.8168864642562,Product_089
2023-05-29,134.70792546121325,Product_089
2023-06-05,127.03064909073838,Product_089
2023-06-12,130.25197414386204,Product_089
2023-06-19,128.35627310715654,Product_089
2023-06-26,118.18255220361561,Product_089
2023-07-03,128.06568704792943,Product_089
2023-07-10,121.19353755684496,Product_089
2023-07-17,116.97874868534194,Product_089
2023-07-24,108.73059718934695,Product_089
2023-07-31,5.570607472207927,Product_089
2023-08-07,110.14691019331467,Product_089
2023-08-14,105.58492073897345,Product_089
2023-08-21,96.8230036381578,Product_089
2023-08-28,101.48810253872252,Product_089
2023-09-04,107.00362328821802,Product_089
2023-09-11,105.10941743686342,Product_089
2023-09-18,102.17253161486234,Product_089
2023-09-25,98.76363503119131,Product_089
2023-10-02,97.76222422744956,Product_089
2023-10-09,97.88054751856433,Product_089
2023-10-16,98.63193525809574,Product_089
2023-10-23,111.43413241275108,Product_089
2023-10-30,109.46484718149203,Product_089
2023-11-06,96.11538834152843,Product_089
2023-11-13,113.93888810593258,Product_089
2023-11-20,463.7066505613235,Product_089
2023-11-27,469.8817634574042,Product_089
2023-12-04,116.83090896806921,Product_089
2023-12-11,121.34558153214931,Product_089
2023-12-18,124.2690534451385,Product_089
2023-12-25,127.01553582675506,Product_089
2024-01-01,132.8932520616077,Product_089
2024-01-08,137.43120491829802,Product_089
2024-01-15,136.16520206162707,Product_089
2024-01-22,140.14773974729013,Product_089
2024-01-29,141.63463603765865,Product_089
2024-02-05,147.8621801288306,Product_089
2024-02-12,145.66060569718312,Product_089
2024-02-19,151.09498378057154,Product_089
2024-02-26,157.09915771942656,Product_089
2024-03-04,156.64271237670982,Product_089
2024-03-11,157.41296704390604,Product_089
2024-03-18,154.18865987108722,Product_089
2024-03-25,162.78028539518223,Product_089
2024-04-01,165.52004882778104,Product_089
2024-04-08,165.3138826950675,Product_089
2024-04-15,161.24862741295667,Product_089
2024-04-22,160.39929496884463,Product_089
2024-04-29,160.88198135318194,Product_089
2024-05-06,331.8391594190422,Product_089
2024-05-13,155.0522283105474,Product_089
2024-05-20,156.036877295749,Product_089
2024-05-27,155.2076518162491,Product_089
2024-06-03,148.98851909516713,Product_089
2024-06-10,151.21888419353624,Product_089
2024-06-17,153.0335052932944,Product_089
2024-06-24,148.9770880138595,Product_089
2024-07-01,141.7841969227991,Product_089
2024-07-08,138.03054651581945,Product_089
2024-07-15,132.69732617348296,Product_089
2024-07-22,133.6112231868218,Product_089
2024-07-29,131.19598311707813,Product_089
2024-08-05,132.51656983012742,Product_089
2024-08-12,122.16900310035581,Product_089
2024-08-19,722.6353365964474,Product_089
2024-08-26,130.3708697732916,Product_089
2024-09-02,125.5177534520938,Product_089
2024-09-09,129.3595715920295,Product_089
2024-09-16,119.2493332937269,Product_089
2024-09-23,119.68869581494349,Product_089
2024-09-30,117.26108963553723,Product_089
2024-10-07,118.05329788593691,Product_089
2024-10-14,120.42405097162023,Product_089
2024-10-21,121.19419598121304,Product_089
2024-10-28,125.20310102086191,Product_089
2024-11-04,120.07089154014201,Product_089
2024-11-11,128.27182110033252,Product_089
2024-11-18,526.0697240135332,Product_089
2024-11-25,539.4222775854978,Product_089
2024-12-02,134.98251715376028,Product_089
2024-12-09,135.8441163923755,Product_089
2024-12-16,143.49818585829408,Product_089
2024-12-23,147.91700676570176,Product_089
2024-12-30,146.71743165539937,Product_089
2023-01-02,103.45391786360813,Product_090
2023-01-09,121.14380274562403,Product_090
2023-01-16,116.55654091366769,Product_090
2023-01-23,125.1056259674976,Product_090
2023-01-30,116.90776486386704,Product_090
2023-02-06,126.64811226634306,Product_090
2023-02-13,120.74234548344704,Product_090
2023-02-20,134.6409980530747,Product_090
2023-02-27,139.06362848537015,Product_090
2023-03-06,138.1236164326556,Product_090
2023-03-13,138.43897558200828,Product_090
2023-03-20,138.89307164854137,Product_090
2023-03-27,139.33845381387766,Product_090
2023-04-03,142.559625883544,Product_090
2023-04-10,143.05964325690877,Product_090
2023-04-17,143.91382164731087,Product_090
2023-04-24,136.48494652486502,Product_090
2023-05-01,141.64565127043133,Product_090
2023-05-08,134.75905499200897,Product_090
2023-05-15,143.92063016882523,Product_090
2023-05-22,287.9082583388509,Product_090
2023-05-29,128.52872965781225,Product_090
2023-06-05,133.95783389003023,Product_090
2023-06-12,124.45508655433628,Product_090
2023-06-19,122.43478368171898,Product_090
2023-06-26,128.06397835096183,Product_090
2023-07-03,124.95920896745085,Product_090
2023-07-10,118.80463093485496,Product_090
2023-07-17,111.53787548575298,Product_090
2023-07-24,115.03846533240882,Product_090
2023-07-31,5.431199188826206,Product_090
2023-08-07,100.95094390680808,Product_090
2023-08-14,109.56343415496454,Product_090
2023-08-21,98.23015310839435,Product_090
2023-08-28,95.06256002733669,Product_090
2023-09-04,99.3089387097186,Product_090
2023-09-11,101.6461352828312,Product_090
2023-09-18,97.78194961658318,Product_090
2023-09-25,108.86055834419253,Product_090
2023-10-02,100.65679607985396,Product_090
2023-10-09,96.56034770664392,Product_090
2023-10-16,100.0922734920925,Product_090
2023-10-23,102.18288327972795,Product_090
2023-10-30,98.63888862495541,Product_090
2023-11-06,108.11315982423118,Product_090
2023-11-13,105.55414854776531,Product_090
2023-11-20,441.7656096848338,Product_090
2023-11-27,467.15351755084413,Product_090
2023-12-04,118.86404100813478,Product_090
2023-12-11,120.82738502902025,Product_090
2023-12-18,124.48179602099334,Product_090
2023-12-25,125.02621861682023,Product_090
2024-01-01,135.8814752550812,Product_090
2024-01-08,137.16485634251666,Product_090
2024-01-15,129.0437965324542,Product_090
2024-01-22,140.7471543987517,Product_090
2024-01-29,139.00636724077677,Product_090
2024-02-05,140.68345235793674,Product_090
2024-02-12,147.61918334140046,Product_090
2024-02-19,158.60875575219026,Product_090
2024-02-26,161.07456641899716,Product_090
2024-03-04,157.13242231416845,Product_090
2024-03-11,157.90282937835482,Product_090
2024-03-18,160.76229745944607,Product_090
2024-03-25,164.2076599365643,Product_090
2024-04-01,158.86967674343524,Product_090
2024-04-08,162.206590233441,Product_090
2024-04-15,161.22324638432994,Product_090
2024-04-22,154.89041545844975,Product_090
2024-04-29,160.2308201991295,Product_090
2024-05-06,328.09086661270396,Product_090
2024-05-13,156.91908772986056,Product_090
2024-05-20,155.45043370336782,Product_090
2024-05-27,150.83066340887686,Product_090
2024-06-03,155.6030569667512,Product_090
2024-06-10,148.5931005603029,Product_090
2024-06-17,146.86171859423018,Product_090
2024-06-24,143.7198275671904,Product_090
2024-07-01,145.68540583632083,Product_090
2024-07-08,140.55364855778436,Product_090
2024-07-15,136.41238329211998,Product_090
2024-07-22,132.62409944712022,Product_090
2024-07-29,124.40421866444596,Product_090
2024-08-05,130.33232253865705,Product_090
2024-08-12,118.72637855674698,Product_090
2024-08-19,725.753213811474,Product_090
2024-08-26,123.58989693764254,Product_090
2024-09-02,118.09631345729173,Product_090
2024-09-09,117.3616548199402,Product_090
2024-09-16,126.1950369059878,Product_090
2024-09-23,121.86724840726423,Product_090
2024-09-30,123.85439836902745,Product_090
2024-10-07,110.40011098415565,Product_090
2024-10-14,117.175454323914,Product_090
2024-10-21,118.67681267998411,Product_090
2024-10-28,128.8414256648421,Product_090
2024-11-04,121.13611036768052,Product_090
2024-11-11,131.29612500010387,Product_090
2024-11-18,517.2373567507525,Product_090
2024-11-25,542.9240915257247,Product_090
2024-12-02,133.42194836985254,Product_090
2024-12-09,131.3385144379414,Product_090
2024-12-16,150.09075245022245,Product_090
2024-12-23,140.82696769275023,Product_090
2024-12-30,150.4426502797646,Product_090
2023-01-02,94.19779324993405,Product_091
2023-01-09,94.73792444050856,Product_091
2023-01-16,94.96467047343614,Product_091
2023-01-23,96.12211661537337,Product_091
2023-01-30,95.3159167006524,Product_091
2023-02-06,102.53863130977453,Product_091
2023-02-13,109.20300165424854,Product_091
2023-02-20,106.40367035724609,Product_091
2023-02-27,121.31935087358657,Product_091
2023-03-06,109.00852114083685,Product_091
2023-03-13,106.67582110047161,Product_091
2023-03-20,118.81710577849233,Product_091
2023-03-27,118.82802933289504,Product_091
2023-04-03,115.3035556550251,Product_091
2023-04-10,123.76410099480076,Product_091
2023-04-17,118.44747763492084,Product_091
2023-04-24,116.28811200973105,Product_091
2023-05-01,121.06856487079635,Product_091
2023-05-08,129.885135519635,Product_091
2023-05-15,114.53107182176336,Product_091
2023-05-22,224.8637079559377,Product_091
2023-05-29,116.81219485140528,Product_091
2023-06-05,108.2193649441858,Product_091
2023-06-12,105.16576907158921,Product_091
2023-06-19,109.67413058916488,Product_091
2023-06-26,113.28728935656032,Product_091
2023-07-03,103.97855653006235,Product_091
2023-07-10,93.17557243448947,Product_091
2023-07-17,98.88170025414405,Product_091
2023-07-24,85.4062211085343,Product_091
2023-07-31,4.272815196598186,Product_091
2023-08-07,93.053324454247,Product_091
2023-08-14,89.94342606103271,Product_091
2023-08-21,87.68102763164813,Product_091
2023-08-28,93.26722680370034,Product_091
2023-09-04,81.84410054816965,Product_091
2023-09-11,89.21455901103985,Product_091
2023-09-18,86.5718218809028,Product_091
2023-09-25,77.45987440996865,Product_091
2023-10-02,86.88878951701948,Product_091
2023-10-09,85.71742477346919,Product_091
2023-10-16,89.70852875036408,Product_091
2023-10-23,87.28815887658976,Product_091
2023-10-30,87.86526063537603,Product_091
2023-11-06,91.54188156586196,Product_091
2023-11-13,97.19192171763022,Product_091
2023-11-20,390.4354818395789,Product_091
2023-11-27,400.01569053239626,Product_091
2023-12-04,103.18039623499261,Product_091
2023-12-11,106.1772647966575,Product_091
2023-12-18,109.94546138454132,Product_091
2023-12-25,113.9664309295491,Product_091
2024-01-01,115.60532213690455,Product_091
2024-01-08,117.7026745753993,Product_091
2024-01-15,120.45693152690447,Product_091
2024-01-22,125.27322356991635,Product_091
2024-01-29,133.82799276696406,Product_091
2024-02-05,132.37234270569797,Product_091
2024-02-12,125.740430142783,Product_091
2024-02-19,143.18905724425807,Product_091
2024-02-26,138.58444797882146,Product_091
2024-03-04,143.72546693099923,Product_091
2024-03-11,150.3420729535387,Product_091
2024-03-18,150.11605086389088,Product_091
2024-03-25,151.416849341655,Product_091
2024-04-01,159.93865163201627,Product_091
2024-04-08,158.24371174611463,Product_091
2024-04-15,151.85321950723514,Product_091
2024-04-22,150.10967609689556,Product_091
2024-04-29,151.489593157182,Product_091
2024-05-06,300.2681082220155,Product_091
2024-05-13,143.93632001086746,Product_091
2024-05-20,152.7241067774524,Product_091
2024-05-27,146.5313542718765,Product_091
2024-06-03,142.9273971842833,Product_091
2024-06-10,138.4789446799231,Product_091
2024-06-17,138.7666339425136,Product_091
2024-06-24,141.84027517282647,Product_091
2024-07-01,144.03136895890117,Product_091
2024-07-08,126.69602565919482,Product_091
2024-07-15,131.0151372117914,Product_091
2024-07-22,124.70719705590038,Product_091
2024-07-29,127.78849167074253,Product_091
2024-08-05,116.03667492675079,Product_091
2024-08-12,120.12598541630061,Product_091
2024-08-19,719.0491358051263,Product_091
2024-08-26,118.46535570424261,Product_091
2024-09-02,114.8893776094344,Product_091
2024-09-09,119.48264612350818,Product_091
2024-09-16,124.84528684778752,Product_091
2024-09-23,110.1604981173458,Product_091
2024-09-30,121.06765826680022,Product_091
2024-10-07,114.60291186552986,Product_091
2024-10-14,116.80949549400037,Product_091
2024-10-21,113.31707959341682,Product_091
2024-10-28,126.74563097586045,Product_091
2024-11-04,118.49475186838198,Product_091
2024-11-11,125.96966694078738,Product_091
2024-11-18,505.3411888951344,Product_091
2024-11-25,534.2050413843532,Product_091
2024-12-02,138.1090538847738,Product_091
2024-12-09,133.9018430647671,Product_091
2024-12-16,143.099966822395,Product_091
2024-12-23,150.09949916283423,Product_091
2024-12-30,148.31667001249366,Product_091
2023-01-02,110.52237064754469,Product_092
2023-01-09,122.59460555644586,Product_092
2023-01-16,124.50641983463653,Product_092
2023-01-23,123.83884539111033,Product_092
2023-01-30,129.11413756198525,Product_092
2023-02-06,132.21083897371182,Product_092
2023-02-13,132.5981959653475,Product_092
2023-02-20,140.5702816797818,Product_092
2023-02-27,140.92146938484657,Product_092
2023-03-06,140.46808022900416,Product_092
2023-03-13,140.69437317922285,Product_092
2023-03-20,145.27575747562867,Product_092
2023-03-27,141.93626085776577,Product_092
2023-04-03,143.8114991513827,Product_092
2023-04-10,135.9031449722813,Product_092
2023-04-17,143.5293583112358,Product_092
2023-04-24,146.797627715871,Product_092
2023-05-01,140.381451346565,Product_092
2023-05-08,140.41820737616317,Product_092
2023-05-15,134.79065781310368,Product_092
2023-05-22,278.9245210919575,Product_092
2023-05-29,133.37723449836153,Product_092
2023-06-05,132.25729638228006,Product_092
2023-06-12,135.49689738463195,Product_092
2023-06-19,124.14852400813339,Product_092
2023-06-26,125.63161438184714,Product_092
2023-07-03,126.33286437757334,Product_092
2023-07-10,122.42533981701956,Product_092
2023-07-17,116.33309058440058,Product_092
2023-07-24,109.85693666234343,Product_092
2023-07-31,5.888450059706479,Product_092
2023-08-07,113.35500109822812,Product_092
2023-08-14,114.89847772725751,Product_092
2023-08-21,97.97208043410434,Product_092
2023-08-28,110.08804482927215,Product_092
2023-09-04,99.56431596087609,Product_092
2023-09-11,100.68078488069634,Product_092
2023-09-18,104.75591625721148,Product_092
2023-09-25,103.73344602042772,Product_092
2023-10-02,103.65202253334871,Product_092
2023-10-09,109.60045426119035,Product_092
2023-10-16,113.45186770651276,Product_092
2023-10-23,102.99421443050059,Product_092
2023-10-30,111.82723486105252,Product_092
2023-11-06,108.63024160065522,Product_092
2023-11-13,109.26146192861924,Product_092
2023-11-20,467.30045106883705,Product_092
2023-11-27,452.0641554062332,Product_092
2023-12-04,123.44446557600499,Product_092
2023-12-11,124.36139034476645,Product_092
2023-12-18,125.04675367927365,Product_092
2023-12-25,133.63949833584135,Product_092
2024-01-01,134.28808819988578,Product_092
2024-01-08,130.69783848291243,Product_092
2024-01-15,139.14192188448968,Product_092
2024-01-22,137.81877495729498,Product_092
2024-01-29,144.39870507209628,Product_092
2024-02-05,145.41159442599405,Product_092
2024-02-12,148.57205963543925,Product_092
2024-02-19,151.86322004336492,Product_092
2024-02-26,160.57257920814712,Product_092
2024-03-04,148.2959453495602,Product_092
2024-03-11,163.60223825542633,Product_092
2024-03-18,159.49966777709537,Product_092
2024-03-25,160.61853704707352,Product_092
2024-04-01,160.00135858069186,Product_092
2024-04-08,152.24753745491682,Product_092
2024-04-15,170.24479773226875,Product_092
2024-04-22,163.80619992361952,Product_092
2024-04-29,152.0483648219161,Product_092
2024-05-06,341.3306611630424,Product_092
2024-05-13,157.55820568325433,Product_092
2024-05-20,156.5250777020625,Product_092
2024-05-27,157.08296026514012,Product_092
2024-06-03,149.90206425014173,Product_092
2024-06-10,151.0397326191524,Product_092
2024-06-17,144.8686539450706,Product_092
2024-06-24,139.08577937970978,Product_092
2024-07-01,144.2366699863106,Product_092
2024-07-08,137.59559421072882,Product_092
2024-07-15,132.87457152077923,Product_092
2024-07-22,132.75478919836382,Product_092
2024-07-29,123.1474910880907,Product_092
2024-08-05,126.38069725603413,Product_092
2024-08-12,127.68481014659199,Product_092
2024-08-19,725.1392468854032,Product_092
2024-08-26,120.82362520069668,Product_092
2024-09-02,124.54684635468215,Product_092
2024-09-09,118.47903917834178,Product_092
2024-09-16,124.71792118356046,Product_092
2024-09-23,119.76726763577801,Product_092
2024-09-30,118.04087645873803,Product_092
2024-10-07,119.0554208888573,Product_092
2024-10-14,123.36051803392908,Product_092
2024-10-21,119.67523744412411,Product_092
2024-10-28,122.94772161971659,Product_092
2024-11-04,128.43022111463654,Product_092
2024-11-11,128.55482712145303,Product_092
2024-11-18,499.8857648787188,Product_092
2024-11-25,519.5708800064958,Product_092
2024-12-02,138.55015826816276,Product_092
2024-12-09,140.51344807254227,Product_092
2024-12-16,141.36128549792616,Product_092
2024-12-23,145.34241783984672,Product_092
2024-12-30,146.00193208160795,Product_092
2023-01-02,114.92389233901189,Product_093
2023-01-09,108.54131325163742,Product_093
2023-01-16,121.44917352802963,Product_093
2023-01-23,126.01276484206778,Product_093
2023-01-30,121.0557691176602,Product_093
2023-02-06,126.63500767794429,Product_093
2023-02-13,128.20374790325252,Product_093
2023-02-20,132.08641724650823,Product_093
2023-02-27,131.06572008033552,Product_093
2023-03-06,135.1174505075087,Product_093
2023-03-13,134.32891299952786,Product_093
2023-03-20,140.2976685690385,Product_093
2023-03-27,145.40389851694576,Product_093
2023-04-03,138.02131533779087,Product_093
2023-04-10,144.09799205163765,Product_093
2023-04-17,140.09125005204803,Product_093
2023-04-24,147.40359730257902,Product_093
2023-05-01,149.47167309504866,Product_093
2023-05-08,133.83519583022775,Product_093
2023-05-15,144.38880104318415,Product_093
2023-05-22,262.8479840692822,Product_093
2023-05-29,132.10835239394447,Product_093
2023-06-05,135.07721414925112,Product_093
2023-06-12,121.02887118917394,Product_093
2023-06-19,131.41023611010934,Product_093
2023-06-26,119.6385260065602,Product_093
2023-07-03,127.99650567287985,Product_093
2023-07-10,119.85663268647572,Product_093
2023-07-17,121.15567304853217,Product_093
2023-07-24,110.05758778343035,Product_093
2023-07-31,5.827313511506316,Product_093
2023-08-07,110.99963798693747,Product_093
2023-08-14,105.36915607952884,Product_093
2023-08-21,104.07503050330853,Product_093
2023-08-28,101.19480970735704,Product_093
2023-09-04,109.75682648137108,Product_093
2023-09-11,100.41378593287918,Product_093
2023-09-18,100.54463474977469,Product_093
2023-09-25,94.95002061019585,Product_093
2023-10-02,102.1131189906908,Product_093
2023-10-09,104.74586992628919,Product_093
2023-10-16,103.96649320981723,Product_093
2023-10-23,95.28636306023061,Product_093
2023-10-30,108.93392291760627,Product_093
2023-11-06,111.28885618683633,Product_093
2023-11-13,111.15689148146662,Product_093
2023-11-20,450.4549731129632,Product_093
2023-11-27,429.5544256603345,Product_093
2023-12-04,125.9752507060908,Product_093
2023-12-11,115.93462124007318,Product_093
2023-12-18,124.57242391030385,Product_093
2023-12-25,126.7950841970093,Product_093
2024-01-01,128.36962605488293,Product_093
2024-01-08,131.25455667118632,Product_093
2024-01-15,144.4585898406816,Product_093
2024-01-22,141.3574342165065,Product_093
2024-01-29,144.2632878941514,Product_093
2024-02-05,137.8537311295249,Product_093
2024-02-12,145.40409590747365,Product_093
2024-02-19,146.8785550328771,Product_093
2024-02-26,146.46963668416709,Product_093
2024-03-04,157.01800570348297,Product_093
2024-03-11,159.85346543901323,Product_093
2024-03-18,157.73633518950587,Product_093
2024-03-25,157.3243177993874,Product_093
2024-04-01,158.8121695187393,Product_093
2024-04-08,160.43091627383563,Product_093
2024-04-15,161.21563874320236,Product_093
2024-04-22,159.06160817991423,Product_093
2024-04-29,158.243295451806,Product_093
2024-05-06,326.6071202514764,Product_093
2024-05-13,163.47622650103534,Product_093
2024-05-20,150.4903344036073,Product_093
2024-05-27,154.84717952071162,Product_093
2024-06-03,150.66384206074025,Product_093
2024-06-10,148.53201908861342,Product_093
2024-06-17,145.69757086129889,Product_093
2024-06-24,140.42748052076624,Product_093
2024-07-01,131.0414043218969,Product_093
2024-07-08,136.04875681239022,Product_093
2024-07-15,142.59308458135814,Product_093
2024-07-22,129.08695593168386,Product_093
2024-07-29,129.60931712288203,Product_093
2024-08-05,130.31524119617697,Product_093
2024-08-12,123.12208385475842,Product_093
2024-08-19,722.5250089359737,Product_093
2024-08-26,123.80825892576874,Product_093
2024-09-02,127.09737420432812,Product_093
2024-09-09,119.77228003579596,Product_093
2024-09-16,120.92741491203377,Product_093
2024-09-23,113.77389951042761,Product_093
2024-09-30,118.0018715191126,Product_093
2024-10-07,121.37429367337248,Product_093
2024-10-14,122.67650069911207,Product_093
2024-10-21,128.8178437758962,Product_093
2024-10-28,130.5976494344666,Product_093
2024-11-04,129.00456818158364,Product_093
2024-11-11,125.56621058539058,Product_093
2024-11-18,520.7764662780323,Product_093
2024-11-25,554.0939456985808,Product_093
2024-12-02,134.3707360289291,Product_093
2024-12-09,138.0979304425687,Product_093
2024-12-16,146.4571890828253,Product_093
2024-12-23,148.2427334353525,Product_093
2024-12-30,151.2453967175025,Product_093
2023-01-02,97.58769726703603,Product_094
2023-01-09,104.2576156564903,Product_094
2023-01-16,107.60165949750723,Product_094
2023-01-23,105.04971723195344,Product_094
2023-01-30,109.0536920981934,Product_094
2023-02-06,110.89144210922285,Product_094
2023-02-13,118.11495345604033,Product_094
2023-02-20,119.1390968795199,Product_094
2023-02-27,119.81151477982884,Product_094
2023-03-06,125.03999538827816,Product_094
2023-03-13,125.92335694388561,Product_094
2023-03-20,131.82115774818496,Product_094
2023-03-27,132.99083782770924,Product_094
2023-04-03,120.03441353867319,Product_094
2023-04-10,130.64033768708873,Product_094
2023-04-17,128.97163813749754,Product_094
2023-04-24,125.70692700992142,Product_094
2023-05-01,124.48979308658457,Product_094
2023-05-08,131.22228311755134,Product_094
2023-05-15,127.78591780367253,Product_094
2023-05-22,250.4794070523238,Product_094
2023-05-29,125.13003490282406,Product_094
2023-06-05,126.81651725447398,Product_094
2023-06-12,112.85878462293661,Product_094
2023-06-19,113.20567321479606,Product_094
2023-06-26,109.03358620103687,Product_094
2023-07-03,110.02490428329435,Product_094
2023-07-10,109.46167197051912,Product_094
2023-07-17,110.41506766287618,Product_094
2023-07-24,100.93047301293062,Product_094
2023-07-31,4.9167033618249825,Product_094
2023-08-07,97.27035594481625,Product_094
2023-08-14,97.2891282122889,Product_094
2023-08-21,89.63319795524895,Product_094
2023-08-28,98.77552146967412,Product_094
2023-09-04,93.48568246992208,Product_094
2023-09-11,94.26150577883773,Product_094
2023-09-18,93.59089534374056,Product_094
2023-09-25,87.22530597627502,Product_094
2023-10-02,87.53390385593826,Product_094
2023-10-09,86.85182450746407,Product_094
2023-10-16,88.18479071595176,Product_094
2023-10-23,97.02169170175675,Product_094
2023-10-30,91.95238326532674,Product_094
2023-11-06,96.89960641908196,Product_094
2023-11-13,102.75761307279443,Product_094
2023-11-20,369.85559771027783,Product_094
2023-11-27,468.4597152612647,Product_094
2023-12-04,107.9491054019481,Product_094
2023-12-11,118.79872932111947,Product_094
2023-12-18,117.25879055869835,Product_094
2023-12-25,118.67277651119666,Product_094
2024-01-01,129.21227730050427,Product_094
2024-01-08,118.79794060843847,Product_094
2024-01-15,135.73680987434645,Product_094
2024-01-22,131.91578805324173,Product_094
2024-01-29,135.77236277374445,Product_094
2024-02-05,136.33685045424915,Product_094
2024-02-12,140.2249315761083,Product_094
2024-02-19,145.74960241665144,Product_094
2024-02-26,148.5769257863575,Product_094
2024-03-04,151.74947037192885,Product_094
2024-03-11,155.00594889259244,Product_094
2024-03-18,148.6279311271049,Product_094
2024-03-25,157.41475696907193,Product_094
2024-04-01,157.73818836211424,Product_094
2024-04-08,152.1916227114989,Product_094
2024-04-15,155.75430462949745,Product_094
2024-04-22,153.68177540543257,Product_094
2024-04-29,150.07590203160194,Product_094
2024-05-06,314.07809605955225,Product_094
2024-05-13,146.1045421752651,Product_094
2024-05-20,146.45380025551944,Product_094
2024-05-27,141.90201586550722,Product_094
2024-06-03,146.44313924613036,Product_094
2024-06-10,146.35827370856168,Product_094
2024-06-17,143.60239619461854,Product_094
2024-06-24,133.26021772383118,Product_094
2024-07-01,137.8998681894072,Product_094
2024-07-08,133.3682052398837,Product_094
2024-07-15,125.72427898934207,Product_094
2024-07-22,133.2893455335787,Product_094
2024-07-29,130.85005018520172,Product_094
2024-08-05,122.9754080032058,Product_094
2024-08-12,117.97126379225521,Product_094
2024-08-19,721.1119617744287,Product_094
2024-08-26,117.13402171676827,Product_094
2024-09-02,118.83361339084718,Product_094
2024-09-09,120.53666884606953,Product_094
2024-09-16,118.27292572967404,Product_094
2024-09-23,117.07778912740291,Product_094
2024-09-30,114.07231594770073,Product_094
2024-10-07,118.91863951023821,Product_094
2024-10-14,120.2359908185803,Product_094
2024-10-21,117.8428109796527,Product_094
2024-10-28,122.89899983249201,Product_094
2024-11-04,120.67169263629148,Product_094
2024-11-11,123.35858874550921,Product_094
2024-11-18,529.4778959680723,Product_094
2024-11-25,503.8601218789118,Product_094
2024-12-02,143.45059403451185,Product_094
2024-12-09,137.50401220070384,Product_094
2024-12-16,141.5583142773491,Product_094
2024-12-23,148.4601845119095,Product_094
2024-12-30,148.41733338092305,Product_094
2023-01-02,104.20917261665984,Product_095
2023-01-09,105.59536338462354,Product_095
2023-01-16,105.15739434259335,Product_095
2023-01-23,113.90272328145724,Product_095
2023-01-30,116.34552743347194,Product_095
2023-02-06,118.10054381930772,Product_095
2023-02-13,116.18151126315206,Product_095
2023-02-20,119.99461692956301,Product_095
2023-02-27,123.41269444262987,Product_095
2023-03-06,129.78286205536696,Product_095
2023-03-13,126.49267802828739,Product_095
2023-03-20,130.49170489151345,Product_095
2023-03-27,118.59795863194097,Product_095
2023-04-03,127.14626128490019,Product_095
2023-04-10,133.9943423560888,Product_095
2023-04-17,144.89114075864896,Product_095
2023-04-24,128.2276211672507,Product_095
2023-05-01,126.90021976013622,Product_095
2023-05-08,124.46550386743982,Product_095
2023-05-15,126.94348015317605,Product_095
2023-05-22,261.26378163262166,Product_095
2023-05-29,124.32644060758003,Product_095
2023-06-05,128.12440433640876,Product_095
2023-06-12,117.57526043049137,Product_095
2023-06-19,116.98449911632798,Product_095
2023-06-26,116.97455051868417,Product_095
2023-07-03,115.5142509375056,Product_095
2023-07-10,110.94024195239129,Product_095
2023-07-17,108.83937633273412,Product_095
2023-07-24,105.55163931104359,Product_095
2023-07-31,5.339635505919539,Product_095
2023-08-07,99.86712165200119,Product_095
2023-08-14,99.0694483885428,Product_095
2023-08-21,98.72280051208814,Product_095
2023-08-28,92.95598250346367,Product_095
2023-09-04,92.71931791392645,Product_095
2023-09-11,97.85118334257557,Product_095
2023-09-18,90.50349644726978,Product_095
2023-09-25,98.76065817968826,Product_095
2023-10-02,91.61844244535766,Product_095
2023-10-09,87.30299483258584,Product_095
2023-10-16,98.09585394879664,Product_095
2023-10-23,98.25762029979029,Product_095
2023-10-30,102.20800904979153,Product_095
2023-11-06,107.3373535652277,Product_095
2023-11-13,102.13932523624264,Product_095
2023-11-20,434.93683037172684,Product_095
2023-11-27,425.4655988762121,Product_095
2023-12-04,114.38485253615717,Product_095
2023-12-11,113.7043663916949,Product_095
2023-12-18,111.95692177923927,Product_095
2023-12-25,121.50147525038315,Product_095
2024-01-01,128.5214909631364,Product_095
2024-01-08,126.05699518155492,Product_095
2024-01-15,137.48532782737732,Product_095
2024-01-22,131.18021637268365,Product_095
2024-01-29,142.01362953741864,Product_095
2024-02-05,147.595565673807,Product_095
2024-02-12,147.45234446207408,Product_095
2024-02-19,150.92456620849723,Product_095
2024-02-26,150.8452213637829,Product_095
2024-03-04,148.43377699250607,Product_095
2024-03-11,153.4165623546847,Product_095
2024-03-18,150.74028420590216,Product_095
2024-03-25,160.41079899134283,Product_095
2024-04-01,162.1729442183431,Product_095
2024-04-08,152.06214914819418,Product_095
2024-04-15,155.43985927622126,Product_095
2024-04-22,148.47919509139965,Product_095
2024-04-29,153.6607031585568,Product_095
2024-05-06,325.3187267590751,Product_095
2024-05-13,150.58547034380638,Product_095
2024-05-20,145.43820026374405,Product_095
2024-05-27,153.85981351487382,Product_095
2024-06-03,145.54176980431066,Product_095
2024-06-10,148.16723658831228,Product_095
2024-06-17,136.0168064029302,Product_095
2024-06-24,139.54670416064488,Product_095
2024-07-01,139.8665426335752,Product_095
2024-07-08,131.8074070982229,Product_095
2024-07-15,131.42399967784954,Product_095
2024-07-22,132.18394996481322,Product_095
2024-07-29,129.74155349426488,Product_095
2024-08-05,122.87393959335209,Product_095
2024-08-12,124.99499720639697,Product_095
2024-08-19,715.4097928503617,Product_095
2024-08-26,120.4317560429906,Product_095
2024-09-02,121.67516258559037,Product_095
2024-09-09,122.05835304105457,Product_095
2024-09-16,124.9218792562017,Product_095
2024-09-23,117.95194463010888,Product_095
2024-09-30,124.40722136288286,Product_095
2024-10-07,126.16979383331032,Product_095
2024-10-14,123.51582263625639,Product_095
2024-10-21,118.24870399548409,Product_095
2024-10-28,120.9535175344064,Product_095
2024-11-04,127.86492365969184,Product_095
2024-11-11,123.93989564838982,Product_095
2024-11-18,501.0448282455354,Product_095
2024-11-25,546.7777975834897,Product_095
2024-12-02,133.35993687186138,Product_095
2024-12-09,143.57942347820926,Product_095
2024-12-16,139.57678350580554,Product_095
2024-12-23,146.9308792706922,Product_095
2024-12-30,151.7744218917905,Product_095
2023-01-02,110.4427176349857,Product_096
2023-01-09,125.16980854793721,Product_096
2023-01-16,121.90808516803031,Product_096
2023-01-23,121.77970918904184,Product_096
2023-01-30,133.71041424822533,Product_096
2023-02-06,126.20008287085318,Product_096
2023-02-13,135.16906410899932,Product_096
2023-02-20,124.25027560352997,Product_096
2023-02-27,132.60654181159978,Product_096
2023-03-06,135.7995842745322,Product_096
2023-03-13,144.6208328242898,Product_096
2023-03-20,130.11473025994488,Product_096
2023-03-27,144.54321916745158,Product_096
2023-04-03,138.02984106779715,Product_096
2023-04-10,138.16058865403835,Product_096
2023-04-17,147.02233904096386,Product_096
2023-04-24,143.58898326927402,Product_096
2023-05-01,141.48050512093926,Product_096
2023-05-08,146.81976841127238,Product_096
2023-05-15,135.29254449859954,Product_096
2023-05-22,267.09122829978173,Product_096
2023-05-29,128.39009732886066,Product_096
2023-06-05,129.3872673586236,Product_096
2023-06-12,138.94530545946617,Product_096
2023-06-19,126.94189161486571,Product_096
2023-06-26,125.32727402676373,Product_096
2023-07-03,123.20325882577268,Product_096
2023-07-10,121.56926324156244,Product_096
2023-07-17,115.79638658126741,Product_096
2023-07-24,120.03858124106014,Product_096
2023-07-31,5.548886176285393,Product_096
2023-08-07,106.05842825383965,Product_096
2023-08-14,110.26640148701992,Product_096
2023-08-21,98.62286668713587,Product_096
2023-08-28,108.48765200894267,Product_096
2023-09-04,102.80387296612918,Product_096
2023-09-11,102.01779994287138,Product_096
2023-09-18,104.57426796002986,Product_096
2023-09-25,110.83738356728591,Product_096
2023-10-02,91.29881113249002,Product_096
2023-10-09,100.9440304204433,Product_096
2023-10-16,110.05210972816036,Product_096
2023-10-23,103.0328728780022,Product_096
2023-10-30,107.84637628586836,Product_096
2023-11-06,108.92103436162311,Product_096
2023-11-13,112.47762363423658,Product_096
2023-11-20,427.202871282931,Product_096
2023-11-27,483.11784703169917,Product_096
2023-12-04,114.65374573914951,Product_096
2023-12-11,123.63210844669118,Product_096
2023-12-18,120.37495426788072,Product_096
2023-12-25,133.87796275968918,Product_096
2024-01-01,139.0318252127385,Product_096
2024-01-08,130.85207953465778,Product_096
2024-01-15,135.00654662106479,Product_096
2024-01-22,137.84206455731575,Product_096
2024-01-29,142.22836257212714,Product_096
2024-02-05,144.56918711402898,Product_096
2024-02-12,148.57678189650414,Product_096
2024-02-19,150.73686751754875,Product_096
2024-02-26,154.73191782399368,Product_096
2024-03-04,154.1236501747304,Product_096
2024-03-11,159.3454692956427,Product_096
2024-03-18,159.85897573216508,Product_096
2024-03-25,165.0344625146833,Product_096
2024-04-01,157.5062378446004,Product_096
2024-04-08,157.70229792992126,Product_096
2024-04-15,167.09579654063754,Product_096
2024-04-22,162.45475292742884,Product_096
2024-04-29,154.30916244832085,Product_096
2024-05-06,319.6484905796304,Product_096
2024-05-13,158.68558790094968,Product_096
2024-05-20,153.53637097706348,Product_096
2024-05-27,157.0444294980526,Product_096
2024-06-03,154.96987487626393,Product_096
2024-06-10,145.95146779851274,Product_096
2024-06-17,141.10718235270235,Product_096
2024-06-24,138.91958960907502,Product_096
2024-07-01,141.07093390329285,Product_096
2024-07-08,141.11345543168383,Product_096
2024-07-15,129.3619696517979,Product_096
2024-07-22,142.2613046569037,Product_096
2024-07-29,130.65569196094611,Product_096
2024-08-05,125.35876128403179,Product_096
2024-08-12,126.56816874968003,Product_096
2024-08-19,726.2510074418385,Product_096
2024-08-26,118.5850148269317,Product_096
2024-09-02,118.95240360217242,Product_096
2024-09-09,115.26190306511386,Product_096
2024-09-16,124.82434225928893,Product_096
2024-09-23,116.4769026419309,Product_096
2024-09-30,116.3113377763657,Product_096
2024-10-07,129.36315830930846,Product_096
2024-10-14,122.84242297805135,Product_096
2024-10-21,124.20585181458104,Product_096
2024-10-28,121.91779553129156,Product_096
2024-11-04,137.5020584081796,Product_096
2024-11-11,128.24833762045495,Product_096
2024-11-18,511.49015855051726,Product_096
2024-11-25,522.7346337757223,Product_096
2024-12-02,139.40161224385918,Product_096
2024-12-09,135.9066322331612,Product_096
2024-12-16,144.49888203745937,Product_096
2024-12-23,155.80834522283232,Product_096
2024-12-30,147.42376633845114,Product_096
2023-01-02,105.2720605979735,Product_097
2023-01-09,102.18989298805229,Product_097
2023-01-16,105.92829771765095,Product_097
2023-01-23,107.69700850672595,Product_097
2023-01-30,116.47584825210974,Product_097
2023-02-06,117.76179027769572,Product_097
2023-02-13,114.23117519695516,Product_097
2023-02-20,122.1898385350129,Product_097
2023-02-27,119.58395704378636,Product_097
2023-03-06,121.03552093619967,Product_097
2023-03-13,130.5963240838873,Product_097
2023-03-20,129.22416634187763,Product_097
2023-03-27,124.85982797196837,Product_097
2023-04-03,130.86012950775196,Product_097
2023-04-10,123.54542019632947,Product_097
2023-04-17,131.23918346086054,Product_097
2023-04-24,128.52344602129688,Product_097
2023-05-01,129.37552154389417,Product_097
2023-05-08,127.78462967729722,Product_097
2023-05-15,130.08842586758266,Product_097
2023-05-22,247.91480205159706,Product_097
2023-05-29,121.82524701221496,Product_097
2023-06-05,122.43277950563507,Product_097
2023-06-12,116.55657915568808,Product_097
2023-06-19,112.35177703950194,Product_097
2023-06-26,116.39591836869923,Product_097
2023-07-03,120.29699017273353,Product_097
2023-07-10,114.18371781294074,Product_097
2023-07-17,105.60488187663935,Product_097
2023-07-24,109.68179685299124,Product_097
2023-07-31,4.9712884078785295,Product_097
2023-08-07,98.7582946161625,Product_097
2023-08-14,99.48766610803533,Product_097
2023-08-21,93.14799433698067,Product_097
2023-08-28,86.35377291258573,Product_097
2023-09-04,91.56660514583292,Product_097
2023-09-11,91.05513247026762,Product_097
2023-09-18,89.88689043860872,Product_097
2023-09-25,94.78447881192032,Product_097
2023-10-02,94.7922237804768,Product_097
2023-10-09,92.94249898387103,Product_097
2023-10-16,87.67569887363756,Product_097
2023-10-23,92.75161950372645,Product_097
2023-10-30,92.25502150528489,Product_097
2023-11-06,97.4337467496945,Product_097
2023-11-13,94.20342702796668,Product_097
2023-11-20,419.31112167331145,Product_097
2023-11-27,429.5100907026279,Product_097
2023-12-04,114.61818517634026,Product_097
2023-12-11,113.79015487381749,Product_097
2023-12-18,118.92814162955008,Product_097
2023-12-25,125.52286495013813,Product_097
2024-01-01,123.80873082518818,Product_097
2024-01-08,128.38061929823004,Product_097
2024-01-15,129.946156522259,Product_097
2024-01-22,131.70509808680444,Product_097
2024-01-29,131.56161292784805,Product_097
2024-02-05,135.7891116730882,Product_097
2024-02-12,141.37546445526124,Product_097
2024-02-19,143.90578680238144,Product_097
2024-02-26,140.46733514589988,Product_097
2024-03-04,154.8476165293707,Product_097
2024-03-11,151.89657583056209,Product_097
2024-03-18,148.826085521825,Product_097
2024-03-25,150.590354836727,Product_097
2024-04-01,154.11778580735918,Product_097
2024-04-08,155.77281927277687,Product_097
2024-04-15,158.93543112089444,Product_097
2024-04-22,159.5088924366038,Product_097
2024-04-29,158.86235579682668,Product_097
2024-05-06,310.4364781136021,Product_097
2024-05-13,156.730161594001,Product_097
2024-05-20,146.46040059758766,Product_097
2024-05-27,151.13599314163082,Product_097
2024-06-03,147.82080905267887,Product_097
2024-06-10,148.72009120388208,Product_097
2024-06-17,144.8970851635378,Product_097
2024-06-24,140.573795640647,Product_097
2024-07-01,134.1045690111381,Product_097
2024-07-08,133.68754515023886,Product_097
2024-07-15,135.95449290493963,Product_097
2024-07-22,132.92772993711444,Product_097
2024-07-29,126.30496012568355,Product_097
2024-08-05,125.20807895656901,Product_097
2024-08-12,127.574373194627,Product_097
2024-08-19,721.4298934685293,Product_097
2024-08-26,121.99614670954048,Product_097
2024-09-02,118.91997207468846,Product_097
2024-09-09,118.92843911724246,Product_097
2024-09-16,122.59349828597068,Product_097
2024-09-23,126.68210281915992,Product_097
2024-09-30,117.3578677134874,Product_097
2024-10-07,115.55462651730728,Product_097
2024-10-14,114.74402667706221,Product_097
2024-10-21,120.52643637067997,Product_097
2024-10-28,121.85049692756826,Product_097
2024-11-04,118.54280549262677,Product_097
2024-11-11,124.96027890940313,Product_097
2024-11-18,521.153869606548,Product_097
2024-11-25,533.3747516300838,Product_097
2024-12-02,133.70304717009577,Product_097
2024-12-09,137.77226857728013,Product_097
2024-12-16,142.88967141795268,Product_097
2024-12-23,147.38973925821224,Product_097
2024-12-30,154.19625819715648,Product_097
2023-01-02,97.6052831147139,Product_098
2023-01-09,97.16168632992844,Product_098
2023-01-16,98.51828892386592,Product_098
2023-01-23,102.49705029970455,Product_098
2023-01-30,108.57284052865309,Product_098
2023-02-06,105.23861680025415,Product_098
2023-02-13,107.70323874877957,Product_098
2023-02-20,115.27179861810299,Product_098
2023-02-27,117.07521845542225,Product_098
2023-03-06,122.31107602455575,Product_098
2023-03-13,120.91006642314335,Product_098
2023-03-20,125.66908634192397,Product_098
2023-03-27,134.22128870928688,Product_098
2023-04-03,126.3966179131516,Product_098
2023-04-10,120.96410101323082,Product_098
2023-04-17,123.36014369101527,Product_098
2023-04-24,121.73648654668588,Product_098
2023-05-01,126.66641894319443,Product_098
2023-05-08,120.88501674481074,Product_098
2023-05-15,123.31463554985656,Product_098
2023-05-22,236.4209199222524,Product_098
2023-05-29,119.90922971135404,Product_098
2023-06-05,121.34965442225683,Product_098
2023-06-12,120.38531465151888,Product_098
2023-06-19,112.1070690204574,Product_098
2023-06-26,110.87884132451246,Product_098
2023-07-03,105.91991719895466,Product_098
2023-07-10,103.21114800504115,Product_098
2023-07-17,102.88881043375015,Product_098
2023-07-24,106.69063565239547,Product_098
2023-07-31,4.877496595314154,Product_098
2023-08-07,93.07511838392097,Product_098
2023-08-14,99.27417502647145,Product_098
2023-08-21,89.80307753868946,Product_098
2023-08-28,86.55533165332508,Product_098
2023-09-04,93.15336315167436,Product_098
2023-09-11,85.61208918770059,Product_098
2023-09-18,86.69727661913807,Product_098
2023-09-25,87.87191011579733,Product_098
2023-10-02,93.52802853338576,Product_098
2023-10-09,88.29580739776983,Product_098
2023-10-16,87.40077307876832,Product_098
2023-10-23,91.11015610790727,Product_098
2023-10-30,95.11960969154359,Product_098
2023-11-06,97.41963454107496,Product_098
2023-11-13,100.49408606255602,Product_098
2023-11-20,382.01021843469266,Product_098
2023-11-27,410.9868275805613,Product_098
2023-12-04,104.71754768019393,Product_098
2023-12-11,117.6289739208715,Product_098
2023-12-18,107.74377572418864,Product_098
2023-12-25,113.55750244527273,Product_098
2024-01-01,129.1143130399365,Product_098
2024-01-08,124.06005402641698,Product_098
2024-01-15,127.60152628380419,Product_098
2024-01-22,134.19179604580927,Product_098
2024-01-29,132.2852460296158,Product_098
2024-02-05,139.11934645236346,Product_098
2024-02-12,146.66155514428095,Product_098
2024-02-19,143.92432599493014,Product_098
2024-02-26,149.76697571963393,Product_098
2024-03-04,146.03032045677304,Product_098
2024-03-11,154.78582936027675,Product_098
2024-03-18,158.52278690907468,Product_098
2024-03-25,150.06421820299033,Product_098
2024-04-01,153.35278028717343,Product_098
2024-04-08,153.41025620309264,Product_098
2024-04-15,154.3512880628195,Product_098
2024-04-22,149.07598620981187,Product_098
2024-04-29,150.95613273656357,Product_098
2024-05-06,307.38325738487873,Product_098
2024-05-13,149.53728477810546,Product_098
2024-05-20,156.9909683976334,Product_098
2024-05-27,143.96806771057624,Product_098
2024-06-03,144.689324014914,Product_098
2024-06-10,145.5737206779938,Product_098
2024-06-17,138.41829133558724,Product_098
2024-06-24,136.38300398855094,Product_098
2024-07-01,135.27947502376227,Product_098
2024-07-08,123.89881931899151,Product_098
2024-07-15,121.94210162247836,Product_098
2024-07-22,124.42375484158877,Product_098
2024-07-29,125.06686085234549,Product_098
2024-08-05,125.18135148900703,Product_098
2024-08-12,123.87827178167299,Product_098
2024-08-19,721.3448019934806,Product_098
2024-08-26,112.65388016610551,Product_098
2024-09-02,115.64932283408102,Product_098
2024-09-09,114.76323447223812,Product_098
2024-09-16,122.54928887452229,Product_098
2024-09-23,112.94696907714649,Product_098
2024-09-30,115.82933376855593,Product_098
2024-10-07,114.54151557660586,Product_098
2024-10-14,130.96897657856024,Product_098
2024-10-21,127.50336267491437,Product_098
2024-10-28,125.00595660449333,Product_098
2024-11-04,123.30913406645826,Product_098
2024-11-11,122.45485953656197,Product_098
2024-11-18,526.1456008231396,Product_098
2024-11-25,526.8997211690541,Product_098
2024-12-02,131.33587562758498,Product_098
2024-12-09,133.59681474616326,Product_098
2024-12-16,144.73291116333894,Product_098
2024-12-23,145.64059722207244,Product_098
2024-12-30,148.6692703453416,Product_098
2023-01-02,107.51591738582914,Product_099
2023-01-09,118.65486809508728,Product_099
2023-01-16,124.92562342163971,Product_099
2023-01-23,118.75453409213073,Product_099
2023-01-30,124.22745496965963,Product_099
2023-02-06,124.07159276440747,Product_099
2023-02-13,126.40637299490261,Product_099
2023-02-20,131.69262847028648,Product_099
2023-02-27,134.2305849039729,Product_099
2023-03-06,144.257463443164,Product_099
2023-03-13,143.6677517909825,Product_099
2023-03-20,138.6247194931692,Product_099
2023-03-27,143.94432101546312,Product_099
2023-04-03,134.6738591098086,Product_099
2023-04-10,135.54952815233096,Product_099
2023-04-17,129.1763760346076,Product_099
2023-04-24,144.4029355099473,Product_099
2023-05-01,142.77999355935185,Product_099
2023-05-08,136.2231811991804,Product_099
2023-05-15,134.44113166564213,Product_099
2023-05-22,262.1236622120244,Product_099
2023-05-29,132.24575361898388,Product_099
2023-06-05,133.33390799173148,Product_099
2023-06-12,129.8184920189131,Product_099
2023-06-19,124.99947249096181,Product_099
2023-06-26,124.88311894706675,Product_099
2023-07-03,121.73759000705181,Product_099
2023-07-10,116.39902022667707,Product_099
2023-07-17,113.30404151617756,Product_099
2023-07-24,111.96821548026178,Product_099
2023-07-31,5.61836080277588,Product_099
2023-08-07,107.06641903913756,Product_099
2023-08-14,106.27420872216892,Product_099
2023-08-21,103.84767470405156,Product_099
2023-08-28,109.96003575538427,Product_099
2023-09-04,96.08053541487196,Product_099
2023-09-11,108.48089256285184,Product_099
2023-09-18,97.77061320663776,Product_099
2023-09-25,93.58427593365806,Product_099
2023-10-02,96.91448933726025,Product_099
2023-10-09,97.76162231612,Product_099
2023-10-16,104.28046058246146,Product_099
2023-10-23,106.19662141575498,Product_099
2023-10-30,97.65492897703372,Product_099
2023-11-06,106.13024543895163,Product_099
2023-11-13,115.05633188809931,Product_099
2023-11-20,461.6053475507824,Product_099
2023-11-27,444.38683794400595,Product_099
2023-12-04,114.55320296889953,Product_099
2023-12-11,128.99495678141815,Product_099
2023-12-18,118.35485794720918,Product_099
2023-12-25,129.04659312303647,Product_099
2024-01-01,126.67527235218253,Product_099
2024-01-08,134.44483080220098,Product_099
2024-01-15,134.20015321036277,Product_099
2024-01-22,141.01182765639967,Product_099
2024-01-29,147.11124780593468,Product_099
2024-02-05,149.18078438401852,Product_099
2024-02-12,146.40034451561215,Product_099
2024-02-19,152.83365676699847,Product_099
2024-02-26,154.82193146786022,Product_099
2024-03-04,153.79165673405507,Product_099
2024-03-11,158.57389679073842,Product_099
2024-03-18,160.377561339708,Product_099
2024-03-25,161.56203944521818,Product_099
2024-04-01,153.41952364970092,Product_099
2024-04-08,162.6964082139747,Product_099
2024-04-15,156.63352486995817,Product_099
2024-04-22,162.02266296920044,Product_099
2024-04-29,154.36319462978395,Product_099
2024-05-06,322.8295035805194,Product_099
2024-05-13,160.11083734058843,Product_099
2024-05-20,152.1943602976801,Product_099
2024-05-27,154.36151890085407,Product_099
2024-06-03,150.5247710922874,Product_099
2024-06-10,153.37304413754921,Product_099
2024-06-17,140.30330455789866,Product_099
2024-06-24,143.1724379431844,Product_099
2024-07-01,143.22403558409368,Product_099
2024-07-08,138.521632234755,Product_099
2024-07-15,138.48758088613437,Product_099
2024-07-22,127.17523084616525,Product_099
2024-07-29,125.95096172821837,Product_099
2024-08-05,127.27724977417566,Product_099
2024-08-12,132.51246599526766,Product_099
2024-08-19,722.1281545464442,Product_099
2024-08-26,120.97287338401449,Product_099
2024-09-02,127.90134954770471,Product_099
2024-09-09,114.73885360860322,Product_099
2024-09-16,113.63009388196966,Product_099
2024-09-23,118.57549317504053,Product_099
2024-09-30,117.92834596770727,Product_099
2024-10-07,119.1307506799297,Product_099
2024-10-14,116.12335263537254,Product_099
2024-10-21,124.88672055144907,Product_099
2024-10-28,123.57445628105042,Product_099
2024-11-04,127.52402562192783,Product_099
2024-11-11,133.65476064100415,Product_099
2024-11-18,527.5431808360219,Product_099
2024-11-25,535.8215956723006,Product_099
2024-12-02,135.69079536186808,Product_099
2024-12-09,142.318724095463,Product_099
2024-12-16,144.7786190542827,Product_099
2024-12-23,147.88932058329826,Product_099
2024-12-30,155.0398124769416,Product_099
2023-01-02,82.47567118191981,Product_100
2023-01-09,85.76597935061359,Product_100
2023-01-16,89.25254412181044,Product_100
2023-01-23,97.99763214232155,Product_100
2023-01-30,100.50315076193084,Product_100
2023-02-06,103.74107568384271,Product_100
2023-02-13,106.13289451076223,Product_100
2023-02-20,103.85727388296704,Product_100
2023-02-27,113.65254625527314,Product_100
2023-03-06,109.9689078724186,Product_100
2023-03-13,108.2299745493839,Product_100
2023-03-20,112.81665704580567,Product_100
2023-03-27,113.10351186226367,Product_100
2023-04-03,114.88755870180759,Product_100
2023-04-10,117.13422140233433,Product_100
2023-04-17,112.59421622632232,Product_100
2023-04-24,117.9654536708336,Product_100
2023-05-01,116.49091115000903,Product_100
2023-05-08,114.5683159218166,Product_100
2023-05-15,111.50345971572169,Product_100
2023-05-22,216.96930345335517,Product_100
2023-05-29,108.24805843550436,Product_100
2023-06-05,111.80118672223053,Product_100
2023-06-12,103.37253465475632,Product_100
2023-06-19,101.68100765652159,Product_100
2023-06-26,108.47196161026397,Product_100
2023-07-03,93.70120048961257,Product_100
2023-07-10,97.0368339454589,Product_100
2023-07-17,93.29309560940705,Product_100
2023-07-24,90.65984839052324,Product_100
2023-07-31,4.757955589702155,Product_100
2023-08-07,89.12343899986803,Product_100
2023-08-14,85.07291942147886,Product_100
2023-08-21,91.246837856998,Product_100
2023-08-28,87.69816485054793,Product_100
2023-09-04,85.99621474266085,Product_100
2023-09-11,81.22095112160412,Product_100
2023-09-18,75.77188758832526,Product_100
2023-09-25,82.28179200378693,Product_100
2023-10-02,86.96098780725782,Product_100
2023-10-09,79.15421111820909,Product_100
2023-10-16,89.10882263522505,Product_100
2023-10-23,96.9956882781521,Product_100
2023-10-30,80.50087542490434,Product_100
2023-11-06,86.0713929674989,Product_100
2023-11-13,95.65185119304054,Product_100
2023-11-20,375.1784467372007,Product_100
2023-11-27,385.5907159872524,Product_100
2023-12-04,99.77036441581939,Product_100
2023-12-11,104.085875994116,Product_100
2023-12-18,113.97986047823375,Product_100
2023-12-25,116.06053485055159,Product_100
2024-01-01,114.27776225986416,Product_100
2024-01-08,120.76644509912607,Product_100
2024-01-15,120.2009431823984,Product_100
2024-01-22,126.6559828512303,Product_100
2024-01-29,134.00225160027307,Product_100
2024-02-05,140.22007297232187,Product_100
2024-02-12,136.2566003293429,Product_100
2024-02-19,144.47821297422317,Product_100
2024-02-26,138.76215072895664,Product_100
2024-03-04,144.40763697166915,Product_100
2024-03-11,142.47971583640296,Product_100
2024-03-18,146.33087473135853,Product_100
2024-03-25,145.39874990233125,Product_100
2024-04-01,144.05933708211106,Product_100
2024-04-08,150.73108014402368,Product_100
2024-04-15,150.1559628907015,Product_100
2024-04-22,149.67973016295647,Product_100
2024-04-29,154.94826369177335,Product_100
2024-05-06,306.54416239067444,Product_100
2024-05-13,148.6082293079023,Product_100
2024-05-20,143.52947077081745,Product_100
2024-05-27,142.71327149951418,Product_100
2024-06-03,138.16851935576062,Product_100
2024-06-10,140.9511147323335,Product_100
2024-06-17,137.61221555362337,Product_100
2024-06-24,131.18738070610556,Product_100
2024-07-01,126.64244586972373,Product_100
2024-07-08,127.74635223776231,Product_100
2024-07-15,130.20270414365905,Product_100
2024-07-22,123.63607994510407,Product_100
2024-07-29,126.9863102156423,Product_100
2024-08-05,122.65069041444472,Product_100
2024-08-12,123.33781540538418,Product_100
2024-08-19,724.575026614855,Product_100
2024-08-26,129.0684572244554,Product_100
2024-09-02,122.14938830331992,Product_100
2024-09-09,116.67851868427559,Product_100
2024-09-16,108.75412340033591,Product_100
2024-09-23,116.8793853820404,Product_100
2024-09-30,119.36210494435325,Product_100
2024-10-07,116.8353505155028,Product_100
2024-10-14,117.5104939968554,Product_100
2024-10-21,117.19303791571393,Product_100
2024-10-28,120.85956780867956,Product_100
2024-11-04,126.41235158603257,Product_100
2024-11-11,130.14060555220016,Product_100
2024-11-18,503.8042715422948,Product_100
2024-11-25,532.4328876197341,Product_100
2024-12-02,134.49779107797525,Product_100
2024-12-09,143.70725482538887,Product_100
2024-12-16,141.06347569472004,Product_100
2024-12-23,145.27679187777514,Product_100
2024-12-30,150.71042626365406,Product_100
